{"playlist":{"subscribers":[],"subscribed":false,"creator":{"defaultAvatar":false,"province":110000,"authStatus":1,"followed":false,"avatarUrl":"http://p1.music.126.net/QWMV-Ru_6149AKe0mCBXKg==/1420569024374784.jpg","accountStatus":0,"gender":1,"city":110101,"birthday":-2209017600000,"userId":1,"userType":2,"nickname":"网易云音乐","signature":"欢迎使用网易云音乐，有任何问题可以联系@云音乐客服， 我们会尽快答复。有关独立音乐人和独立厂牌请站内私信@原创君，DJ入驻联系邮箱： yunmusic@163.com","description":"网易云音乐官方账号","detailDescription":"网易云音乐官方账号","avatarImgId":1420569024374784,"backgroundImgId":2002210674180202,"backgroundUrl":"http://p1.music.126.net/pmHS4fcQtcNEGewNb5HRhg==/2002210674180202.jpg","authority":3,"mutual":false,"expertTags":null,"experts":null,"djStatus":10,"vipType":11,"remarkName":null,"avatarImgIdStr":"1420569024374784","backgroundImgIdStr":"2002210674180202"},"tracks":[{"name":"不染","id":536099160,"pst":0,"t":0,"ar":[{"id":12138269,"name":"毛不易","tns":[],"alias":[]}],"alia":["电视剧《香蜜沉沉烬如霜》主题曲"],"pop":100.0,"st":0,"rt":null,"fee":8,"v":105,"crbt":null,"cf":"","al":{"id":37548020,"name":"香蜜沉沉烬如霜 电视原声音乐专辑","picUrl":"http://p1.music.126.net/gEia-o05FSas8uJos54Sug==/109951163456726954.jpg","tns":[],"pic_str":"109951163456726954","pic":109951163456726954},"dt":325844,"h":{"br":320000,"fid":0,"size":13036191,"vd":-1.0},"m":{"br":192000,"fid":0,"size":7821732,"vd":-1.0},"l":{"br":128000,"fid":0,"size":5214502,"vd":-1.0},"a":null,"cd":"","no":1,"rtUrl":null,"ftype":0,"rtUrls":[],"djId":0,"copyright":2,"s_id":0,"rtype":0,"rurl":null,"mst":9,"cp":753018,"mv":5841026,"publishTime":1534089600007},{"name":"都是小事儿 (live)","id":1311346362,"pst":0,"t":0,"ar":[{"id":1203045,"name":"艾热","tns":[],"alias":[]}],"alia":[],"pop":0.0,"st":0,"rt":null,"fee":0,"v":19,"crbt":null,"cf":"","al":{"id":73471726,"name":"中国新说唱 第11期","picUrl":"http://p1.music.126.net/tCYU129ppfsdJ74Z4qdRNg==/109951163562341847.jpg","tns":[],"pic_str":"109951163562341847","pic":109951163562341847},"dt":133538,"h":{"br":320000,"fid":0,"size":5344697,"vd":-3.0},"m":{"br":192000,"fid":0,"size":3206835,"vd":-3.0},"l":{"br":128000,"fid":0,"size":2137905,"vd":-3.0},"a":null,"cd":"","no":4,"rtUrl":null,"ftype":0,"rtUrls":[],"djId":0,"copyright":2,"s_id":0,"rtype":0,"rurl":null,"mst":9,"cp":1376818,"mv":0,"publishTime":1537545600007},{"name":"盗将行","id":574566207,"pst":0,"t":0,"ar":[{"id":8103,"name":"花粥","tns":[],"alias":[]},{"id":826336,"name":"马雨阳","tns":[],"alias":[]}],"alia":[],"pop":100.0,"st":0,"rt":null,"fee":8,"v":8,"crbt":null,"cf":"","al":{"id":39752444,"name":"粥请客（二）","picUrl":"http://p1.music.126.net/-qHPT3rhxDlu5zQV9NcQ-A==/109951163555860423.jpg","tns":[],"pic_str":"109951163555860423","pic":109951163555860423},"dt":198126,"h":{"br":320000,"fid":0,"size":7927685,"vd":-2.0},"m":{"br":192000,"fid":0,"size":4756628,"vd":-2.0},"l":{"br":128000,"fid":0,"size":3171100,"vd":-2.0},"a":null,"cd":"","no":1,"rtUrl":null,"ftype":0,"rtUrls":[],"djId":0,"copyright":0,"s_id":0,"rtype":0,"rurl":null,"mst":9,"cp":0,"mv":0,"publishTime":1529366400000},{"name":"年少有为","id":1293886117,"pst":0,"t":0,"ar":[{"id":4292,"name":"李荣浩","tns":[],"alias":[]}],"alia":[],"pop":100.0,"st":0,"rt":null,"fee":8,"v":3,"crbt":null,"cf":"","al":{"id":71850761,"name":"年少有为","picUrl":"http://p1.music.126.net/utWPyVnxP7KZfDCi2HGQlA==/109951163408006996.jpg","tns":[],"pic_str":"109951163408006996","pic":109951163408006996},"dt":279353,"h":{"br":320000,"fid":0,"size":11175227,"vd":0.0},"m":{"br":192000,"fid":0,"size":6705154,"vd":0.0},"l":{"br":128000,"fid":0,"size":4470117,"vd":0.0},"a":null,"cd":"1","no":1,"rtUrl":null,"ftype":0,"rtUrls":[],"djId":0,"copyright":1,"s_id":0,"rtype":0,"rurl":null,"mst":9,"cp":7002,"mv":5965802,"publishTime":1531929600007},{"name":"家走 (live)","id":1311346364,"pst":0,"t":0,"ar":[{"id":1203045,"name":"艾热","tns":[],"alias":[]}],"alia":[],"pop":0.0,"st":0,"rt":null,"fee":0,"v":19,"crbt":null,"cf":"","al":{"id":73471726,"name":"中国新说唱 第11期","picUrl":"http://p1.music.126.net/tCYU129ppfsdJ74Z4qdRNg==/109951163562341847.jpg","tns":[],"pic_str":"109951163562341847","pic":109951163562341847},"dt":152149,"h":{"br":320000,"fid":0,"size":6088664,"vd":-2.0},"m":{"br":192000,"fid":0,"size":3653216,"vd":-2.0},"l":{"br":128000,"fid":0,"size":2435492,"vd":-2.0},"a":null,"cd":"","no":10,"rtUrl":null,"ftype":0,"rtUrls":[],"djId":0,"copyright":2,"s_id":0,"rtype":0,"rurl":null,"mst":9,"cp":1376818,"mv":0,"publishTime":1537545600007},{"name":"张家明和婉君","id":1309866644,"pst":0,"t":0,"ar":[{"id":4292,"name":"李荣浩","tns":[],"alias":[]}],"alia":[],"pop":100.0,"st":0,"rt":null,"fee":8,"v":1,"crbt":null,"cf":"","al":{"id":73322156,"name":"张家明和婉君","picUrl":"http://p1.music.126.net/NuE1b0VVV88Oij0O7LRJNw==/109951163549407612.jpg","tns":[],"pic_str":"109951163549407612","pic":109951163549407612},"dt":246778,"h":{"br":320000,"fid":0,"size":9872240,"vd":0.0},"m":{"br":192000,"fid":0,"size":5923361,"vd":0.0},"l":{"br":128000,"fid":0,"size":3948922,"vd":0.0},"a":null,"cd":"1","no":1,"rtUrl":null,"ftype":0,"rtUrls":[],"djId":0,"copyright":1,"s_id":0,"rtype":0,"rurl":null,"mst":9,"cp":7002,"mv":0,"publishTime":1537113600007},{"name":"可不可以","id":553755659,"pst":0,"t":0,"ar":[{"id":13906123,"name":"张紫豪","tns":[],"alias":[]}],"alia":[],"pop":100.0,"st":0,"rt":null,"fee":8,"v":17,"crbt":null,"cf":"","al":{"id":38385235,"name":"可不可以","picUrl":"http://p1.music.126.net/WafK2OQfEtqXitdDXJ772Q==/109951163252847249.jpg","tns":[],"pic_str":"109951163252847249","pic":109951163252847249},"dt":240889,"h":{"br":320000,"fid":0,"size":9638182,"vd":-3.0},"m":{"br":192000,"fid":0,"size":5782927,"vd":-2.0},"l":{"br":128000,"fid":0,"size":3855299,"vd":-2.0},"a":null,"cd":"","no":1,"rtUrl":null,"ftype":0,"rtUrls":[],"djId":0,"copyright":2,"s_id":0,"rtype":0,"rurl":null,"mst":9,"cp":687012,"mv":0,"publishTime":1535644800007},{"name":"受够了 (live)","id":1311345342,"pst":0,"t":0,"ar":[{"id":1203045,"name":"艾热","tns":[],"alias":[]}],"alia":[],"pop":0.0,"st":0,"rt":null,"fee":0,"v":19,"crbt":null,"cf":"","al":{"id":73471726,"name":"中国新说唱 第11期","picUrl":"http://p1.music.126.net/tCYU129ppfsdJ74Z4qdRNg==/109951163562341847.jpg","tns":[],"pic_str":"109951163562341847","pic":109951163562341847},"dt":121873,"h":{"br":320000,"fid":0,"size":4877627,"vd":-3.0},"m":{"br":192000,"fid":0,"size":2926594,"vd":-3.0},"l":{"br":128000,"fid":0,"size":1951077,"vd":-3.0},"a":null,"cd":"","no":8,"rtUrl":null,"ftype":0,"rtUrls":[],"djId":0,"copyright":2,"s_id":0,"rtype":0,"rurl":null,"mst":9,"cp":1376818,"mv":0,"publishTime":1537545600007},{"name":"全世界陪我失眠","id":1306507727,"pst":0,"t":0,"ar":[{"id":5538,"name":"汪苏泷","tns":[],"alias":[]}],"alia":[],"pop":100.0,"st":0,"rt":null,"fee":8,"v":8,"crbt":null,"cf":"","al":{"id":72797059,"name":"克制凶猛","picUrl":"http://p1.music.126.net/IYSj8IlPo9pOctBVe78UJQ==/109951163548944126.jpg","tns":[],"pic_str":"109951163548944126","pic":109951163548944126},"dt":238105,"h":{"br":320000,"fid":0,"size":9526378,"vd":0.0},"m":{"br":192000,"fid":0,"size":5715844,"vd":0.0},"l":{"br":128000,"fid":0,"size":3810577,"vd":0.0},"a":null,"cd":"","no":6,"rtUrl":null,"ftype":0,"rtUrls":[],"djId":0,"copyright":0,"s_id":0,"rtype":0,"rurl":null,"mst":9,"cp":729013,"mv":0,"publishTime":1536249600007},{"name":"你的前男友","id":1298219148,"pst":0,"t":0,"ar":[{"id":12256364,"name":"Young 7","tns":[],"alias":[]}],"alia":[],"pop":100.0,"st":0,"rt":null,"fee":8,"v":50,"crbt":null,"cf":"","al":{"id":72060222,"name":"你的前男友","picUrl":"http://p1.music.126.net/-Zb4UsP9p9a8zYwRQjsT1Q==/109951163548175284.jpg","tns":[],"pic_str":"109951163548175284","pic":109951163548175284},"dt":176848,"h":{"br":320000,"fid":0,"size":7076093,"vd":0.0},"m":{"br":192000,"fid":0,"size":4245673,"vd":0.0},"l":{"br":128000,"fid":0,"size":2830463,"vd":0.0},"a":null,"cd":"","no":1,"rtUrl":null,"ftype":0,"rtUrls":[],"djId":0,"copyright":0,"s_id":0,"rtype":0,"rurl":null,"mst":9,"cp":516010,"mv":0,"publishTime":1537113600007},{"name":"失眠记忆","id":1309903520,"pst":0,"t":0,"ar":[{"id":1132749,"name":"Shang","tns":[],"alias":[]}],"alia":[],"pop":100.0,"st":0,"rt":null,"fee":8,"v":1,"crbt":null,"cf":"","al":{"id":72796273,"name":"失眠记忆","picUrl":"http://p1.music.126.net/yIxPVCp_TbS1kIyPj5JFZQ==/109951163556616283.jpg","tns":[],"pic_str":"109951163556616283","pic":109951163556616283},"dt":250475,"h":{"br":320000,"fid":0,"size":10021660,"vd":0.0},"m":{"br":192000,"fid":0,"size":6013013,"vd":0.0},"l":{"br":128000,"fid":0,"size":4008690,"vd":0.0},"a":null,"cd":"","no":0,"rtUrl":null,"ftype":0,"rtUrls":[],"djId":0,"copyright":0,"s_id":0,"rtype":0,"rurl":null,"mst":9,"cp":530019,"mv":0,"publishTime":1537286400007},{"name":"SEE NO EVIL","id":1311319238,"pst":0,"t":0,"ar":[{"id":1008034,"name":"鬼卞","tns":[],"alias":[]}],"alia":[],"pop":100.0,"st":0,"rt":null,"fee":8,"v":1,"crbt":null,"cf":"","al":{"id":73467670,"name":"SEE NO EVIL","picUrl":"http://p1.music.126.net/wOX70wbFWulfnMjZQdEKSw==/109951163560560500.jpg","tns":[],"pic_str":"109951163560560500","pic":109951163560560500},"dt":208000,"h":{"br":320000,"fid":0,"size":8322656,"vd":-2.0},"m":{"br":192000,"fid":0,"size":4993611,"vd":-2.0},"l":{"br":128000,"fid":0,"size":3329088,"vd":-1.0},"a":null,"cd":"","no":0,"rtUrl":null,"ftype":0,"rtUrls":[],"djId":0,"copyright":0,"s_id":0,"rtype":0,"rurl":null,"mst":9,"cp":0,"mv":0,"publishTime":1537545600007},{"name":"Way Back Home","id":863046037,"pst":0,"t":0,"ar":[{"id":1150188,"name":"SHAUN","tns":[],"alias":[]}],"alia":[],"pop":100.0,"st":0,"rt":null,"fee":8,"v":2,"crbt":null,"cf":"","al":{"id":71679862,"name":"Take","picUrl":"http://p1.music.126.net/MAkLvm2p9LE0mWLEr2NkMA==/109951163378634466.jpg","tns":[],"pic_str":"109951163378634466","pic":109951163378634466},"dt":214177,"h":{"br":320000,"fid":0,"size":8568207,"vd":-2.0},"m":{"br":192000,"fid":0,"size":5140942,"vd":-2.0},"l":{"br":128000,"fid":0,"size":3427309,"vd":-1.0},"a":null,"cd":"1","no":1,"rtUrl":null,"ftype":0,"rtUrls":[],"djId":0,"copyright":1,"s_id":0,"rtype":0,"rurl":null,"mst":9,"cp":7002,"mv":10779262,"publishTime":1530028800007},{"name":"去年夏天","id":557581476,"pst":0,"t":0,"ar":[{"id":13128032,"name":"王大毛","tns":[],"alias":[]}],"alia":[],"pop":100.0,"st":0,"rt":null,"fee":8,"v":4,"crbt":null,"cf":"","al":{"id":38594184,"name":"去年夏天","picUrl":"http://p1.music.126.net/5M7Qvv32HaFmMrLN8uehuA==/109951163293243877.jpg","tns":[],"pic_str":"109951163293243877","pic":109951163293243877},"dt":245026,"h":{"br":320000,"fid":0,"size":9803276,"vd":0.0},"m":{"br":192000,"fid":0,"size":5881983,"vd":0.0},"l":{"br":128000,"fid":0,"size":3921337,"vd":0.0},"a":null,"cd":"","no":1,"rtUrl":null,"ftype":0,"rtUrls":[],"djId":0,"copyright":0,"s_id":0,"rtype":0,"rurl":null,"mst":9,"cp":22023,"mv":0,"publishTime":1525795200007},{"name":"流浪","id":863489830,"pst":0,"t":0,"ar":[{"id":12288707,"name":"MC半阳","tns":[],"alias":[]}],"alia":[],"pop":30.0,"st":0,"rt":null,"fee":8,"v":10,"crbt":null,"cf":"","al":{"id":71723862,"name":"流浪","picUrl":"http://p1.music.126.net/TVcuH5xcu23hc4-GBTp5Iw==/109951163560980668.jpg","tns":[],"pic_str":"109951163560980668","pic":109951163560980668},"dt":219062,"h":{"br":320000,"fid":0,"size":8764648,"vd":-1.0},"m":{"br":192000,"fid":0,"size":5258806,"vd":-1.0},"l":{"br":128000,"fid":0,"size":3505885,"vd":-1.0},"a":null,"cd":"","no":1,"rtUrl":null,"ftype":0,"rtUrls":[],"djId":0,"copyright":2,"s_id":0,"rtype":0,"rurl":null,"mst":9,"cp":722019,"mv":0,"publishTime":1536163200007},{"name":"慢慢喜欢你","id":541687281,"pst":0,"t":0,"ar":[{"id":8926,"name":"莫文蔚","tns":[],"alias":[]}],"alia":[],"pop":100.0,"st":0,"rt":null,"fee":8,"v":112,"crbt":null,"cf":"","al":{"id":39355990,"name":"我们在中场相遇","picUrl":"http://p1.music.126.net/21l0Cy8SO6ycY_eZT-6vVw==/109951163386949943.jpg","tns":[],"pic_str":"109951163386949943","pic":109951163386949943},"dt":221447,"h":{"br":320000,"fid":0,"size":8860778,"vd":-2.0},"m":{"br":192000,"fid":0,"size":5316484,"vd":-1.0},"l":{"br":128000,"fid":0,"size":3544337,"vd":-1.0},"a":null,"cd":"1","no":9,"rtUrl":null,"ftype":0,"rtUrls":[],"djId":0,"copyright":2,"s_id":0,"rtype":0,"rurl":null,"mst":9,"cp":7001,"mv":0,"publishTime":1528300800007},{"name":"星球坠落 (Live)","id":1296583188,"pst":0,"t":0,"ar":[{"id":1203045,"name":"艾热","tns":[],"alias":[]},{"id":12079219,"name":"李佳隆","tns":[],"alias":[]}],"alia":[],"pop":100.0,"st":0,"rt":null,"fee":0,"v":62,"crbt":null,"cf":"","al":{"id":71852210,"name":"中国新说唱 第3期","picUrl":"http://p1.music.126.net/4k-pMEO-en8IE6PdJoAYfg==/109951163429466895.jpg","tns":[],"pic_str":"109951163429466895","pic":109951163429466895},"dt":169033,"h":{"br":320000,"fid":0,"size":6763668,"vd":-2.0},"m":{"br":192000,"fid":0,"size":4058218,"vd":-2.0},"l":{"br":128000,"fid":0,"size":2705493,"vd":-1.0},"a":null,"cd":"","no":6,"rtUrl":null,"ftype":0,"rtUrls":[],"djId":0,"copyright":2,"s_id":0,"rtype":0,"rurl":null,"mst":9,"cp":1376818,"mv":0,"publishTime":1532707200007},{"name":"Burn Out","id":1308819693,"pst":0,"t":0,"ar":[{"id":780003,"name":"Martin Garrix","tns":[],"alias":[]},{"id":12082294,"name":"Justin Mylo","tns":[],"alias":[]},{"id":14043443,"name":"Dewain Whitmore","tns":[],"alias":[]}],"alia":[],"pop":100.0,"st":0,"rt":null,"fee":8,"v":10,"crbt":null,"cf":"","al":{"id":72795071,"name":"Burn Out","picUrl":"http://p1.music.126.net/QnD4V_-E9IERgZamBMVF9g==/109951163548748304.jpg","tns":[],"pic_str":"109951163548748304","pic":109951163548748304},"dt":200385,"h":{"br":320000,"fid":0,"size":8015456,"vd":-1.0},"m":{"br":192000,"fid":0,"size":4809291,"vd":-1.0},"l":{"br":128000,"fid":0,"size":3206208,"vd":-1.0},"a":null,"cd":"1","no":1,"rtUrl":null,"ftype":0,"rtUrls":[],"djId":0,"copyright":0,"s_id":0,"rtype":0,"rurl":null,"mst":9,"cp":7001,"mv":10780351,"publishTime":1536883200000},{"name":"孩子","id":1311347329,"pst":0,"t":0,"ar":[{"id":1038367,"name":"HAO付豪","tns":[],"alias":[]}],"alia":[],"pop":100.0,"st":0,"rt":null,"fee":0,"v":1,"crbt":null,"cf":"","al":{"id":73472719,"name":"孩子","picUrl":"http://p1.music.126.net/kQ6e3wxXfAyNpNuh4AMhOA==/109951163561156313.jpg","tns":[],"pic_str":"109951163561156313","pic":109951163561156313},"dt":300978,"h":{"br":320000,"fid":0,"size":12041448,"vd":0.0},"m":{"br":192000,"fid":0,"size":7224886,"vd":0.0},"l":{"br":128000,"fid":0,"size":4816605,"vd":0.0},"a":null,"cd":"","no":0,"rtUrl":null,"ftype":0,"rtUrls":[],"djId":0,"copyright":0,"s_id":0,"rtype":0,"rurl":null,"mst":9,"cp":0,"mv":0,"publishTime":1537545600007},{"name":"卡路里","id":1294924781,"pst":0,"t":0,"ar":[{"id":27693474,"name":"火箭少女101","tns":[],"alias":[]}],"alia":["电影《西虹市首富》插曲"],"pop":100.0,"st":0,"rt":null,"fee":0,"v":4,"crbt":null,"cf":"","al":{"id":71857059,"name":"卡路里","picUrl":"http://p1.music.126.net/fcmIRLdxD1ngZABV9N5maA==/109951163425833838.jpg","tns":[],"pic_str":"109951163425833838","pic":109951163425833838},"dt":232048,"h":{"br":320000,"fid":0,"size":9285007,"vd":-2.0},"m":{"br":192000,"fid":0,"size":5571022,"vd":-2.0},"l":{"br":128000,"fid":0,"size":3714029,"vd":-2.0},"a":null,"cd":"","no":1,"rtUrl":null,"ftype":0,"rtUrls":[],"djId":0,"copyright":0,"s_id":0,"rtype":0,"rurl":null,"mst":9,"cp":434020,"mv":5965036,"publishTime":1532534400007},{"name":"Made It","id":1309814826,"pst":0,"t":0,"ar":[{"id":1083118,"name":"王嘉尔","tns":[],"alias":[]}],"alia":[],"pop":100.0,"st":0,"rt":null,"fee":8,"v":8,"crbt":null,"cf":"","al":{"id":73257170,"name":"Present : YOU","picUrl":"http://p1.music.126.net/BKsyba-0DceSOBvfiB8Q5g==/109951163555297220.jpg","tns":[],"pic_str":"109951163555297220","pic":109951163555297220},"dt":156485,"h":{"br":320000,"fid":0,"size":6262117,"vd":-5.0},"m":{"br":192000,"fid":0,"size":3757288,"vd":-5.0},"l":{"br":128000,"fid":0,"size":2504873,"vd":-4.0},"a":null,"cd":"1","no":8,"rtUrl":null,"ftype":0,"rtUrls":[],"djId":0,"copyright":0,"s_id":0,"rtype":0,"rurl":null,"mst":9,"cp":372011,"mv":10777221,"publishTime":1537113600000},{"name":"买条街","id":573843002,"pst":0,"t":0,"ar":[{"id":12782871,"name":"$唐老师","tns":[],"alias":[]},{"id":13527275,"name":"Wya乌鸦","tns":[],"alias":[]}],"alia":[],"pop":100.0,"st":0,"rt":null,"fee":8,"v":12,"crbt":null,"cf":"","al":{"id":39686683,"name":"买条街","picUrl":"http://p1.music.126.net/uv2TrxMzJb5dJdV7eYdBZg==/109951163360056941.jpg","tns":[],"pic_str":"109951163360056941","pic":109951163360056941},"dt":185806,"h":{"br":320000,"fid":0,"size":7434493,"vd":0.0},"m":{"br":192000,"fid":0,"size":4460713,"vd":0.0},"l":{"br":128000,"fid":0,"size":2973823,"vd":0.0},"a":null,"cd":"","no":1,"rtUrl":null,"ftype":0,"rtUrls":[],"djId":0,"copyright":0,"s_id":0,"rtype":0,"rurl":null,"mst":9,"cp":1382818,"mv":0,"publishTime":1536076800007},{"name":"再见青春","id":1309394162,"pst":0,"t":0,"ar":[{"id":1054159,"name":"任素汐","tns":[],"alias":[]}],"alia":["电影《悲伤逆流成河》插曲"],"pop":100.0,"st":0,"rt":null,"fee":0,"v":11,"crbt":null,"cf":"","al":{"id":73256760,"name":"再见青春","picUrl":"http://p1.music.126.net/VfL1yDDtIL-GCH_Zt4a9NQ==/109951163547493452.jpg","tns":[],"pic_str":"109951163547493452","pic":109951163547493452},"dt":281305,"h":{"br":320000,"fid":0,"size":11254640,"vd":0.0},"m":{"br":192000,"fid":0,"size":6752801,"vd":0.0},"l":{"br":128000,"fid":0,"size":4501882,"vd":0.0},"a":null,"cd":"1","no":1,"rtUrl":null,"ftype":0,"rtUrls":[],"djId":0,"copyright":0,"s_id":0,"rtype":0,"rurl":null,"mst":9,"cp":422032,"mv":10787040,"publishTime":1536768000000},{"name":"Unicorn","id":1297486087,"pst":0,"t":0,"ar":[{"id":12493781,"name":"Lil Ghost小鬼","tns":[],"alias":[]}],"alia":[],"pop":100.0,"st":0,"rt":null,"fee":8,"v":2,"crbt":null,"cf":"","al":{"id":72053635,"name":"Unicorn","picUrl":"http://p1.music.126.net/76Jy_x0UMBtaq6RuNv7VVA==/109951163434384128.jpg","tns":[],"pic_str":"109951163434384128","pic":109951163434384128},"dt":206896,"h":{"br":320000,"fid":0,"size":8278770,"vd":0.0},"m":{"br":192000,"fid":0,"size":4967280,"vd":0.0},"l":{"br":128000,"fid":0,"size":3311534,"vd":0.0},"a":null,"cd":"","no":1,"rtUrl":null,"ftype":0,"rtUrls":[],"djId":0,"copyright":2,"s_id":0,"rtype":0,"rurl":null,"mst":9,"cp":1380821,"mv":0,"publishTime":1532966400007},{"name":"you should see me in a crown","id":1294817453,"pst":0,"t":0,"ar":[{"id":11972054,"name":"Billie Eilish","tns":[],"alias":[]}],"alia":[],"pop":100.0,"st":0,"rt":null,"fee":8,"v":2,"crbt":null,"cf":"","al":{"id":71879932,"name":"you should see me in a crown","picUrl":"http://p1.music.126.net/k393DaxfxgKOT0aYWZZ6PQ==/109951163414141375.jpg","tns":[],"pic_str":"109951163414141375","pic":109951163414141375},"dt":180610,"h":{"br":320000,"fid":0,"size":7225513,"vd":-1.0},"m":{"br":192000,"fid":0,"size":4335325,"vd":0.0},"l":{"br":128000,"fid":0,"size":2890231,"vd":0.0},"a":null,"cd":"1","no":1,"rtUrl":null,"ftype":0,"rtUrls":[],"djId":0,"copyright":1,"s_id":0,"rtype":0,"rurl":null,"mst":9,"cp":7003,"mv":0,"publishTime":1532016000007},{"name":"Ocean of Dreams","id":1311132031,"pst":0,"t":0,"ar":[{"id":12120150,"name":"朱星杰","tns":[],"alias":[]}],"alia":[],"pop":100.0,"st":0,"rt":null,"fee":8,"v":3,"crbt":null,"cf":"","al":{"id":73438631,"name":"仲夏夜","picUrl":"http://p1.music.126.net/jtjLKnUIP5aMnms7VQKJBQ==/109951163557959799.jpg","tns":[],"pic_str":"109951163557959799","pic":109951163557959799},"dt":229320,"h":{"br":320000,"fid":0,"size":9175293,"vd":-2.0},"m":{"br":192000,"fid":0,"size":5505193,"vd":-2.0},"l":{"br":128000,"fid":0,"size":3670143,"vd":-2.0},"a":null,"cd":"","no":2,"rtUrl":null,"ftype":0,"rtUrls":[],"djId":0,"copyright":0,"s_id":0,"rtype":0,"rurl":null,"mst":9,"cp":1380821,"mv":0,"publishTime":1537372800007},{"name":"Havana (Live)","id":1311696795,"pst":0,"t":0,"ar":[{"id":12136039,"name":"Camila Cabello","tns":[],"alias":[]}],"alia":[],"pop":0.0,"st":0,"rt":null,"fee":8,"v":3,"crbt":null,"cf":"","al":{"id":73515520,"name":"Havana (Live)","picUrl":"http://p1.music.126.net/d5zRK4chmdFVg6-iUtWs_Q==/109951163561484878.jpg","tns":[],"pic_str":"109951163561484878","pic":109951163561484878},"dt":248633,"h":{"br":320000,"fid":0,"size":9945382,"vd":-1.0},"m":{"br":192000,"fid":0,"size":5967247,"vd":-1.0},"l":{"br":128000,"fid":0,"size":3978179,"vd":-1.0},"a":null,"cd":"1","no":1,"rtUrl":null,"ftype":0,"rtUrls":[],"djId":0,"copyright":1,"s_id":0,"rtype":0,"rurl":null,"mst":9,"cp":7001,"mv":0,"publishTime":1537459200007},{"name":"简秋与私语","id":1311886013,"pst":0,"t":0,"ar":[{"id":4621,"name":"闫东炜","tns":[],"alias":[]}],"alia":[],"pop":0.0,"st":0,"rt":null,"fee":0,"v":4,"crbt":null,"cf":"","al":{"id":73485816,"name":"简秋与私语","picUrl":"http://p1.music.126.net/71h7r64-heFer9xGYR2UBA==/109951163562527236.jpg","tns":[],"pic_str":"109951163562527236","pic":109951163562527236},"dt":236111,"h":{"br":320000,"fid":0,"size":9446966,"vd":0.0},"m":{"br":192000,"fid":0,"size":5668197,"vd":0.0},"l":{"br":128000,"fid":0,"size":3778813,"vd":0.0},"a":null,"cd":"","no":1,"rtUrl":null,"ftype":0,"rtUrls":[],"djId":0,"copyright":0,"s_id":0,"rtype":0,"rurl":null,"mst":9,"cp":0,"mv":0,"publishTime":1537545600000},{"name":"谁 (Live版)","id":566436427,"pst":0,"t":0,"ar":[{"id":13022016,"name":"廖俊涛","tns":[],"alias":[]}],"alia":[],"pop":100.0,"st":0,"rt":null,"fee":8,"v":107,"crbt":null,"cf":"","al":{"id":39263103,"name":"这个人创作LIVE现场辑","picUrl":"http://p1.music.126.net/7HzttIveECGYRhAjKCCdfg==/109951163315608239.jpg","tns":[],"pic_str":"109951163315608239","pic":109951163315608239},"dt":254428,"h":{"br":320000,"fid":0,"size":10179440,"vd":-2.0},"m":{"br":192000,"fid":0,"size":6107681,"vd":-2.0},"l":{"br":128000,"fid":0,"size":4071802,"vd":-2.0},"a":null,"cd":"1","no":4,"rtUrl":null,"ftype":0,"rtUrls":[],"djId":0,"copyright":2,"s_id":0,"rtype":0,"rurl":null,"mst":9,"cp":755014,"mv":5917923,"publishTime":1528905600007},{"name":"等我赴约","id":1311346155,"pst":0,"t":0,"ar":[{"id":12264255,"name":"代鑫","tns":[],"alias":[]},{"id":30004203,"name":"孔一蝉","tns":[],"alias":[]}],"alia":[],"pop":0.0,"st":0,"rt":null,"fee":0,"v":4,"crbt":null,"cf":"","al":{"id":73470651,"name":"等我赴约","picUrl":"http://p1.music.126.net/oDx_xdNt14mfb_yHGcFjuQ==/109951163559572598.jpg","tns":[],"pic_str":"109951163559572598","pic":109951163559572598},"dt":312547,"h":{"br":320000,"fid":0,"size":12504338,"vd":0.0},"m":{"br":192000,"fid":0,"size":7502620,"vd":0.0},"l":{"br":128000,"fid":0,"size":5001761,"vd":0.0},"a":null,"cd":"","no":0,"rtUrl":null,"ftype":0,"rtUrls":[],"djId":0,"copyright":0,"s_id":0,"rtype":0,"rurl":null,"mst":9,"cp":0,"mv":0,"publishTime":1537545600007},{"name":"生生不息","id":1308818527,"pst":0,"t":0,"ar":[{"id":4485,"name":"马天宇","tns":[],"alias":[]}],"alia":["电视剧《凉生，我们可不可以不忧伤》片尾曲"],"pop":100.0,"st":0,"rt":null,"fee":8,"v":1,"crbt":null,"cf":"","al":{"id":72795032,"name":"生生不息","picUrl":"http://p1.music.126.net/TmgOXAATVuvnK4FVx8yYbQ==/109951163547453309.jpg","tns":[],"pic_str":"109951163547453309","pic":109951163547453309},"dt":282420,"h":{"br":320000,"fid":0,"size":11299570,"vd":-3.0},"m":{"br":192000,"fid":0,"size":6779760,"vd":-2.0},"l":{"br":128000,"fid":0,"size":4519854,"vd":-2.0},"a":null,"cd":"","no":0,"rtUrl":null,"ftype":0,"rtUrls":[],"djId":0,"copyright":2,"s_id":0,"rtype":0,"rurl":null,"mst":9,"cp":707010,"mv":10780320,"publishTime":1536854400007},{"name":"可能否","id":569214126,"pst":0,"t":0,"ar":[{"id":12037229,"name":"木小雅","tns":[],"alias":[]}],"alia":[],"pop":100.0,"st":0,"rt":null,"fee":8,"v":12,"crbt":null,"cf":"","al":{"id":39483016,"name":"可能否","picUrl":"http://p1.music.126.net/SJYnDay7wgewU3O7tPfmOQ==/109951163322541581.jpg","tns":[],"pic_str":"109951163322541581","pic":109951163322541581},"dt":227899,"h":{"br":320000,"fid":0,"size":9118868,"vd":0.0},"m":{"br":192000,"fid":0,"size":5471338,"vd":0.0},"l":{"br":128000,"fid":0,"size":3647573,"vd":0.0},"a":null,"cd":"","no":1,"rtUrl":null,"ftype":0,"rtUrls":[],"djId":0,"copyright":2,"s_id":0,"rtype":0,"rurl":null,"mst":9,"cp":748010,"mv":0,"publishTime":1527609600007},{"name":"和你一起","id":1311023635,"pst":0,"t":0,"ar":[{"id":12128546,"name":"Crankboy","tns":[],"alias":[]}],"alia":[],"pop":100.0,"st":0,"rt":null,"fee":0,"v":3,"crbt":null,"cf":"","al":{"id":73396882,"name":"和你一起","picUrl":"http://p1.music.126.net/fvBnF_zi9xT4lA0jAtJKdg==/109951163557515858.jpg","tns":[],"pic_str":"109951163557515858","pic":109951163557515858},"dt":200833,"h":{"br":320000,"fid":0,"size":8036354,"vd":0.0},"m":{"br":192000,"fid":0,"size":4821830,"vd":0.0},"l":{"br":128000,"fid":0,"size":3214568,"vd":0.0},"a":null,"cd":"","no":1,"rtUrl":null,"ftype":0,"rtUrls":[],"djId":0,"copyright":0,"s_id":0,"rtype":0,"rurl":null,"mst":9,"cp":0,"mv":0,"publishTime":1537286400000},{"name":"I WANT LOVE OR DEATH","id":863138646,"pst":0,"t":0,"ar":[{"id":12316397,"name":"W/","tns":[],"alias":[]}],"alia":[],"pop":100.0,"st":0,"rt":null,"fee":0,"v":6,"crbt":null,"cf":"","al":{"id":71639590,"name":"I WANT LOVE OR DEATH","picUrl":"http://p1.music.126.net/LAGyyhKu2cX-9y37nA6vRg==/109951163378717502.jpg","tns":[],"pic_str":"109951163378717502","pic":109951163378717502},"dt":227474,"h":{"br":320000,"fid":0,"size":9100060,"vd":0.0},"m":{"br":192000,"fid":0,"size":5460053,"vd":0.0},"l":{"br":128000,"fid":0,"size":3640050,"vd":0.0},"a":null,"cd":"","no":1,"rtUrl":null,"ftype":0,"rtUrls":[],"djId":0,"copyright":0,"s_id":0,"rtype":0,"rurl":null,"mst":9,"cp":0,"mv":0,"publishTime":1530057600000},{"name":"Wake Up in the Sky","id":1309728506,"pst":0,"t":0,"ar":[{"id":33919,"name":"Gucci Mane","tns":[],"alias":[]},{"id":178059,"name":"Bruno Mars","tns":[],"alias":[]},{"id":12023133,"name":"Kodak Black","tns":[],"alias":[]}],"alia":[],"pop":100.0,"st":0,"rt":null,"fee":8,"v":3,"crbt":null,"cf":"","al":{"id":73307248,"name":"Wake Up in the Sky","picUrl":"http://p1.music.126.net/AbBygnbK3BFQdOC6SyRzHw==/109951163549088525.jpg","tns":[],"pic_str":"109951163549088525","pic":109951163549088525},"dt":204695,"h":{"br":320000,"fid":0,"size":8188909,"vd":0.0},"m":{"br":192000,"fid":0,"size":4913363,"vd":0.0},"l":{"br":128000,"fid":0,"size":3275590,"vd":0.0},"a":null,"cd":"1","no":1,"rtUrl":null,"ftype":0,"rtUrls":[],"djId":0,"copyright":1,"s_id":0,"rtype":0,"rurl":null,"mst":9,"cp":7002,"mv":0,"publishTime":1536854400007},{"name":"当我再见到你的时候","id":571340214,"pst":0,"t":0,"ar":[{"id":909029,"name":"白举纲","tns":[],"alias":[]}],"alia":[],"pop":100.0,"st":0,"rt":null,"fee":8,"v":5,"crbt":null,"cf":"","al":{"id":71855650,"name":"耳盲","picUrl":"http://p1.music.126.net/tSSUuKhfyyu8irj9P5zcmQ==/109951163409890843.jpg","tns":[],"pic_str":"109951163409890843","pic":109951163409890843},"dt":230493,"h":{"br":320000,"fid":0,"size":9222313,"vd":-1.0},"m":{"br":192000,"fid":0,"size":5533405,"vd":-1.0},"l":{"br":128000,"fid":0,"size":3688951,"vd":-1.0},"a":null,"cd":"","no":12,"rtUrl":null,"ftype":0,"rtUrls":[],"djId":0,"copyright":0,"s_id":0,"rtype":0,"rurl":null,"mst":9,"cp":636011,"mv":0,"publishTime":1528387200007},{"name":"Better","id":1309689297,"pst":0,"t":0,"ar":[{"id":301757,"name":"Khalid","tns":[],"alias":[]}],"alia":[],"pop":100.0,"st":0,"rt":null,"fee":8,"v":1,"crbt":null,"cf":"","al":{"id":73303937,"name":"Better","picUrl":"http://p1.music.126.net/N73u0GZAEujcH6k6aGIOwQ==/109951163548148799.jpg","tns":[],"pic_str":"109951163548148799","pic":109951163548148799},"dt":229459,"h":{"br":320000,"fid":0,"size":9179472,"vd":0.0},"m":{"br":192000,"fid":0,"size":5507701,"vd":0.0},"l":{"br":128000,"fid":0,"size":3671815,"vd":0.0},"a":null,"cd":"1","no":1,"rtUrl":null,"ftype":0,"rtUrls":[],"djId":0,"copyright":1,"s_id":0,"rtype":0,"rurl":null,"mst":9,"cp":7001,"mv":0,"publishTime":1536854400007},{"name":"We Young","id":1309814348,"pst":0,"t":0,"ar":[{"id":1011017,"name":"灿烈","tns":[],"alias":[]},{"id":1124559,"name":"世勋","tns":[],"alias":[]}],"alia":[],"pop":100.0,"st":0,"rt":null,"fee":8,"v":12,"crbt":null,"cf":"","al":{"id":73257034,"name":"We Young","picUrl":"http://p1.music.126.net/GVUuvkkTcev0bMhAxiOttg==/109951163549594106.jpg","tns":[],"pic_str":"109951163549594106","pic":109951163549594106},"dt":181161,"h":{"br":320000,"fid":0,"size":7249546,"vd":-2.0},"m":{"br":192000,"fid":0,"size":4349745,"vd":-1.0},"l":{"br":128000,"fid":0,"size":2899844,"vd":-1.0},"a":null,"cd":"1","no":1,"rtUrl":null,"ftype":0,"rtUrls":[],"djId":0,"copyright":0,"s_id":0,"rtype":0,"rurl":null,"mst":9,"cp":0,"mv":10787025,"publishTime":1536854400000},{"name":"GTFO","id":1309614546,"pst":0,"t":0,"ar":[{"id":66355,"name":"Mariah Carey","tns":[],"alias":[]}],"alia":[],"pop":100.0,"st":0,"rt":null,"fee":8,"v":3,"crbt":null,"cf":"","al":{"id":73289710,"name":"GTFO","picUrl":"http://p1.music.126.net/v-BO1haap0MPyKMJDHj77g==/109951163548146354.jpg","tns":[],"pic_str":"109951163548146354","pic":109951163548146354},"dt":207177,"h":{"br":320000,"fid":0,"size":8288174,"vd":-1.0},"m":{"br":192000,"fid":0,"size":4972922,"vd":-1.0},"l":{"br":128000,"fid":0,"size":3315296,"vd":-1.0},"a":null,"cd":"1","no":1,"rtUrl":null,"ftype":0,"rtUrls":[],"djId":0,"copyright":1,"s_id":0,"rtype":0,"rurl":null,"mst":9,"cp":7001,"mv":10780352,"publishTime":1536854400007},{"name":"O.M.T","id":1308778604,"pst":0,"t":0,"ar":[{"id":13058506,"name":"周彦辰","tns":[],"alias":[]}],"alia":[],"pop":100.0,"st":0,"rt":null,"fee":8,"v":1,"crbt":null,"cf":"","al":{"id":72798034,"name":"O.M.T","picUrl":"http://p1.music.126.net/4Cc0holAXbuGTSpWHWKgdQ==/109951163547575230.jpg","tns":[],"pic_str":"109951163547575230","pic":109951163547575230},"dt":227277,"h":{"br":320000,"fid":0,"size":9093791,"vd":-2.0},"m":{"br":192000,"fid":0,"size":5456292,"vd":-2.0},"l":{"br":128000,"fid":0,"size":3637542,"vd":-2.0},"a":null,"cd":"","no":1,"rtUrl":null,"ftype":0,"rtUrls":[],"djId":0,"copyright":0,"s_id":0,"rtype":0,"rurl":null,"mst":9,"cp":1380821,"mv":0,"publishTime":1536854400007},{"name":"On The Road","id":1308017579,"pst":0,"t":0,"ar":[{"id":1097156,"name":"JUDE","tns":[],"alias":[]},{"id":1944,"name":"林德信","tns":[],"alias":[]}],"alia":[],"pop":70.0,"st":0,"rt":null,"fee":8,"v":1,"crbt":null,"cf":"","al":{"id":73126164,"name":"On The Road","picUrl":"http://p1.music.126.net/udFgIHUl3UF0_RyoVTbz6g==/109951163537754432.jpg","tns":[],"pic_str":"109951163537754432","pic":109951163537754432},"dt":189257,"h":{"br":320000,"fid":0,"size":7571374,"vd":-2.0},"m":{"br":192000,"fid":0,"size":4542842,"vd":-1.0},"l":{"br":128000,"fid":0,"size":3028576,"vd":-1.0},"a":null,"cd":"1","no":1,"rtUrl":null,"ftype":0,"rtUrls":[],"djId":0,"copyright":1,"s_id":0,"rtype":0,"rurl":null,"mst":9,"cp":7002,"mv":0,"publishTime":1536508800007},{"name":"隔壁泰山","id":862101001,"pst":0,"t":0,"ar":[{"id":11015,"name":"阿里郎","tns":[],"alias":[]}],"alia":[],"pop":100.0,"st":0,"rt":null,"fee":8,"v":6,"crbt":null,"cf":"","al":{"id":71614905,"name":"隔壁泰山","picUrl":"http://p1.music.126.net/pbT0ag5PXJwYzFJ7YklMCA==/109951163386629013.jpg","tns":[],"pic_str":"109951163386629013","pic":109951163386629013},"dt":199573,"h":{"br":320000,"fid":0,"size":7985154,"vd":-3.0},"m":{"br":192000,"fid":0,"size":4791110,"vd":-3.0},"l":{"br":128000,"fid":0,"size":3194088,"vd":-3.0},"a":null,"cd":"","no":1,"rtUrl":null,"ftype":0,"rtUrls":[],"djId":0,"copyright":0,"s_id":0,"rtype":0,"rurl":null,"mst":9,"cp":30012,"mv":10732128,"publishTime":1530460800007},{"name":"Like I Love You","id":1309543595,"pst":0,"t":0,"ar":[{"id":1039114,"name":"Lost Frequencies","tns":[],"alias":[]},{"id":29992704,"name":"The NGHBRS","tns":[],"alias":[]}],"alia":[],"pop":100.0,"st":0,"rt":null,"fee":8,"v":3,"crbt":null,"cf":"","al":{"id":73281572,"name":"Like I Love You","picUrl":"http://p1.music.126.net/JTP9Zi07iB51nG_fKTDcLA==/109951163547372630.jpg","tns":[],"pic_str":"109951163547372630","pic":109951163547372630},"dt":190173,"h":{"br":320000,"fid":0,"size":7610036,"vd":0.0},"m":{"br":192000,"fid":0,"size":4566039,"vd":0.0},"l":{"br":128000,"fid":0,"size":3044040,"vd":0.0},"a":null,"cd":"1","no":1,"rtUrl":null,"ftype":0,"rtUrls":[],"djId":0,"copyright":1,"s_id":0,"rtype":0,"rurl":null,"mst":9,"cp":665010,"mv":10781628,"publishTime":1536854400007},{"name":"目不转睛","id":546279760,"pst":0,"t":0,"ar":[{"id":12236125,"name":"王以太","tns":[],"alias":[]}],"alia":[],"pop":100.0,"st":0,"rt":null,"fee":0,"v":21,"crbt":null,"cf":"","al":{"id":37965179,"name":"Feel & Sight","picUrl":"http://p1.music.126.net/3MaeDnsU61e96WlH5-hoaQ==/109951163195183343.jpg","tns":[],"pic_str":"109951163195183343","pic":109951163195183343},"dt":162000,"h":{"br":320000,"fid":0,"size":6482591,"vd":-2.0},"m":{"br":192000,"fid":0,"size":3889572,"vd":-2.0},"l":{"br":128000,"fid":0,"size":2593062,"vd":-1.0},"a":null,"cd":"","no":4,"rtUrl":null,"ftype":0,"rtUrls":[],"djId":0,"copyright":2,"s_id":0,"rtype":0,"rurl":null,"mst":9,"cp":0,"mv":0,"publishTime":1521342563895},{"name":"730Freestyle","id":1297605386,"pst":0,"t":0,"ar":[{"id":12610496,"name":"D.Ark","tns":[],"alias":[]}],"alia":[],"pop":100.0,"st":0,"rt":null,"fee":0,"v":4,"crbt":null,"cf":"","al":{"id":72059658,"name":"730Freestyle","picUrl":"http://p1.music.126.net/aKD70_U49s5rrutdbRZB2w==/109951163433970121.jpg","tns":[],"pic_str":"109951163433970121","pic":109951163433970121},"dt":73562,"h":{"br":320000,"fid":0,"size":2945611,"vd":0.0},"m":{"br":192000,"fid":0,"size":1767384,"vd":0.0},"l":{"br":128000,"fid":0,"size":1178271,"vd":0.0},"a":null,"cd":"","no":1,"rtUrl":null,"ftype":0,"rtUrls":[],"djId":0,"copyright":0,"s_id":0,"rtype":0,"rurl":null,"mst":9,"cp":0,"mv":0,"publishTime":1532908800000},{"name":"没有人心疼我","id":1308818630,"pst":0,"t":0,"ar":[{"id":15064461,"name":"方宇杰","tns":[],"alias":[]}],"alia":["原唱：陈雪凝"],"pop":100.0,"st":0,"rt":null,"fee":8,"v":1,"crbt":null,"cf":"","al":{"id":72797076,"name":"没有人心疼我","picUrl":"http://p1.music.126.net/K0JG-3rlCB5qlT4ZEzQJiw==/109951163547819199.jpg","tns":[],"pic_str":"109951163547819199","pic":109951163547819199},"dt":278437,"h":{"br":320000,"fid":0,"size":11139701,"vd":0.0},"m":{"br":192000,"fid":0,"size":6683838,"vd":0.0},"l":{"br":128000,"fid":0,"size":4455906,"vd":0.0},"a":null,"cd":"","no":1,"rtUrl":null,"ftype":0,"rtUrls":[],"djId":0,"copyright":0,"s_id":0,"rtype":0,"rurl":null,"mst":9,"cp":1372820,"mv":0,"publishTime":1536940800007},{"name":"友情岁月 ","id":1309903366,"pst":0,"t":0,"ar":[{"id":6491,"name":"郑伊健","tns":[],"alias":[]},{"id":2112,"name":"陈小春","tns":[],"alias":[]},{"id":5897,"name":"谢天华","tns":[],"alias":[]},{"id":187088,"name":"钱嘉乐","tns":[],"alias":[]},{"id":187081,"name":"林晓峰","tns":[],"alias":[]}],"alia":["电影《黄金兄弟》插曲"],"pop":100.0,"st":0,"rt":null,"fee":0,"v":3,"crbt":null,"cf":"","al":{"id":73326693,"name":"友情岁月","picUrl":"http://p1.music.126.net/vbf7G7zhDqASNeisyPkPtA==/109951163555234211.jpg","tns":[],"pic_str":"109951163555234211","pic":109951163555234211},"dt":224745,"h":{"br":320000,"fid":0,"size":8992436,"vd":-2.0},"m":{"br":192000,"fid":0,"size":5395479,"vd":-1.0},"l":{"br":128000,"fid":0,"size":3597000,"vd":-1.0},"a":null,"cd":"","no":0,"rtUrl":null,"ftype":0,"rtUrls":[],"djId":0,"copyright":0,"s_id":0,"rtype":0,"rurl":null,"mst":9,"cp":468019,"mv":10799047,"publishTime":1537200000007},{"name":"Something","id":1302335545,"pst":0,"t":0,"ar":[{"id":12009165,"name":"George","tns":[],"alias":[]},{"id":28899383,"name":"강혜인","tns":[],"alias":[]}],"alia":["韩剧《我的ID是江南美人》插曲"],"pop":100.0,"st":0,"rt":null,"fee":0,"v":29,"crbt":null,"cf":"","al":{"id":72334852,"name":"내 아이디는 강남미인 OST Part 4","picUrl":"http://p1.music.126.net/GX9xkeJq1olJLd6X1LB-wA==/109951163464606083.jpg","tns":["我的ID是江南美人 OST Part 4"],"pic_str":"109951163464606083","pic":109951163464606083},"dt":229120,"h":{"br":320000,"fid":0,"size":9165889,"vd":0.0},"m":{"br":192000,"fid":0,"size":5499551,"vd":0.0},"l":{"br":128000,"fid":0,"size":3666382,"vd":0.0},"a":null,"cd":"1","no":1,"rtUrl":null,"ftype":0,"rtUrls":[],"djId":0,"copyright":2,"s_id":0,"rtype":0,"rurl":null,"mst":9,"cp":0,"mv":10756180,"publishTime":1534435200000},{"name":"往后余生","id":571338279,"pst":0,"t":0,"ar":[{"id":14312549,"name":"王贰浪","tns":[],"alias":[]}],"alia":["原唱：马良"],"pop":100.0,"st":0,"rt":null,"fee":8,"v":6,"crbt":null,"cf":"","al":{"id":39591091,"name":"往后余生","picUrl":"http://p1.music.126.net/hTiVEeQTUSsc-YGF3o6ItQ==/109951163337847600.jpg","tns":[],"pic_str":"109951163337847600","pic":109951163337847600},"dt":231785,"h":{"br":320000,"fid":0,"size":9274558,"vd":0.0},"m":{"br":192000,"fid":0,"size":5564752,"vd":0.0},"l":{"br":128000,"fid":0,"size":3709849,"vd":0.0},"a":null,"cd":"","no":1,"rtUrl":null,"ftype":0,"rtUrls":[],"djId":0,"copyright":0,"s_id":0,"rtype":0,"rurl":null,"mst":9,"cp":1372820,"mv":0,"publishTime":1528387200007},{"name":"竹 (Bamboo)","id":1308818970,"pst":0,"t":0,"ar":[{"id":92526,"name":"Far East Movement","tns":[],"alias":[]},{"id":6472,"name":"张杰","tns":[],"alias":[]}],"alia":[],"pop":100.0,"st":0,"rt":null,"fee":1,"v":9,"crbt":null,"cf":"","al":{"id":73326641,"name":"竹 (Bamboo)","picUrl":"http://p1.music.126.net/Cz1rFEc1EwFsW1gBXi-yEg==/109951163552724449.jpg","tns":[],"pic_str":"109951163552724449","pic":109951163552724449},"dt":214257,"h":{"br":320000,"fid":0,"size":8573431,"vd":0.0},"m":{"br":192000,"fid":0,"size":5144076,"vd":0.0},"l":{"br":128000,"fid":0,"size":3429399,"vd":0.0},"a":null,"cd":"1","no":1,"rtUrl":null,"ftype":0,"rtUrls":[],"djId":0,"copyright":2,"s_id":0,"rtype":0,"rurl":null,"mst":9,"cp":1405820,"mv":10787027,"publishTime":1537113600007},{"name":"I'm OK","id":1311346260,"pst":0,"t":0,"ar":[{"id":12199576,"name":"小青龙","tns":[],"alias":[]}],"alia":[],"pop":0.0,"st":0,"rt":null,"fee":0,"v":1,"crbt":null,"cf":"","al":{"id":73467689,"name":"I'm OK","picUrl":"http://p1.music.126.net/8wc299X1tPiHiuLBs4O23A==/109951163560839287.jpg","tns":[],"pic_str":"109951163560839287","pic":109951163560839287},"dt":267700,"h":{"br":320000,"fid":0,"size":10710248,"vd":0.0},"m":{"br":192000,"fid":0,"size":6426166,"vd":0.0},"l":{"br":128000,"fid":0,"size":4284125,"vd":0.0},"a":null,"cd":"","no":0,"rtUrl":null,"ftype":0,"rtUrls":[],"djId":0,"copyright":0,"s_id":0,"rtype":0,"rurl":null,"mst":9,"cp":490040,"mv":0,"publishTime":1537545600007},{"name":"HAPPY BIRTHDAY","id":1311874293,"pst":0,"t":0,"ar":[{"id":12787978,"name":"LiRanG 李让","tns":[],"alias":[]}],"alia":[],"pop":0.0,"st":0,"rt":null,"fee":0,"v":6,"crbt":null,"cf":"","al":{"id":73485799,"name":"HAPPY BIRTHDAY","picUrl":"http://p1.music.126.net/qCStPxgh1bzTIoDB1sMpBQ==/109951163562399554.jpg","tns":[],"pic_str":"109951163562399554","pic":109951163562399554},"dt":161600,"h":{"br":320000,"fid":0,"size":6466917,"vd":0.0},"m":{"br":192000,"fid":0,"size":3880168,"vd":0.0},"l":{"br":128000,"fid":0,"size":2586793,"vd":0.0},"a":null,"cd":"","no":1,"rtUrl":null,"ftype":0,"rtUrls":[],"djId":0,"copyright":0,"s_id":0,"rtype":0,"rurl":null,"mst":9,"cp":0,"mv":0,"publishTime":1537574400000},{"name":"陷阱","id":1294899063,"pst":0,"t":0,"ar":[{"id":28083340,"name":"王北车","tns":[],"alias":[]}],"alia":[],"pop":100.0,"st":0,"rt":null,"fee":8,"v":3,"crbt":null,"cf":"","al":{"id":71856830,"name":"陷阱","picUrl":"http://p1.music.126.net/1hyPx7SxIQH8nnsIhcgmfQ==/109951163415300959.jpg","tns":[],"pic_str":"109951163415300959","pic":109951163415300959},"dt":280949,"h":{"br":320000,"fid":0,"size":11241056,"vd":-1.0},"m":{"br":192000,"fid":0,"size":6744651,"vd":-1.0},"l":{"br":128000,"fid":0,"size":4496448,"vd":-1.0},"a":null,"cd":"1","no":1,"rtUrl":null,"ftype":0,"rtUrls":[],"djId":0,"copyright":0,"s_id":0,"rtype":0,"rurl":null,"mst":9,"cp":0,"mv":0,"publishTime":1531929600007},{"name":"Make my story","id":1303026468,"pst":0,"t":0,"ar":[{"id":12108557,"name":"Lenny code fiction","tns":[],"alias":[]}],"alia":["TV动画《我的英雄学院》第三季OP2 / TVアニメ「僕のヒーローアカデミア」第3期OP2テーマ"],"pop":100.0,"st":0,"rt":null,"fee":0,"v":11,"crbt":null,"cf":"","al":{"id":72383756,"name":"Make my story","picUrl":"http://p1.music.126.net/3i4BAK4G1lFHeSEv_MqAiw==/109951163503322600.jpg","tns":[],"pic_str":"109951163503322600","pic":109951163503322600},"dt":268626,"h":{"br":320000,"fid":0,"size":10747864,"vd":-5.0},"m":{"br":192000,"fid":0,"size":6448736,"vd":-5.0},"l":{"br":128000,"fid":0,"size":4299172,"vd":-5.0},"a":null,"cd":"1","no":1,"rtUrl":null,"ftype":0,"rtUrls":[],"djId":0,"copyright":0,"s_id":0,"rtype":0,"rurl":null,"mst":9,"cp":663018,"mv":10739275,"publishTime":1534867200007},{"name":"最好","id":1294910785,"pst":0,"t":0,"ar":[{"id":5781,"name":"薛之谦","tns":[],"alias":[]}],"alia":[],"pop":100.0,"st":0,"rt":null,"fee":0,"v":1,"crbt":null,"cf":"","al":{"id":71857047,"name":"最好","picUrl":"http://p1.music.126.net/MiQK3PYtBUG-_-c8Y59q0Q==/109951163424768306.jpg","tns":[],"pic_str":"109951163424768306","pic":109951163424768306},"dt":255501,"h":{"br":320000,"fid":0,"size":10222280,"vd":-1.0},"m":{"br":192000,"fid":0,"size":6133386,"vd":0.0},"l":{"br":128000,"fid":0,"size":4088938,"vd":0.0},"a":null,"cd":"","no":0,"rtUrl":null,"ftype":0,"rtUrls":[],"djId":0,"copyright":0,"s_id":0,"rtype":0,"rurl":null,"mst":9,"cp":22036,"mv":0,"publishTime":1532534400007},{"name":"单车","id":1311347333,"pst":0,"t":0,"ar":[{"id":1185054,"name":"尚先生","tns":[],"alias":[]},{"id":571797,"name":"chill boy","tns":[],"alias":[]},{"id":12052020,"name":"C.N.K","tns":[],"alias":[]}],"alia":[],"pop":100.0,"st":0,"rt":null,"fee":8,"v":3,"crbt":null,"cf":"","al":{"id":73471723,"name":"单车","picUrl":"http://p1.music.126.net/blXdSgD9wQmJGAFW31pWCQ==/109951163561362559.jpg","tns":[],"pic_str":"109951163561362559","pic":109951163561362559},"dt":203592,"h":{"br":320000,"fid":0,"size":8146068,"vd":0.0},"m":{"br":192000,"fid":0,"size":4887658,"vd":0.0},"l":{"br":128000,"fid":0,"size":3258453,"vd":0.0},"a":null,"cd":"","no":1,"rtUrl":null,"ftype":0,"rtUrls":[],"djId":0,"copyright":1,"s_id":0,"rtype":0,"rurl":null,"mst":9,"cp":0,"mv":0,"publishTime":1537459200007},{"name":"小了白了兔","id":1307186114,"pst":0,"t":0,"ar":[{"id":975714,"name":"叶洛洛","tns":[],"alias":[]}],"alia":[],"pop":100.0,"st":0,"rt":null,"fee":0,"v":3,"crbt":null,"cf":"","al":{"id":72782492,"name":"小了白了兔","picUrl":"http://p1.music.126.net/cClUkGJp00Uf5VxjREbcoA==/109951163531804698.jpg","tns":[],"pic_str":"109951163531804698","pic":109951163531804698},"dt":86549,"h":{"br":320000,"fid":0,"size":3464925,"vd":0.0},"m":{"br":192000,"fid":0,"size":2078973,"vd":0.0},"l":{"br":128000,"fid":0,"size":1385996,"vd":0.0},"a":null,"cd":"","no":1,"rtUrl":null,"ftype":0,"rtUrls":[],"djId":0,"copyright":0,"s_id":0,"rtype":0,"rurl":null,"mst":9,"cp":0,"mv":0,"publishTime":1535904000000},{"name":"倒数","id":1299550532,"pst":0,"t":0,"ar":[{"id":7763,"name":"G.E.M.邓紫棋","tns":[],"alias":[]}],"alia":[],"pop":100.0,"st":0,"rt":null,"fee":8,"v":13,"crbt":null,"cf":"","al":{"id":72709830,"name":"另一个童话","picUrl":"http://p1.music.126.net/tXCIFsVDK6IKcQ9YWxwOEg==/109951163523944497.jpg","tns":[],"pic_str":"109951163523944497","pic":109951163523944497},"dt":229333,"h":{"br":320000,"fid":0,"size":9176338,"vd":-1.0},"m":{"br":192000,"fid":0,"size":5505820,"vd":-1.0},"l":{"br":128000,"fid":0,"size":3670561,"vd":-1.0},"a":null,"cd":"","no":1,"rtUrl":null,"ftype":0,"rtUrls":[],"djId":0,"copyright":0,"s_id":0,"rtype":0,"rurl":null,"mst":9,"cp":27001,"mv":5965351,"publishTime":1533830400007},{"name":"醒来","id":1308818704,"pst":0,"t":0,"ar":[{"id":12356252,"name":"臧鸿飞","tns":[],"alias":[]}],"alia":[],"pop":100.0,"st":0,"rt":null,"fee":8,"v":1,"crbt":null,"cf":"","al":{"id":72796137,"name":"醒来","picUrl":"http://p1.music.126.net/wuC86565mkvprwuweCIAXg==/109951163548997665.jpg","tns":[],"pic_str":"109951163548997665","pic":109951163548997665},"dt":190344,"h":{"br":320000,"fid":0,"size":7616305,"vd":-2.0},"m":{"br":192000,"fid":0,"size":4569800,"vd":-2.0},"l":{"br":128000,"fid":0,"size":3046548,"vd":-2.0},"a":null,"cd":"","no":1,"rtUrl":null,"ftype":0,"rtUrls":[],"djId":0,"copyright":2,"s_id":0,"rtype":0,"rurl":null,"mst":9,"cp":456010,"mv":0,"publishTime":1536940800007},{"name":"Darkside","id":1296410418,"pst":0,"t":0,"ar":[{"id":1045123,"name":"Alan Walker","tns":[],"alias":[]},{"id":12143031,"name":"Au/Ra","tns":[],"alias":[]},{"id":12073571,"name":"Tomine Harket","tns":[],"alias":[]}],"alia":[],"pop":100.0,"st":0,"rt":null,"fee":8,"v":4,"crbt":null,"cf":"","al":{"id":72006345,"name":"Darkside","picUrl":"http://p1.music.126.net/-_B8Buquy3sP2mDAoH2TOA==/109951163425081504.jpg","tns":[],"pic_str":"109951163425081504","pic":109951163425081504},"dt":211931,"h":{"br":320000,"fid":0,"size":8477301,"vd":-2.0},"m":{"br":192000,"fid":0,"size":5086398,"vd":-2.0},"l":{"br":128000,"fid":0,"size":3390946,"vd":-2.0},"a":null,"cd":"1","no":1,"rtUrl":null,"ftype":0,"rtUrls":[],"djId":0,"copyright":1,"s_id":0,"rtype":0,"rurl":null,"mst":9,"cp":7001,"mv":10738268,"publishTime":1532620800007},{"name":"Echo","id":1311835501,"pst":0,"t":0,"ar":[{"id":1203033,"name":"SaMZIng","tns":[],"alias":[]}],"alia":[],"pop":0.0,"st":0,"rt":null,"fee":0,"v":5,"crbt":null,"cf":"","al":{"id":73499736,"name":"Echo","picUrl":"http://p1.music.126.net/oALOCpljgdFrLe-oDUoI2A==/109951163562189023.jpg","tns":[],"pic_str":"109951163562189023","pic":109951163562189023},"dt":221875,"h":{"br":320000,"fid":0,"size":8877497,"vd":-2.0},"m":{"br":192000,"fid":0,"size":5326515,"vd":-1.0},"l":{"br":128000,"fid":0,"size":3551025,"vd":-1.0},"a":null,"cd":"","no":1,"rtUrl":null,"ftype":0,"rtUrls":[],"djId":0,"copyright":0,"s_id":0,"rtype":0,"rurl":null,"mst":9,"cp":0,"mv":0,"publishTime":1537545600000},{"name":"不染","id":545590357,"pst":0,"t":0,"ar":[{"id":9270,"name":"萨顶顶","tns":[],"alias":[]}],"alia":[],"pop":100.0,"st":0,"rt":null,"fee":8,"v":81,"crbt":null,"cf":"","al":{"id":37548020,"name":"香蜜沉沉烬如霜 电视原声音乐专辑","picUrl":"http://p1.music.126.net/gEia-o05FSas8uJos54Sug==/109951163456726954.jpg","tns":[],"pic_str":"109951163456726954","pic":109951163456726954},"dt":271792,"h":{"br":320000,"fid":0,"size":10874297,"vd":-2.0},"m":{"br":192000,"fid":0,"size":6524595,"vd":-2.0},"l":{"br":128000,"fid":0,"size":4349745,"vd":-2.0},"a":null,"cd":"","no":11,"rtUrl":null,"ftype":0,"rtUrls":[],"djId":0,"copyright":2,"s_id":0,"rtype":0,"rurl":null,"mst":9,"cp":753018,"mv":0,"publishTime":1534089600007},{"name":"Attention","id":473817398,"pst":0,"t":0,"ar":[{"id":90331,"name":"Charlie Puth","tns":[],"alias":[]}],"alia":[],"pop":100.0,"st":0,"rt":null,"fee":8,"v":279,"crbt":null,"cf":"","al":{"id":38530129,"name":"Voicenotes","picUrl":"http://p1.music.126.net/XWMiED2ryCj2xVovjDRDSQ==/109951163281594877.jpg","tns":[],"pic_str":"109951163281594877","pic":109951163281594877},"dt":208786,"h":{"br":320000,"fid":0,"size":8354003,"vd":-3.0},"m":{"br":192000,"fid":0,"size":5012419,"vd":-3.0},"l":{"br":128000,"fid":0,"size":3341627,"vd":-2.0},"a":null,"cd":"1","no":2,"rtUrl":null,"ftype":0,"rtUrls":[],"djId":0,"copyright":1,"s_id":0,"rtype":0,"rurl":null,"mst":9,"cp":7002,"mv":5499051,"publishTime":1525968000007},{"name":"暗","id":1302401401,"pst":0,"t":0,"ar":[{"id":28073062,"name":"Lil Bob","tns":[],"alias":[]}],"alia":[],"pop":100.0,"st":0,"rt":null,"fee":0,"v":5,"crbt":null,"cf":"","al":{"id":72331173,"name":"暗","picUrl":"http://p1.music.126.net/3H9WI-UduNg9occPa4QYyQ==/109951163464822698.jpg","tns":[],"pic_str":"109951163464822698","pic":109951163464822698},"dt":149707,"h":{"br":320000,"fid":0,"size":5990444,"vd":1.0},"m":{"br":192000,"fid":0,"size":3594284,"vd":1.0},"l":{"br":128000,"fid":0,"size":2396204,"vd":1.0},"a":null,"cd":"","no":1,"rtUrl":null,"ftype":0,"rtUrls":[],"djId":0,"copyright":0,"s_id":0,"rtype":0,"rurl":null,"mst":9,"cp":0,"mv":0,"publishTime":1534435200000},{"name":"如果写不出好的和弦就该在洒满阳光的钢琴前一起吃布丁","id":562592191,"pst":0,"t":0,"ar":[{"id":1039895,"name":"谢春花","tns":[],"alias":[]}],"alia":[],"pop":100.0,"st":0,"rt":null,"fee":0,"v":111,"crbt":null,"cf":"","al":{"id":38983072,"name":"点心","picUrl":"http://p1.music.126.net/bbQqsr9hvVPTpDVmqnPaUw==/109951163345567967.jpg","tns":[],"pic_str":"109951163345567967","pic":109951163345567967},"dt":240080,"h":{"br":320000,"fid":0,"size":9605791,"vd":-1.0},"m":{"br":192000,"fid":0,"size":5763492,"vd":0.0},"l":{"br":128000,"fid":0,"size":3842342,"vd":0.0},"a":null,"cd":"","no":2,"rtUrl":null,"ftype":0,"rtUrls":[],"djId":0,"copyright":2,"s_id":0,"rtype":0,"rurl":null,"mst":9,"cp":743011,"mv":10778350,"publishTime":1528732800007},{"name":"GOOD NIGHT","id":542690276,"pst":0,"t":0,"ar":[{"id":12493781,"name":"Lil Ghost小鬼","tns":[],"alias":[]}],"alia":[],"pop":100.0,"st":0,"rt":null,"fee":8,"v":15,"crbt":null,"cf":"","al":{"id":37831052,"name":"GOOD NIGHT","picUrl":"http://p1.music.126.net/n1HwjMg04qmkX30YneQXIg==/109951163175266992.jpg","tns":[],"pic_str":"109951163175266992","pic":109951163175266992},"dt":177385,"h":{"br":320000,"fid":0,"size":7098036,"vd":0.0},"m":{"br":192000,"fid":0,"size":4258839,"vd":0.0},"l":{"br":128000,"fid":0,"size":2839240,"vd":0.0},"a":null,"cd":"1","no":1,"rtUrl":null,"ftype":0,"rtUrls":[],"djId":0,"copyright":0,"s_id":0,"rtype":0,"rurl":null,"mst":9,"cp":1380821,"mv":0,"publishTime":1519920000007},{"name":"像我这样的人","id":569213220,"pst":0,"t":0,"ar":[{"id":12138269,"name":"毛不易","tns":[],"alias":[]}],"alia":[],"pop":100.0,"st":0,"rt":null,"fee":4,"v":87,"crbt":null,"cf":"","al":{"id":39483040,"name":"平凡的一天","picUrl":"http://p1.music.126.net/vmCcDvD1H04e9gm97xsCqg==/109951163350929740.jpg","tns":[],"pic_str":"109951163350929740","pic":109951163350929740},"dt":207466,"h":{"br":320000,"fid":0,"size":8301758,"vd":0.0},"m":{"br":192000,"fid":0,"size":4981072,"vd":0.0},"l":{"br":128000,"fid":0,"size":3320729,"vd":0.0},"a":null,"cd":"2","no":1,"rtUrl":null,"ftype":0,"rtUrls":[],"djId":0,"copyright":2,"s_id":0,"rtype":0,"rurl":null,"mst":9,"cp":755014,"mv":5959041,"publishTime":1530547200007},{"name":"座右铭","id":1309896309,"pst":0,"t":0,"ar":[{"id":12320060,"name":"王齐铭WatchMe","tns":[],"alias":[]},{"id":12072073,"name":"Gosh Music","tns":[],"alias":[]}],"alia":[],"pop":100.0,"st":0,"rt":null,"fee":8,"v":1,"crbt":null,"cf":"","al":{"id":72798189,"name":"座右铭","picUrl":"http://p1.music.126.net/98WY3UTBLCFxbkHi45ri3A==/109951163555351742.jpg","tns":[],"pic_str":"109951163555351742","pic":109951163555351742},"dt":166000,"h":{"br":320000,"fid":0,"size":6642460,"vd":0.0},"m":{"br":192000,"fid":0,"size":3985493,"vd":0.0},"l":{"br":128000,"fid":0,"size":2657010,"vd":0.0},"a":null,"cd":"","no":0,"rtUrl":null,"ftype":0,"rtUrls":[],"djId":0,"copyright":0,"s_id":0,"rtype":0,"rurl":null,"mst":9,"cp":564011,"mv":0,"publishTime":1537200000007},{"name":"时间飞行","id":571074019,"pst":0,"t":0,"ar":[{"id":12091076,"name":"白宇","tns":[],"alias":[]},{"id":12151013,"name":"朱一龙","tns":[],"alias":[]}],"alia":["超级网剧《镇魂》推广曲"],"pop":100.0,"st":0,"rt":null,"fee":8,"v":9,"crbt":null,"cf":"","al":{"id":39566012,"name":"时间飞行","picUrl":"http://p1.music.126.net/0L3N_IHy_Se107oF5jFDuw==/109951163334334869.jpg","tns":[],"pic_str":"109951163334334869","pic":109951163334334869},"dt":186176,"h":{"br":320000,"fid":0,"size":7450166,"vd":0.0},"m":{"br":192000,"fid":0,"size":4470117,"vd":0.0},"l":{"br":128000,"fid":0,"size":2980093,"vd":0.0},"a":null,"cd":"","no":0,"rtUrl":null,"ftype":0,"rtUrls":[],"djId":0,"copyright":0,"s_id":0,"rtype":0,"rurl":null,"mst":9,"cp":1399823,"mv":5917795,"publishTime":1528128000007},{"name":"给陌生的你听 ","id":562594322,"pst":0,"t":0,"ar":[{"id":12050057,"name":"G.G(张思源)","tns":[],"alias":[]}],"alia":[],"pop":100.0,"st":0,"rt":null,"fee":8,"v":6,"crbt":null,"cf":"","al":{"id":38983111,"name":"给陌生的你听 ","picUrl":"http://p1.music.126.net/LMPuItVrjn1Vi5c8vZZ90Q==/109951163309729098.jpg","tns":[],"pic_str":"109951163309729098","pic":109951163309729098},"dt":196407,"h":{"br":320000,"fid":0,"size":7858721,"vd":-1.0},"m":{"br":192000,"fid":0,"size":4715250,"vd":-1.0},"l":{"br":128000,"fid":0,"size":3143515,"vd":-1.0},"a":null,"cd":"","no":0,"rtUrl":null,"ftype":0,"rtUrls":[],"djId":0,"copyright":0,"s_id":0,"rtype":0,"rurl":null,"mst":9,"cp":760012,"mv":0,"publishTime":1526918400007},{"name":"夏风","id":863709049,"pst":0,"t":0,"ar":[{"id":14017398,"name":"Gifty","tns":[],"alias":[]}],"alia":[],"pop":100.0,"st":0,"rt":null,"fee":8,"v":12,"crbt":null,"cf":"","al":{"id":71686235,"name":"夏风","picUrl":"http://p1.music.126.net/m1zAooK_OU0fOBJsyYRMOg==/109951163383979220.jpg","tns":[],"pic_str":"109951163383979220","pic":109951163383979220},"dt":194351,"h":{"br":320000,"fid":0,"size":7776174,"vd":0.0},"m":{"br":192000,"fid":0,"size":4665722,"vd":0.0},"l":{"br":128000,"fid":0,"size":3110496,"vd":0.0},"a":null,"cd":"","no":1,"rtUrl":null,"ftype":0,"rtUrls":[],"djId":0,"copyright":0,"s_id":0,"rtype":0,"rurl":null,"mst":9,"cp":0,"mv":0,"publishTime":1530316800000},{"name":"喜欢","id":526464145,"pst":0,"t":0,"ar":[{"id":7122,"name":"阿肆","tns":[],"alias":[]}],"alia":[],"pop":100.0,"st":0,"rt":null,"fee":0,"v":8,"crbt":null,"cf":"","al":{"id":37087026,"name":"喜欢","picUrl":"http://p1.music.126.net/BA0bFrD0cK4YDSYublCThA==/109951163093942268.jpg","tns":[],"pic_str":"109951163093942268","pic":109951163093942268},"dt":250285,"h":{"br":320000,"fid":0,"size":10014346,"vd":-1.0},"m":{"br":192000,"fid":0,"size":6008625,"vd":-1.0},"l":{"br":128000,"fid":0,"size":4005764,"vd":-1.0},"a":null,"cd":"","no":0,"rtUrl":null,"ftype":0,"rtUrls":[],"djId":0,"copyright":2,"s_id":0,"rtype":0,"rurl":null,"mst":9,"cp":22036,"mv":0,"publishTime":1514390400007},{"name":"寒鸦少年","id":1305366556,"pst":0,"t":0,"ar":[{"id":861777,"name":"华晨宇","tns":[],"alias":[]}],"alia":["电视剧《斗破苍穹》主题曲"],"pop":100.0,"st":0,"rt":null,"fee":8,"v":1,"crbt":null,"cf":"","al":{"id":72706788,"name":"寒鸦少年","picUrl":"http://p1.music.126.net/qRQTS_TroZo9SLV5yqpT5A==/109951163520638522.jpg","tns":[],"pic_str":"109951163520638522","pic":109951163520638522},"dt":315146,"h":{"br":320000,"fid":0,"size":12608827,"vd":-3.0},"m":{"br":192000,"fid":0,"size":7565314,"vd":-3.0},"l":{"br":128000,"fid":0,"size":5043557,"vd":-3.0},"a":null,"cd":"","no":0,"rtUrl":null,"ftype":0,"rtUrls":[],"djId":0,"copyright":0,"s_id":0,"rtype":0,"rurl":null,"mst":9,"cp":1384818,"mv":0,"publishTime":1535472000007},{"name":"Dont Do It For You No More FREESTLYE","id":1311110051,"pst":0,"t":0,"ar":[{"id":12768447,"name":"柒羊","tns":[],"alias":[]}],"alia":[],"pop":100.0,"st":0,"rt":null,"fee":0,"v":12,"crbt":null,"cf":"","al":{"id":73381136,"name":"Don't Do It For You No More FREESTYLE","picUrl":"http://p1.music.126.net/BNYbE5XR-bAQXG-sdwfdTA==/109951163557791822.jpg","tns":[],"pic_str":"109951163557791822","pic":109951163557791822},"dt":101500,"h":{"br":320000,"fid":0,"size":4062607,"vd":0.0},"m":{"br":192000,"fid":0,"size":2437582,"vd":0.0},"l":{"br":128000,"fid":0,"size":1625069,"vd":0.0},"a":null,"cd":"","no":1,"rtUrl":null,"ftype":0,"rtUrls":[],"djId":0,"copyright":0,"s_id":0,"rtype":0,"rurl":null,"mst":9,"cp":0,"mv":0,"publishTime":1537228800000},{"name":"Blank Space","id":554725988,"pst":0,"t":0,"ar":[{"id":805090,"name":"J.Fla","tns":[],"alias":[]}],"alia":[],"pop":95.0,"st":0,"rt":null,"fee":8,"v":5,"crbt":null,"cf":"","al":{"id":38454856,"name":"Rose","picUrl":"http://p1.music.126.net/izJEWkbpFZOkq59zyATvmg==/109951163265162334.jpg","tns":[],"pic_str":"109951163265162334","pic":109951163265162334},"dt":178631,"h":{"br":320000,"fid":0,"size":7148191,"vd":-1.0},"m":{"br":192000,"fid":0,"size":4288932,"vd":0.0},"l":{"br":128000,"fid":0,"size":2859302,"vd":0.0},"a":null,"cd":"03","no":9,"rtUrl":null,"ftype":0,"rtUrls":[],"djId":0,"copyright":1,"s_id":0,"rtype":0,"rurl":null,"mst":9,"cp":560011,"mv":5570829,"publishTime":1524758400007},{"name":"旷梦 (Live)","id":1311319369,"pst":0,"t":0,"ar":[{"id":5538,"name":"汪苏泷","tns":[],"alias":[]}],"alia":[],"pop":100.0,"st":0,"rt":null,"fee":0,"v":5,"crbt":null,"cf":"","al":{"id":73471716,"name":"中国音乐公告牌 第三期 ","picUrl":"http://p1.music.126.net/E0i8fhPqJ_QVGLLtS6xRxQ==/109951163561025767.jpg","tns":[],"pic_str":"109951163561025767","pic":109951163561025767},"dt":210416,"h":{"br":320000,"fid":0,"size":8418787,"vd":0.0},"m":{"br":192000,"fid":0,"size":5051289,"vd":0.0},"l":{"br":128000,"fid":0,"size":3367541,"vd":0.0},"a":null,"cd":"","no":2,"rtUrl":null,"ftype":0,"rtUrls":[],"djId":0,"copyright":2,"s_id":0,"rtype":0,"rurl":null,"mst":9,"cp":1403820,"mv":0,"publishTime":1537459200007},{"name":"厌世者与赞美诗","id":1311946524,"pst":0,"t":0,"ar":[{"id":1047348,"name":"西瓜Kune","tns":[],"alias":[]}],"alia":[],"pop":0.0,"st":0,"rt":null,"fee":0,"v":4,"crbt":null,"cf":"","al":{"id":73481017,"name":"厌世者与赞美诗","picUrl":"http://p1.music.126.net/GYAmSil-7vPSJDCp5earMA==/109951163562991109.jpg","tns":[],"pic_str":"109951163562991109","pic":109951163562991109},"dt":236364,"h":{"br":320000,"fid":0,"size":9464729,"vd":-3.0},"m":{"br":192000,"fid":0,"size":5678855,"vd":-2.0},"l":{"br":128000,"fid":0,"size":3785918,"vd":-2.0},"a":null,"cd":"","no":1,"rtUrl":null,"ftype":0,"rtUrls":[],"djId":0,"copyright":0,"s_id":0,"rtype":0,"rurl":null,"mst":9,"cp":0,"mv":0,"publishTime":1537545600000},{"name":"特别","id":1298898548,"pst":0,"t":0,"ar":[{"id":12079219,"name":"李佳隆","tns":[],"alias":[]}],"alia":[],"pop":100.0,"st":0,"rt":null,"fee":0,"v":11,"crbt":null,"cf":"","al":{"id":72110991,"name":"特别","picUrl":"http://p1.music.126.net/V-jxdqGAUFOT4Bk6DwwqVQ==/109951163441216077.jpg","tns":[],"pic_str":"109951163441216077","pic":109951163441216077},"dt":198408,"h":{"br":320000,"fid":0,"size":7939178,"vd":0.0},"m":{"br":192000,"fid":0,"size":4763524,"vd":0.0},"l":{"br":128000,"fid":0,"size":3175697,"vd":0.0},"a":null,"cd":"","no":1,"rtUrl":null,"ftype":0,"rtUrls":[],"djId":0,"copyright":0,"s_id":0,"rtype":0,"rurl":null,"mst":9,"cp":0,"mv":10799141,"publishTime":1533340800000},{"name":"学猫叫","id":554191055,"pst":0,"t":0,"ar":[{"id":12532848,"name":"小潘潘","tns":[],"alias":[]},{"id":790044,"name":"小峰峰","tns":[],"alias":[]}],"alia":[],"pop":100.0,"st":0,"rt":null,"fee":8,"v":12,"crbt":null,"cf":"","al":{"id":38373406,"name":"学猫叫","picUrl":"http://p1.music.126.net/D1Ov-XMAwUzsr16mQk95fA==/109951163256119128.jpg","tns":[],"pic_str":"109951163256119128","pic":109951163256119128},"dt":209218,"h":{"br":320000,"fid":0,"size":8371766,"vd":-1.0},"m":{"br":192000,"fid":0,"size":5023077,"vd":-1.0},"l":{"br":128000,"fid":0,"size":3348733,"vd":-1.0},"a":null,"cd":"1","no":1,"rtUrl":null,"ftype":0,"rtUrls":[],"djId":0,"copyright":0,"s_id":0,"rtype":0,"rurl":null,"mst":9,"cp":651010,"mv":5958049,"publishTime":1524153600000},{"name":"选择失忆","id":548556306,"pst":0,"t":0,"ar":[{"id":12262634,"name":"季彦霖","tns":[],"alias":[]}],"alia":[],"pop":100.0,"st":0,"rt":null,"fee":8,"v":23,"crbt":null,"cf":"","al":{"id":38033354,"name":"选择失忆","picUrl":"http://p1.music.126.net/cbRFnuU7LxqGV_ppOeMTEw==/109951163212805251.jpg","tns":[],"pic_str":"109951163212805251","pic":109951163212805251},"dt":279344,"h":{"br":320000,"fid":0,"size":11176272,"vd":0.0},"m":{"br":192000,"fid":0,"size":6705781,"vd":0.0},"l":{"br":128000,"fid":0,"size":4470535,"vd":0.0},"a":null,"cd":"1","no":1,"rtUrl":null,"ftype":0,"rtUrls":[],"djId":0,"copyright":2,"s_id":0,"rtype":0,"rurl":null,"mst":9,"cp":698013,"mv":5876169,"publishTime":1522252800000},{"name":"Rain night","id":1311709143,"pst":0,"t":0,"ar":[{"id":12519065,"name":"程安","tns":[],"alias":[]}],"alia":[],"pop":0.0,"st":0,"rt":null,"fee":0,"v":7,"crbt":null,"cf":"","al":{"id":73386609,"name":"日夜遊樂場","picUrl":"http://p1.music.126.net/Lh9cRgKkvLFSMBgx-x5BZg==/109951163561565065.jpg","tns":[],"pic_str":"109951163561565065","pic":109951163561565065},"dt":138475,"h":{"br":320000,"fid":0,"size":5541138,"vd":0.0},"m":{"br":192000,"fid":0,"size":3324700,"vd":0.0},"l":{"br":128000,"fid":0,"size":2216481,"vd":0.0},"a":null,"cd":"","no":1,"rtUrl":null,"ftype":0,"rtUrls":[],"djId":0,"copyright":0,"s_id":0,"rtype":0,"rurl":null,"mst":9,"cp":0,"mv":0,"publishTime":1537632000000},{"name":"江湖儿女","id":1302132281,"pst":0,"t":0,"ar":[{"id":9489,"name":"谭维维","tns":[],"alias":[]}],"alia":["电影《江湖儿女》同名主题曲"],"pop":100.0,"st":0,"rt":null,"fee":0,"v":13,"crbt":null,"cf":"","al":{"id":72334677,"name":"江湖儿女","picUrl":"http://p1.music.126.net/nxFH1bXzMoZIyr46qt5Gyw==/109951163464283386.jpg","tns":[],"pic_str":"109951163464283386","pic":109951163464283386},"dt":237151,"h":{"br":320000,"fid":0,"size":9488762,"vd":0.0},"m":{"br":192000,"fid":0,"size":5693275,"vd":0.0},"l":{"br":128000,"fid":0,"size":3795531,"vd":0.0},"a":null,"cd":"1","no":1,"rtUrl":null,"ftype":0,"rtUrls":[],"djId":0,"copyright":0,"s_id":0,"rtype":0,"rurl":null,"mst":9,"cp":417014,"mv":5966524,"publishTime":1534435200000},{"name":"我怎么这么好看","id":1296558091,"pst":0,"t":0,"ar":[{"id":2524,"name":"大张伟","tns":[],"alias":[]}],"alia":["青春芒果节主题曲"],"pop":100.0,"st":0,"rt":null,"fee":0,"v":4,"crbt":null,"cf":"","al":{"id":71853206,"name":"我怎么这么好看","picUrl":"http://p1.music.126.net/gBP1IxrdxFsOW0oJX8FLxg==/109951163427826171.jpg","tns":[],"pic_str":"109951163427826171","pic":109951163427826171},"dt":180902,"h":{"br":320000,"fid":0,"size":7239097,"vd":-1.0},"m":{"br":192000,"fid":0,"size":4343475,"vd":0.0},"l":{"br":128000,"fid":0,"size":2895665,"vd":0.0},"a":null,"cd":"","no":0,"rtUrl":null,"ftype":0,"rtUrls":[],"djId":0,"copyright":0,"s_id":0,"rtype":0,"rurl":null,"mst":9,"cp":404023,"mv":0,"publishTime":1532793600007},{"name":"On My Way","id":1311347303,"pst":0,"t":0,"ar":[{"id":1043093,"name":"Toy王奕","tns":[],"alias":[]}],"alia":[],"pop":0.0,"st":0,"rt":null,"fee":0,"v":4,"crbt":null,"cf":"","al":{"id":73471705,"name":"On My Way","picUrl":"http://p1.music.126.net/FLk_uQpTC_9jQYcq0ztQLw==/109951163560977158.jpg","tns":[],"pic_str":"109951163560977158","pic":109951163560977158},"dt":217620,"h":{"br":320000,"fid":0,"size":8707178,"vd":0.0},"m":{"br":192000,"fid":0,"size":5224324,"vd":0.0},"l":{"br":128000,"fid":0,"size":3482897,"vd":0.0},"a":null,"cd":"","no":0,"rtUrl":null,"ftype":0,"rtUrls":[],"djId":0,"copyright":0,"s_id":0,"rtype":0,"rurl":null,"mst":9,"cp":0,"mv":10801108,"publishTime":1537545600007},{"name":"爱都爱了 ","id":865021730,"pst":0,"t":0,"ar":[{"id":1178126,"name":"小洲","tns":[],"alias":[]}],"alia":[],"pop":100.0,"st":0,"rt":null,"fee":8,"v":22,"crbt":null,"cf":"","al":{"id":71724151,"name":"爱都爱了","picUrl":"http://p1.music.126.net/Y3S-oRHIGkUcVXVsBTa8LQ==/109951163403451006.jpg","tns":[],"pic_str":"109951163403451006","pic":109951163403451006},"dt":255655,"h":{"br":320000,"fid":0,"size":10228550,"vd":0.0},"m":{"br":192000,"fid":0,"size":6137147,"vd":0.0},"l":{"br":128000,"fid":0,"size":4091446,"vd":0.0},"a":null,"cd":"1","no":1,"rtUrl":null,"ftype":0,"rtUrls":[],"djId":0,"copyright":2,"s_id":0,"rtype":0,"rurl":null,"mst":9,"cp":1382818,"mv":10779254,"publishTime":1531324800007},{"name":"消愁","id":569200213,"pst":0,"t":0,"ar":[{"id":12138269,"name":"毛不易","tns":[],"alias":[]}],"alia":[],"pop":100.0,"st":0,"rt":null,"fee":4,"v":87,"crbt":null,"cf":"","al":{"id":39483040,"name":"平凡的一天","picUrl":"http://p1.music.126.net/vmCcDvD1H04e9gm97xsCqg==/109951163350929740.jpg","tns":[],"pic_str":"109951163350929740","pic":109951163350929740},"dt":261346,"h":{"br":320000,"fid":0,"size":10456338,"vd":0.0},"m":{"br":192000,"fid":0,"size":6273820,"vd":0.0},"l":{"br":128000,"fid":0,"size":4182561,"vd":0.0},"a":null,"cd":"2","no":4,"rtUrl":null,"ftype":0,"rtUrls":[],"djId":0,"copyright":2,"s_id":0,"rtype":0,"rurl":null,"mst":9,"cp":755014,"mv":5958062,"publishTime":1530547200007},{"name":"你是我最愚蠢的一次浪漫","id":502103677,"pst":0,"t":0,"ar":[{"id":1050282,"name":"房东的猫","tns":[],"alias":[]}],"alia":[],"pop":100.0,"st":0,"rt":null,"fee":8,"v":23,"crbt":null,"cf":"","al":{"id":37989114,"name":"柔软","picUrl":"http://p1.music.126.net/oKH5VQ-uXbV94wSUuWVJ9w==/109951163204748231.jpg","tns":[],"pic_str":"109951163204748231","pic":109951163204748231},"dt":212465,"h":{"br":320000,"fid":0,"size":8501333,"vd":-2.0},"m":{"br":192000,"fid":0,"size":5100817,"vd":-2.0},"l":{"br":128000,"fid":0,"size":3400559,"vd":-2.0},"a":null,"cd":"1","no":7,"rtUrl":null,"ftype":0,"rtUrls":[],"djId":0,"copyright":2,"s_id":0,"rtype":0,"rurl":null,"mst":9,"cp":0,"mv":0,"publishTime":1522512000007},{"name":"你要的全拿走","id":529668356,"pst":0,"t":0,"ar":[{"id":3066,"name":"胡彦斌","tns":[],"alias":[]}],"alia":["Take Everything You Want"],"pop":100.0,"st":0,"rt":null,"fee":8,"v":43,"crbt":null,"cf":"","al":{"id":37391092,"name":"覅忒好","picUrl":"http://p1.music.126.net/9uUWLnRsv4c0F0wu9dlttA==/109951163118372627.jpg","tns":[],"pic_str":"109951163118372627","pic":109951163118372627},"dt":299333,"h":{"br":320000,"fid":0,"size":11975619,"vd":-2.0},"m":{"br":192000,"fid":0,"size":7185389,"vd":-1.0},"l":{"br":128000,"fid":0,"size":4790274,"vd":-1.0},"a":null,"cd":"1","no":3,"rtUrl":null,"ftype":0,"rtUrls":[],"djId":0,"copyright":2,"s_id":0,"rtype":0,"rurl":null,"mst":9,"cp":22036,"mv":5779938,"publishTime":1515513600000},{"name":"Moonlight Romance","id":1311954513,"pst":0,"t":0,"ar":[{"id":1043290,"name":"传琦SAMA","tns":[],"alias":[]}],"alia":[],"pop":0.0,"st":0,"rt":null,"fee":0,"v":6,"crbt":null,"cf":"","al":{"id":73485898,"name":"Moonlight Romance","picUrl":"http://p1.music.126.net/HKrs4EkGXnQxJiQ-xRbrBw==/109951163563050058.jpg","tns":[],"pic_str":"109951163563050058","pic":109951163563050058},"dt":214673,"h":{"br":320000,"fid":0,"size":8589105,"vd":-1.0},"m":{"br":192000,"fid":0,"size":5153480,"vd":-1.0},"l":{"br":128000,"fid":0,"size":3435668,"vd":-1.0},"a":null,"cd":"","no":1,"rtUrl":null,"ftype":0,"rtUrls":[],"djId":0,"copyright":0,"s_id":0,"rtype":0,"rurl":null,"mst":9,"cp":0,"mv":0,"publishTime":1537545600000},{"name":"致少年","id":1311949328,"pst":0,"t":0,"ar":[{"id":1047248,"name":"少年霜","tns":[],"alias":[]}],"alia":[],"pop":0.0,"st":0,"rt":null,"fee":0,"v":4,"crbt":null,"cf":"","al":{"id":73485889,"name":"致少年","picUrl":"http://p1.music.126.net/vtGLlQgdVKkdsVBr4AFFXg==/109951163562985987.jpg","tns":[],"pic_str":"109951163562985987","pic":109951163562985987},"dt":280000,"h":{"br":320000,"fid":0,"size":11202395,"vd":-3.0},"m":{"br":192000,"fid":0,"size":6721454,"vd":-3.0},"l":{"br":128000,"fid":0,"size":4480984,"vd":-3.0},"a":null,"cd":"","no":1,"rtUrl":null,"ftype":0,"rtUrls":[],"djId":0,"copyright":0,"s_id":0,"rtype":0,"rurl":null,"mst":9,"cp":0,"mv":0,"publishTime":1537545600000},{"name":"缺氧","id":521602388,"pst":0,"t":0,"ar":[{"id":12132566,"name":"安苏羽","tns":[],"alias":[]}],"alia":[],"pop":100.0,"st":0,"rt":null,"fee":8,"v":52,"crbt":null,"cf":"","al":{"id":36867692,"name":"缺氧","picUrl":"http://p1.music.126.net/mJg8wJbIoM8d8xQ72eR2qw==/109951163073289601.jpg","tns":[],"pic_str":"109951163073289601","pic":109951163073289601},"dt":271424,"h":{"br":320000,"fid":0,"size":10859668,"vd":0.0},"m":{"br":192000,"fid":0,"size":6515818,"vd":0.0},"l":{"br":128000,"fid":0,"size":4343893,"vd":0.0},"a":null,"cd":"","no":1,"rtUrl":null,"ftype":0,"rtUrls":[],"djId":0,"copyright":2,"s_id":0,"rtype":0,"rurl":null,"mst":9,"cp":698013,"mv":0,"publishTime":1532448000007},{"name":"Ei Ei","id":529823971,"pst":0,"t":0,"ar":[{"id":13059577,"name":"偶像练习生","tns":[],"alias":[]}],"alia":[],"pop":100.0,"st":0,"rt":null,"fee":0,"v":19,"crbt":null,"cf":"","al":{"id":37256285,"name":"偶像练习生","picUrl":"http://p1.music.126.net/iutMqAr58qq8HYKPCrv9sg==/109951163110826700.jpg","tns":[],"pic_str":"109951163110826700","pic":109951163110826700},"dt":226893,"h":{"br":320000,"fid":0,"size":9078117,"vd":-2.0},"m":{"br":192000,"fid":0,"size":5446888,"vd":-2.0},"l":{"br":128000,"fid":0,"size":3631273,"vd":-1.0},"a":null,"cd":"","no":1,"rtUrl":null,"ftype":0,"rtUrls":[],"djId":0,"copyright":2,"s_id":0,"rtype":0,"rurl":null,"mst":9,"cp":1377826,"mv":5819118,"publishTime":1516118400007},{"name":"怪咖","id":574921549,"pst":0,"t":0,"ar":[{"id":5781,"name":"薛之谦","tns":[],"alias":[]}],"alia":[],"pop":100.0,"st":0,"rt":null,"fee":0,"v":13,"crbt":null,"cf":"","al":{"id":39723739,"name":"怪咖","picUrl":"http://p1.music.126.net/3nHehbAPLSlpNM0bdiL1JQ==/109951163380470594.jpg","tns":[],"pic_str":"109951163380470594","pic":109951163380470594},"dt":250491,"h":{"br":320000,"fid":0,"size":10022705,"vd":0.0},"m":{"br":192000,"fid":0,"size":6013640,"vd":0.0},"l":{"br":128000,"fid":0,"size":4009108,"vd":0.0},"a":null,"cd":"1","no":1,"rtUrl":null,"ftype":0,"rtUrls":[],"djId":0,"copyright":0,"s_id":0,"rtype":0,"rurl":null,"mst":9,"cp":22036,"mv":0,"publishTime":1529942400000},{"name":"昨日青空","id":1293951677,"pst":0,"t":0,"ar":[{"id":13058503,"name":"尤长靖","tns":[],"alias":[]}],"alia":["电影《昨日青空》同名青春主题曲"],"pop":100.0,"st":0,"rt":null,"fee":0,"v":1,"crbt":null,"cf":"","al":{"id":71855745,"name":"昨日青空","picUrl":"http://p1.music.126.net/5BLwaGxULPLXWhhnIzD2CQ==/109951163413015911.jpg","tns":[],"pic_str":"109951163413015911","pic":109951163413015911},"dt":279883,"h":{"br":320000,"fid":0,"size":11198215,"vd":-2.0},"m":{"br":192000,"fid":0,"size":6718946,"vd":-1.0},"l":{"br":128000,"fid":0,"size":4479312,"vd":-1.0},"a":null,"cd":"","no":1,"rtUrl":null,"ftype":0,"rtUrls":[],"djId":0,"copyright":0,"s_id":0,"rtype":0,"rurl":null,"mst":9,"cp":415022,"mv":10738068,"publishTime":1531929600007},{"name":"一个人去巴黎","id":864647841,"pst":0,"t":0,"ar":[{"id":12054456,"name":"董又霖","tns":[],"alias":[]}],"alia":[],"pop":100.0,"st":0,"rt":null,"fee":0,"v":14,"crbt":null,"cf":"","al":{"id":71724137,"name":"一个人去巴黎","picUrl":"http://p1.music.126.net/zHc8QgE0TLI1nQnWeft0Yw==/109951163403299614.jpg","tns":[],"pic_str":"109951163403299614","pic":109951163403299614},"dt":252390,"h":{"br":320000,"fid":0,"size":10097938,"vd":-1.0},"m":{"br":192000,"fid":0,"size":6058780,"vd":0.0},"l":{"br":128000,"fid":0,"size":4039201,"vd":0.0},"a":null,"cd":"","no":1,"rtUrl":null,"ftype":0,"rtUrls":[],"djId":0,"copyright":2,"s_id":0,"rtype":0,"rurl":null,"mst":9,"cp":618011,"mv":5965312,"publishTime":1531497600007},{"name":"Unicorn (Live)","id":1311347322,"pst":0,"t":0,"ar":[{"id":12493781,"name":"Lil Ghost小鬼","tns":[],"alias":[]}],"alia":[],"pop":100.0,"st":0,"rt":null,"fee":0,"v":6,"crbt":null,"cf":"","al":{"id":73471716,"name":"中国音乐公告牌 第三期 ","picUrl":"http://p1.music.126.net/E0i8fhPqJ_QVGLLtS6xRxQ==/109951163561025767.jpg","tns":[],"pic_str":"109951163561025767","pic":109951163561025767},"dt":219449,"h":{"br":320000,"fid":0,"size":8780321,"vd":0.0},"m":{"br":192000,"fid":0,"size":5268210,"vd":0.0},"l":{"br":128000,"fid":0,"size":3512155,"vd":0.0},"a":null,"cd":"","no":1,"rtUrl":null,"ftype":0,"rtUrls":[],"djId":0,"copyright":0,"s_id":0,"rtype":0,"rurl":null,"mst":9,"cp":1403820,"mv":0,"publishTime":1537459200007},{"name":"Shape of You","id":451703096,"pst":0,"t":0,"ar":[{"id":33184,"name":"Ed Sheeran","tns":[],"alias":[]}],"alia":[],"pop":100.0,"st":0,"rt":null,"fee":8,"v":32,"crbt":null,"cf":"","al":{"id":35114127,"name":"Shape Of You","picUrl":"http://p1.music.126.net/5Zs51JS6cQzvQclW5u_J1g==/18832435162240436.jpg","tns":[],"pic_str":"18832435162240436","pic":18832435162240436},"dt":231037,"h":{"br":320000,"fid":0,"size":9244256,"vd":-3.94},"m":{"br":160000,"fid":0,"size":4622151,"vd":-3.51},"l":{"br":96000,"fid":0,"size":2773308,"vd":-3.53},"a":null,"cd":"1","no":1,"rtUrl":null,"ftype":0,"rtUrls":[],"djId":0,"copyright":2,"s_id":0,"rtype":0,"rurl":null,"mst":9,"cp":7002,"mv":5439044,"publishTime":1483632000007},{"name":"天地无霜 (合唱版)","id":545590356,"pst":0,"t":0,"ar":[{"id":10368,"name":"杨紫","tns":[],"alias":[]},{"id":12440042,"name":"邓伦","tns":[],"alias":[]}],"alia":["电视剧《香蜜沉沉烬如霜》对唱主题曲"],"pop":100.0,"st":0,"rt":null,"fee":8,"v":84,"crbt":null,"cf":"","al":{"id":37548020,"name":"香蜜沉沉烬如霜 电视原声音乐专辑","picUrl":"http://p1.music.126.net/gEia-o05FSas8uJos54Sug==/109951163456726954.jpg","tns":[],"pic_str":"109951163456726954","pic":109951163456726954},"dt":216885,"h":{"br":320000,"fid":0,"size":8677921,"vd":-2.0},"m":{"br":192000,"fid":0,"size":5206770,"vd":-1.0},"l":{"br":128000,"fid":0,"size":3471195,"vd":-1.0},"a":null,"cd":"","no":5,"rtUrl":null,"ftype":0,"rtUrls":[],"djId":0,"copyright":2,"s_id":0,"rtype":0,"rurl":null,"mst":9,"cp":753018,"mv":5965135,"publishTime":1534089600007},{"name":"The Ocean","id":436514221,"pst":0,"t":0,"ar":[{"id":195021,"name":"Mike Perry","tns":[],"alias":[]},{"id":12354062,"name":"Shy Martin","tns":[],"alias":[]}],"alia":[],"pop":100.0,"st":0,"rt":null,"fee":8,"v":4,"crbt":null,"cf":"","al":{"id":34930239,"name":"Dream Dance Vol.81","picUrl":"http://p1.music.126.net/Bpxa57JHmBqPYJ_8ky5rCg==/18726882045015142.jpg","tns":[],"pic_str":"18726882045015142","pic":18726882045015142},"dt":182177,"h":{"br":320000,"fid":0,"size":7288207,"vd":-1.05},"m":{"br":160000,"fid":0,"size":3644126,"vd":-0.7},"l":{"br":96000,"fid":0,"size":2186494,"vd":-0.77},"a":null,"cd":"2","no":1,"rtUrl":null,"ftype":0,"rtUrls":[],"djId":0,"copyright":0,"s_id":0,"rtype":0,"rurl":null,"mst":9,"cp":7001,"mv":0,"publishTime":1475769600007},{"name":"纸短情长","id":557581284,"pst":0,"t":0,"ar":[{"id":8103,"name":"花粥","tns":[],"alias":[]}],"alia":[],"pop":100.0,"st":0,"rt":null,"fee":8,"v":4,"crbt":null,"cf":"","al":{"id":38594130,"name":"纸短情长","picUrl":"http://p1.music.126.net/PXE9MfYCgnjHz1vkrpUywQ==/109951163290871736.jpg","tns":[],"pic_str":"109951163290871736","pic":109951163290871736},"dt":186698,"h":{"br":320000,"fid":0,"size":7471064,"vd":0.0},"m":{"br":192000,"fid":0,"size":4482656,"vd":0.0},"l":{"br":128000,"fid":0,"size":2988452,"vd":0.0},"a":null,"cd":"","no":0,"rtUrl":null,"ftype":0,"rtUrls":[],"djId":0,"copyright":1,"s_id":0,"rtype":0,"rurl":null,"mst":9,"cp":1372820,"mv":0,"publishTime":1525881600007}],"trackIds":[{"id":536099160,"v":105,"lr":1,"ratio":219},{"id":1311346362,"v":19,"ratio":185},{"id":574566207,"v":8,"lr":9,"ratio":151},{"id":1293886117,"v":3,"lr":2,"ratio":145},{"id":1311346364,"v":19,"ratio":111},{"id":1309866644,"v":1,"ratio":106},{"id":553755659,"v":17,"lr":8,"ratio":90},{"id":1311345342,"v":19,"ratio":88},{"id":1306507727,"v":8,"ratio":84},{"id":1298219148,"v":50,"lr":20,"ratio":84},{"id":1309903520,"v":1,"ratio":83},{"id":1311319238,"v":1,"ratio":76},{"id":863046037,"v":2,"lr":41,"ratio":72},{"id":557581476,"v":4,"lr":13,"ratio":70},{"id":863489830,"v":10,"lr":33,"ratio":69},{"id":541687281,"v":112,"ratio":67},{"id":1296583188,"v":62,"lr":52,"ratio":66},{"id":1308819693,"v":10,"ratio":59},{"id":1311347329,"v":1,"ratio":48},{"id":1294924781,"v":4,"ratio":47},{"id":1309814826,"v":8,"lr":98,"ratio":46},{"id":573843002,"v":12,"lr":49,"ratio":45},{"id":1309394162,"v":11,"lr":23,"ratio":43},{"id":1297486087,"v":2,"lr":86,"ratio":41},{"id":1294817453,"v":2,"ratio":39},{"id":1311132031,"v":3,"ratio":37},{"id":1311696795,"v":3,"ratio":37},{"id":1311886013,"v":4,"ratio":35},{"id":566436427,"v":107,"ratio":33},{"id":1311346155,"v":4,"ratio":32},{"id":1308818527,"v":1,"lr":45,"ratio":32},{"id":569214126,"v":12,"ratio":32},{"id":1311023635,"v":3,"ratio":32},{"id":863138646,"v":6,"ratio":31},{"id":1309728506,"v":3,"ratio":30},{"id":571340214,"v":5,"lr":67,"ratio":29},{"id":1309689297,"v":1,"ratio":28},{"id":1309814348,"v":12,"ratio":28},{"id":1309614546,"v":3,"ratio":28},{"id":1308778604,"v":1,"ratio":25},{"id":1308017579,"v":1,"ratio":25},{"id":862101001,"v":6,"ratio":25},{"id":1309543595,"v":3,"ratio":25},{"id":546279760,"v":21,"lr":65,"ratio":25},{"id":1297605386,"v":4,"ratio":24},{"id":1308818630,"v":1,"ratio":24},{"id":1309903366,"v":3,"lr":73,"ratio":23},{"id":1302335545,"v":29,"ratio":23},{"id":571338279,"v":6,"ratio":22},{"id":1308818970,"v":9,"ratio":22},{"id":1311346260,"v":1,"ratio":22},{"id":1311874293,"v":6,"ratio":22},{"id":1294899063,"v":3,"lr":27,"ratio":22},{"id":1303026468,"v":11,"ratio":20},{"id":1294910785,"v":1,"ratio":20},{"id":1311347333,"v":3,"lr":72,"ratio":20},{"id":1307186114,"v":3,"ratio":19},{"id":1299550532,"v":13,"lr":64,"ratio":19},{"id":1308818704,"v":1,"ratio":19},{"id":1296410418,"v":4,"lr":94,"ratio":19},{"id":1311835501,"v":5,"ratio":18},{"id":545590357,"v":81,"lr":42,"ratio":18},{"id":473817398,"v":279,"ratio":18},{"id":1302401401,"v":5,"ratio":18},{"id":562592191,"v":111,"ratio":18},{"id":542690276,"v":15,"ratio":17},{"id":569213220,"v":87,"ratio":17},{"id":1309896309,"v":1,"ratio":17},{"id":571074019,"v":9,"ratio":17},{"id":562594322,"v":6,"ratio":16},{"id":863709049,"v":12,"ratio":15},{"id":526464145,"v":8,"ratio":15},{"id":1305366556,"v":1,"ratio":15},{"id":1311110051,"v":12,"ratio":15},{"id":554725988,"v":5,"ratio":15},{"id":1311319369,"v":5,"ratio":15},{"id":1311946524,"v":4,"ratio":14},{"id":1298898548,"v":11,"ratio":14},{"id":554191055,"v":12,"ratio":14},{"id":548556306,"v":23,"ratio":13},{"id":1311709143,"v":7,"ratio":13},{"id":1302132281,"v":13,"lr":51,"ratio":13},{"id":1296558091,"v":4,"ratio":12},{"id":1311347303,"v":4,"ratio":12},{"id":865021730,"v":22,"ratio":12},{"id":569200213,"v":87,"ratio":12},{"id":502103677,"v":23,"ratio":11},{"id":529668356,"v":43,"ratio":11},{"id":1311954513,"v":6,"ratio":11},{"id":1311949328,"v":4,"ratio":11},{"id":521602388,"v":52,"lr":79,"ratio":11},{"id":529823971,"v":19,"ratio":10},{"id":574921549,"v":13,"ratio":10},{"id":1293951677,"v":1,"ratio":10},{"id":864647841,"v":14,"ratio":10},{"id":1311347322,"v":6,"lr":25,"ratio":10},{"id":451703096,"v":32,"ratio":10},{"id":545590356,"v":84,"ratio":10},{"id":436514221,"v":4,"ratio":10},{"id":557581284,"v":4,"ratio":9}],"updateTime":1537662037481,"coverImgId":18696095720518497,"privacy":0,"newImported":false,"specialType":10,"trackUpdateTime":1537716037901,"trackCount":100,"commentThreadId":"A_PL_0_19723756","coverImgUrl":"http://p3.music.126.net/DrRIg6CrgDfVLEph9SNh7w==/18696095720518497.jpg","playCount":1322317056,"highQuality":false,"createTime":1404115136883,"userId":1,"tags":[],"status":0,"trackNumberUpdateTime":1537662037318,"adType":0,"ordered":true,"description":"云音乐中每天热度上升最快的100首单曲，每日更新。","subscribedCount":1240995,"cloudTrackCount":0,"name":"云音乐飙升榜","id":19723756,"shareCount":4182,"coverImgId_str":"18696095720518497","ToplistType":"S","commentCount":136746},"code":200,"privileges":[{"id":536099160,"fee":8,"payed":0,"st":0,"pl":128000,"dl":0,"sp":7,"cp":1,"subp":1,"cs":false,"maxbr":999000,"fl":128000,"toast":false,"flag":4,"preSell":false},{"id":1311346362,"fee":0,"payed":0,"st":0,"pl":320000,"dl":320000,"sp":7,"cp":1,"subp":1,"cs":false,"maxbr":999000,"fl":320000,"toast":false,"flag":128,"preSell":false},{"id":574566207,"fee":8,"payed":0,"st":0,"pl":128000,"dl":0,"sp":7,"cp":1,"subp":1,"cs":false,"maxbr":999000,"fl":128000,"toast":false,"flag":0,"preSell":false},{"id":1293886117,"fee":8,"payed":0,"st":0,"pl":128000,"dl":0,"sp":7,"cp":1,"subp":1,"cs":false,"maxbr":320000,"fl":128000,"toast":false,"flag":4,"preSell":false},{"id":1311346364,"fee":0,"payed":0,"st":0,"pl":320000,"dl":320000,"sp":7,"cp":1,"subp":1,"cs":false,"maxbr":999000,"fl":320000,"toast":false,"flag":128,"preSell":false},{"id":1309866644,"fee":8,"payed":0,"st":0,"pl":128000,"dl":0,"sp":7,"cp":1,"subp":1,"cs":false,"maxbr":320000,"fl":128000,"toast":false,"flag":4,"preSell":false},{"id":553755659,"fee":8,"payed":0,"st":0,"pl":128000,"dl":0,"sp":7,"cp":1,"subp":1,"cs":false,"maxbr":999000,"fl":128000,"toast":false,"flag":0,"preSell":false},{"id":1311345342,"fee":0,"payed":0,"st":0,"pl":320000,"dl":320000,"sp":7,"cp":1,"subp":1,"cs":false,"maxbr":999000,"fl":320000,"toast":false,"flag":128,"preSell":false},{"id":1306507727,"fee":8,"payed":0,"st":0,"pl":128000,"dl":0,"sp":7,"cp":1,"subp":1,"cs":false,"maxbr":999000,"fl":128000,"toast":false,"flag":0,"preSell":false},{"id":1298219148,"fee":8,"payed":0,"st":0,"pl":128000,"dl":0,"sp":7,"cp":1,"subp":1,"cs":false,"maxbr":999000,"fl":128000,"toast":false,"flag":0,"preSell":false},{"id":1309903520,"fee":8,"payed":0,"st":0,"pl":128000,"dl":0,"sp":7,"cp":1,"subp":1,"cs":false,"maxbr":999000,"fl":128000,"toast":false,"flag":0,"preSell":false},{"id":1311319238,"fee":8,"payed":0,"st":0,"pl":128000,"dl":0,"sp":7,"cp":1,"subp":1,"cs":false,"maxbr":999000,"fl":128000,"toast":false,"flag":128,"preSell":false},{"id":863046037,"fee":8,"payed":0,"st":0,"pl":128000,"dl":0,"sp":7,"cp":1,"subp":1,"cs":false,"maxbr":320000,"fl":128000,"toast":false,"flag":4,"preSell":false},{"id":557581476,"fee":8,"payed":0,"st":0,"pl":128000,"dl":0,"sp":7,"cp":1,"subp":1,"cs":false,"maxbr":999000,"fl":128000,"toast":false,"flag":128,"preSell":false},{"id":863489830,"fee":8,"payed":0,"st":0,"pl":128000,"dl":0,"sp":7,"cp":1,"subp":1,"cs":false,"maxbr":999000,"fl":128000,"toast":false,"flag":4,"preSell":false},{"id":541687281,"fee":8,"payed":0,"st":0,"pl":128000,"dl":0,"sp":7,"cp":1,"subp":1,"cs":false,"maxbr":999000,"fl":128000,"toast":false,"flag":128,"preSell":false},{"id":1296583188,"fee":0,"payed":0,"st":0,"pl":320000,"dl":320000,"sp":7,"cp":1,"subp":1,"cs":false,"maxbr":999000,"fl":320000,"toast":false,"flag":128,"preSell":false},{"id":1308819693,"fee":8,"payed":0,"st":0,"pl":128000,"dl":0,"sp":7,"cp":1,"subp":1,"cs":false,"maxbr":320000,"fl":128000,"toast":false,"flag":260,"preSell":false},{"id":1311347329,"fee":0,"payed":0,"st":0,"pl":320000,"dl":320000,"sp":7,"cp":1,"subp":1,"cs":false,"maxbr":999000,"fl":320000,"toast":false,"flag":128,"preSell":false},{"id":1294924781,"fee":0,"payed":0,"st":0,"pl":320000,"dl":320000,"sp":7,"cp":1,"subp":1,"cs":false,"maxbr":999000,"fl":320000,"toast":false,"flag":128,"preSell":false},{"id":1309814826,"fee":8,"payed":0,"st":0,"pl":128000,"dl":0,"sp":7,"cp":1,"subp":1,"cs":false,"maxbr":999000,"fl":128000,"toast":false,"flag":0,"preSell":false},{"id":573843002,"fee":8,"payed":0,"st":0,"pl":128000,"dl":0,"sp":7,"cp":1,"subp":1,"cs":false,"maxbr":999000,"fl":128000,"toast":false,"flag":0,"preSell":false},{"id":1309394162,"fee":0,"payed":0,"st":0,"pl":320000,"dl":320000,"sp":7,"cp":1,"subp":1,"cs":false,"maxbr":999000,"fl":320000,"toast":false,"flag":0,"preSell":false},{"id":1297486087,"fee":8,"payed":0,"st":0,"pl":128000,"dl":0,"sp":7,"cp":1,"subp":1,"cs":false,"maxbr":999000,"fl":128000,"toast":false,"flag":0,"preSell":false},{"id":1294817453,"fee":8,"payed":0,"st":0,"pl":128000,"dl":0,"sp":7,"cp":1,"subp":1,"cs":false,"maxbr":320000,"fl":128000,"toast":false,"flag":4,"preSell":false},{"id":1311132031,"fee":8,"payed":0,"st":0,"pl":128000,"dl":0,"sp":7,"cp":1,"subp":1,"cs":false,"maxbr":999000,"fl":128000,"toast":false,"flag":0,"preSell":false},{"id":1311696795,"fee":8,"payed":0,"st":0,"pl":128000,"dl":0,"sp":7,"cp":1,"subp":1,"cs":false,"maxbr":320000,"fl":128000,"toast":false,"flag":260,"preSell":false},{"id":1311886013,"fee":0,"payed":0,"st":0,"pl":320000,"dl":320000,"sp":7,"cp":1,"subp":1,"cs":false,"maxbr":999000,"fl":320000,"toast":false,"flag":128,"preSell":false},{"id":566436427,"fee":8,"payed":0,"st":0,"pl":128000,"dl":0,"sp":7,"cp":1,"subp":1,"cs":false,"maxbr":999000,"fl":128000,"toast":false,"flag":0,"preSell":false},{"id":1311346155,"fee":0,"payed":0,"st":0,"pl":320000,"dl":320000,"sp":7,"cp":1,"subp":1,"cs":false,"maxbr":999000,"fl":320000,"toast":false,"flag":128,"preSell":false},{"id":1308818527,"fee":8,"payed":0,"st":0,"pl":128000,"dl":0,"sp":7,"cp":1,"subp":1,"cs":false,"maxbr":999000,"fl":128000,"toast":false,"flag":0,"preSell":false},{"id":569214126,"fee":8,"payed":0,"st":0,"pl":128000,"dl":0,"sp":7,"cp":1,"subp":1,"cs":false,"maxbr":999000,"fl":128000,"toast":false,"flag":0,"preSell":false},{"id":1311023635,"fee":0,"payed":0,"st":0,"pl":320000,"dl":320000,"sp":7,"cp":1,"subp":1,"cs":false,"maxbr":999000,"fl":320000,"toast":false,"flag":128,"preSell":false},{"id":863138646,"fee":0,"payed":0,"st":0,"pl":320000,"dl":320000,"sp":7,"cp":1,"subp":1,"cs":false,"maxbr":320000,"fl":320000,"toast":false,"flag":128,"preSell":false},{"id":1309728506,"fee":8,"payed":0,"st":0,"pl":128000,"dl":0,"sp":7,"cp":1,"subp":1,"cs":false,"maxbr":320000,"fl":128000,"toast":false,"flag":4,"preSell":false},{"id":571340214,"fee":8,"payed":0,"st":0,"pl":128000,"dl":0,"sp":7,"cp":1,"subp":1,"cs":false,"maxbr":999000,"fl":128000,"toast":false,"flag":0,"preSell":false},{"id":1309689297,"fee":8,"payed":0,"st":0,"pl":128000,"dl":0,"sp":7,"cp":1,"subp":1,"cs":false,"maxbr":320000,"fl":128000,"toast":false,"flag":260,"preSell":false},{"id":1309814348,"fee":8,"payed":0,"st":0,"pl":128000,"dl":0,"sp":7,"cp":1,"subp":1,"cs":false,"maxbr":999000,"fl":128000,"toast":false,"flag":128,"preSell":false},{"id":1309614546,"fee":8,"payed":0,"st":0,"pl":128000,"dl":0,"sp":7,"cp":1,"subp":1,"cs":false,"maxbr":320000,"fl":128000,"toast":false,"flag":260,"preSell":false},{"id":1308778604,"fee":8,"payed":0,"st":0,"pl":128000,"dl":0,"sp":7,"cp":1,"subp":1,"cs":false,"maxbr":999000,"fl":128000,"toast":false,"flag":0,"preSell":false},{"id":1308017579,"fee":8,"payed":0,"st":0,"pl":128000,"dl":0,"sp":7,"cp":1,"subp":1,"cs":false,"maxbr":320000,"fl":128000,"toast":false,"flag":4,"preSell":false},{"id":862101001,"fee":8,"payed":0,"st":0,"pl":128000,"dl":0,"sp":7,"cp":1,"subp":1,"cs":false,"maxbr":999000,"fl":128000,"toast":false,"flag":128,"preSell":false},{"id":1309543595,"fee":8,"payed":0,"st":0,"pl":128000,"dl":0,"sp":7,"cp":1,"subp":1,"cs":false,"maxbr":999000,"fl":128000,"toast":false,"flag":0,"preSell":false},{"id":546279760,"fee":0,"payed":0,"st":0,"pl":320000,"dl":320000,"sp":7,"cp":1,"subp":1,"cs":false,"maxbr":999000,"fl":320000,"toast":false,"flag":128,"preSell":false},{"id":1297605386,"fee":0,"payed":0,"st":0,"pl":320000,"dl":320000,"sp":7,"cp":1,"subp":1,"cs":false,"maxbr":999000,"fl":320000,"toast":false,"flag":128,"preSell":false},{"id":1308818630,"fee":8,"payed":0,"st":0,"pl":128000,"dl":0,"sp":7,"cp":1,"subp":1,"cs":false,"maxbr":999000,"fl":128000,"toast":false,"flag":0,"preSell":false},{"id":1309903366,"fee":0,"payed":0,"st":0,"pl":320000,"dl":320000,"sp":7,"cp":1,"subp":1,"cs":false,"maxbr":999000,"fl":320000,"toast":false,"flag":0,"preSell":false},{"id":1302335545,"fee":0,"payed":0,"st":0,"pl":320000,"dl":320000,"sp":7,"cp":1,"subp":1,"cs":false,"maxbr":320000,"fl":320000,"toast":false,"flag":128,"preSell":false},{"id":571338279,"fee":8,"payed":0,"st":0,"pl":128000,"dl":0,"sp":7,"cp":1,"subp":1,"cs":false,"maxbr":999000,"fl":128000,"toast":false,"flag":0,"preSell":false},{"id":1308818970,"fee":1,"payed":0,"st":0,"pl":0,"dl":0,"sp":0,"cp":0,"subp":0,"cs":false,"maxbr":999000,"fl":0,"toast":false,"flag":0,"preSell":false},{"id":1311346260,"fee":0,"payed":0,"st":0,"pl":320000,"dl":320000,"sp":7,"cp":1,"subp":1,"cs":false,"maxbr":999000,"fl":320000,"toast":false,"flag":128,"preSell":false},{"id":1311874293,"fee":0,"payed":0,"st":0,"pl":320000,"dl":320000,"sp":7,"cp":1,"subp":1,"cs":false,"maxbr":999000,"fl":320000,"toast":false,"flag":128,"preSell":false},{"id":1294899063,"fee":8,"payed":0,"st":0,"pl":128000,"dl":0,"sp":7,"cp":1,"subp":1,"cs":false,"maxbr":999000,"fl":128000,"toast":false,"flag":128,"preSell":false},{"id":1303026468,"fee":0,"payed":0,"st":0,"pl":320000,"dl":320000,"sp":7,"cp":1,"subp":1,"cs":false,"maxbr":999000,"fl":320000,"toast":false,"flag":128,"preSell":false},{"id":1294910785,"fee":0,"payed":0,"st":0,"pl":320000,"dl":320000,"sp":7,"cp":1,"subp":1,"cs":false,"maxbr":999000,"fl":320000,"toast":false,"flag":256,"preSell":false},{"id":1311347333,"fee":8,"payed":0,"st":0,"pl":128000,"dl":0,"sp":7,"cp":1,"subp":1,"cs":false,"maxbr":320000,"fl":128000,"toast":false,"flag":128,"preSell":false},{"id":1307186114,"fee":0,"payed":0,"st":0,"pl":320000,"dl":320000,"sp":7,"cp":1,"subp":1,"cs":false,"maxbr":999000,"fl":320000,"toast":false,"flag":128,"preSell":false},{"id":1299550532,"fee":8,"payed":0,"st":0,"pl":128000,"dl":0,"sp":7,"cp":1,"subp":1,"cs":false,"maxbr":999000,"fl":128000,"toast":false,"flag":0,"preSell":false},{"id":1308818704,"fee":8,"payed":0,"st":0,"pl":128000,"dl":0,"sp":7,"cp":1,"subp":1,"cs":false,"maxbr":999000,"fl":128000,"toast":false,"flag":0,"preSell":false},{"id":1296410418,"fee":8,"payed":0,"st":0,"pl":128000,"dl":0,"sp":7,"cp":1,"subp":1,"cs":false,"maxbr":320000,"fl":128000,"toast":false,"flag":260,"preSell":false},{"id":1311835501,"fee":0,"payed":0,"st":0,"pl":320000,"dl":320000,"sp":7,"cp":1,"subp":1,"cs":false,"maxbr":999000,"fl":320000,"toast":false,"flag":130,"preSell":false},{"id":545590357,"fee":8,"payed":0,"st":0,"pl":128000,"dl":0,"sp":7,"cp":1,"subp":1,"cs":false,"maxbr":999000,"fl":128000,"toast":false,"flag":4,"preSell":false},{"id":473817398,"fee":8,"payed":0,"st":0,"pl":128000,"dl":0,"sp":7,"cp":1,"subp":1,"cs":false,"maxbr":999000,"fl":128000,"toast":false,"flag":4,"preSell":false},{"id":1302401401,"fee":0,"payed":0,"st":0,"pl":320000,"dl":320000,"sp":7,"cp":1,"subp":1,"cs":false,"maxbr":999000,"fl":320000,"toast":false,"flag":128,"preSell":false},{"id":562592191,"fee":0,"payed":0,"st":0,"pl":320000,"dl":320000,"sp":7,"cp":1,"subp":1,"cs":false,"maxbr":999000,"fl":320000,"toast":false,"flag":0,"preSell":false},{"id":542690276,"fee":8,"payed":0,"st":0,"pl":128000,"dl":0,"sp":7,"cp":1,"subp":1,"cs":false,"maxbr":999000,"fl":128000,"toast":false,"flag":0,"preSell":false},{"id":569213220,"fee":4,"payed":0,"st":0,"pl":0,"dl":0,"sp":0,"cp":0,"subp":0,"cs":false,"maxbr":999000,"fl":0,"toast":false,"flag":0,"preSell":false},{"id":1309896309,"fee":8,"payed":0,"st":0,"pl":128000,"dl":0,"sp":7,"cp":1,"subp":1,"cs":false,"maxbr":999000,"fl":128000,"toast":false,"flag":0,"preSell":false},{"id":571074019,"fee":8,"payed":0,"st":0,"pl":128000,"dl":0,"sp":7,"cp":1,"subp":1,"cs":false,"maxbr":999000,"fl":128000,"toast":false,"flag":0,"preSell":false},{"id":562594322,"fee":8,"payed":0,"st":0,"pl":128000,"dl":0,"sp":7,"cp":1,"subp":1,"cs":false,"maxbr":999000,"fl":128000,"toast":false,"flag":128,"preSell":false},{"id":863709049,"fee":8,"payed":0,"st":0,"pl":128000,"dl":0,"sp":7,"cp":1,"subp":1,"cs":false,"maxbr":999000,"fl":128000,"toast":false,"flag":0,"preSell":false},{"id":526464145,"fee":0,"payed":0,"st":0,"pl":999000,"dl":0,"sp":7,"cp":1,"subp":1,"cs":false,"maxbr":999000,"fl":320000,"toast":false,"flag":128,"preSell":false},{"id":1305366556,"fee":8,"payed":0,"st":0,"pl":128000,"dl":0,"sp":7,"cp":1,"subp":1,"cs":false,"maxbr":999000,"fl":128000,"toast":false,"flag":0,"preSell":false},{"id":1311110051,"fee":0,"payed":0,"st":0,"pl":320000,"dl":320000,"sp":7,"cp":1,"subp":1,"cs":false,"maxbr":999000,"fl":320000,"toast":false,"flag":128,"preSell":false},{"id":554725988,"fee":8,"payed":0,"st":0,"pl":128000,"dl":0,"sp":7,"cp":1,"subp":1,"cs":false,"maxbr":999000,"fl":128000,"toast":false,"flag":132,"preSell":false},{"id":1311319369,"fee":0,"payed":0,"st":0,"pl":320000,"dl":320000,"sp":7,"cp":1,"subp":1,"cs":false,"maxbr":999000,"fl":320000,"toast":false,"flag":128,"preSell":false},{"id":1311946524,"fee":0,"payed":0,"st":0,"pl":320000,"dl":320000,"sp":7,"cp":1,"subp":1,"cs":false,"maxbr":320000,"fl":320000,"toast":false,"flag":128,"preSell":false},{"id":1298898548,"fee":0,"payed":0,"st":0,"pl":320000,"dl":320000,"sp":7,"cp":1,"subp":1,"cs":false,"maxbr":999000,"fl":320000,"toast":false,"flag":128,"preSell":false},{"id":554191055,"fee":8,"payed":0,"st":0,"pl":128000,"dl":0,"sp":7,"cp":1,"subp":1,"cs":false,"maxbr":999000,"fl":128000,"toast":false,"flag":128,"preSell":false},{"id":548556306,"fee":8,"payed":0,"st":0,"pl":128000,"dl":0,"sp":7,"cp":1,"subp":1,"cs":false,"maxbr":999000,"fl":128000,"toast":false,"flag":0,"preSell":false},{"id":1311709143,"fee":0,"payed":0,"st":0,"pl":320000,"dl":320000,"sp":7,"cp":1,"subp":1,"cs":false,"maxbr":999000,"fl":320000,"toast":false,"flag":130,"preSell":false},{"id":1302132281,"fee":0,"payed":0,"st":0,"pl":320000,"dl":320000,"sp":7,"cp":1,"subp":1,"cs":false,"maxbr":999000,"fl":320000,"toast":false,"flag":0,"preSell":false},{"id":1296558091,"fee":0,"payed":0,"st":0,"pl":320000,"dl":320000,"sp":7,"cp":1,"subp":1,"cs":false,"maxbr":999000,"fl":320000,"toast":false,"flag":128,"preSell":false},{"id":1311347303,"fee":0,"payed":0,"st":0,"pl":320000,"dl":320000,"sp":7,"cp":1,"subp":1,"cs":false,"maxbr":999000,"fl":320000,"toast":false,"flag":128,"preSell":false},{"id":865021730,"fee":8,"payed":0,"st":0,"pl":128000,"dl":0,"sp":7,"cp":1,"subp":1,"cs":false,"maxbr":999000,"fl":128000,"toast":false,"flag":256,"preSell":false},{"id":569200213,"fee":4,"payed":0,"st":0,"pl":0,"dl":0,"sp":0,"cp":0,"subp":0,"cs":false,"maxbr":999000,"fl":0,"toast":false,"flag":0,"preSell":false},{"id":502103677,"fee":8,"payed":0,"st":0,"pl":128000,"dl":0,"sp":7,"cp":1,"subp":1,"cs":false,"maxbr":999000,"fl":128000,"toast":false,"flag":2,"preSell":false},{"id":529668356,"fee":8,"payed":0,"st":0,"pl":128000,"dl":0,"sp":7,"cp":1,"subp":1,"cs":false,"maxbr":999000,"fl":128000,"toast":false,"flag":128,"preSell":false},{"id":1311954513,"fee":0,"payed":0,"st":0,"pl":320000,"dl":320000,"sp":7,"cp":1,"subp":1,"cs":false,"maxbr":999000,"fl":320000,"toast":false,"flag":130,"preSell":false},{"id":1311949328,"fee":0,"payed":0,"st":0,"pl":320000,"dl":320000,"sp":7,"cp":1,"subp":1,"cs":false,"maxbr":999000,"fl":320000,"toast":false,"flag":128,"preSell":false},{"id":521602388,"fee":8,"payed":0,"st":0,"pl":128000,"dl":0,"sp":7,"cp":1,"subp":1,"cs":false,"maxbr":999000,"fl":128000,"toast":false,"flag":130,"preSell":false},{"id":529823971,"fee":0,"payed":0,"st":0,"pl":320000,"dl":320000,"sp":7,"cp":1,"subp":1,"cs":false,"maxbr":999000,"fl":320000,"toast":false,"flag":128,"preSell":false},{"id":574921549,"fee":0,"payed":0,"st":0,"pl":320000,"dl":320000,"sp":7,"cp":1,"subp":1,"cs":false,"maxbr":999000,"fl":320000,"toast":false,"flag":128,"preSell":false},{"id":1293951677,"fee":0,"payed":0,"st":0,"pl":320000,"dl":320000,"sp":7,"cp":1,"subp":1,"cs":false,"maxbr":999000,"fl":320000,"toast":false,"flag":128,"preSell":false},{"id":864647841,"fee":0,"payed":0,"st":0,"pl":320000,"dl":320000,"sp":7,"cp":1,"subp":1,"cs":false,"maxbr":999000,"fl":320000,"toast":false,"flag":128,"preSell":false},{"id":1311347322,"fee":0,"payed":0,"st":0,"pl":320000,"dl":320000,"sp":7,"cp":1,"subp":1,"cs":false,"maxbr":999000,"fl":320000,"toast":false,"flag":128,"preSell":false},{"id":451703096,"fee":8,"payed":0,"st":0,"pl":128000,"dl":0,"sp":7,"cp":1,"subp":1,"cs":false,"maxbr":999000,"fl":128000,"toast":false,"flag":4,"preSell":false},{"id":545590356,"fee":8,"payed":0,"st":0,"pl":128000,"dl":0,"sp":7,"cp":1,"subp":1,"cs":false,"maxbr":999000,"fl":128000,"toast":false,"flag":4,"preSell":false},{"id":436514221,"fee":8,"payed":0,"st":0,"pl":128000,"dl":0,"sp":7,"cp":1,"subp":1,"cs":false,"maxbr":320000,"fl":128000,"toast":false,"flag":128,"preSell":false},{"id":557581284,"fee":8,"payed":0,"st":0,"pl":128000,"dl":0,"sp":7,"cp":1,"subp":1,"cs":false,"maxbr":999000,"fl":128000,"toast":false,"flag":0,"preSell":false}]}