{"playlist":{"subscribers":[],"subscribed":false,"creator":{"defaultAvatar":false,"province":110000,"authStatus":0,"followed":false,"avatarUrl":"http://p1.music.126.net/d8faOLHxwWPta02fskrdDQ==/2057186255569164.jpg","accountStatus":0,"gender":2,"city":110101,"birthday":-2209017600000,"userId":48188,"userType":0,"nickname":"中国TOP排行榜","signature":"中国TOP排行榜是由MusicRadio音乐之声依据时下最热门的流行单曲形成的权威音乐榜单。","description":"","detailDescription":"","avatarImgId":2057186255569164,"backgroundImgId":2002210674180201,"backgroundUrl":"http://p1.music.126.net/o3G7lWrGBQAvSRt3UuApTw==/2002210674180201.jpg","authority":0,"mutual":false,"expertTags":null,"experts":null,"djStatus":0,"vipType":0,"remarkName":null,"backgroundImgIdStr":"2002210674180201","avatarImgIdStr":"2057186255569164"},"tracks":[{"name":"生活倒影","id":1306112195,"pst":0,"t":0,"ar":[{"id":1193259,"name":"苏运莹","tns":[],"alias":[]}],"alia":[],"pop":100.0,"st":0,"rt":null,"fee":8,"v":4,"crbt":null,"cf":"","al":{"id":72774345,"name":"生活倒影","picUrl":"http://p1.music.126.net/nVTj0wxdZXLxuRI892gMQA==/109951163523297292.jpg","tns":[],"pic_str":"109951163523297292","pic":109951163523297292},"dt":275923,"h":{"br":320000,"fid":0,"size":11039391,"vd":0.0},"m":{"br":192000,"fid":0,"size":6623652,"vd":0.0},"l":{"br":128000,"fid":0,"size":4415782,"vd":0.0},"a":null,"cd":"1","no":1,"rtUrl":null,"ftype":0,"rtUrls":[],"djId":0,"copyright":1,"s_id":0,"mv":10777368,"cp":21001,"mst":9,"rtype":0,"rurl":null,"publishTime":1535558400007},{"name":"贫穷或富有","id":1305547844,"pst":0,"t":0,"ar":[{"id":4292,"name":"李荣浩","tns":[],"alias":[]}],"alia":[],"pop":100.0,"st":0,"rt":null,"fee":8,"v":1,"crbt":null,"cf":"","al":{"id":72743373,"name":"贫穷或富有","picUrl":"http://p1.music.126.net/PliM6jpbBYGnfeoyzAMPMg==/109951163520107896.jpg","tns":[],"pic_str":"109951163520107896","pic":109951163520107896},"dt":296620,"h":{"br":320000,"fid":0,"size":11865905,"vd":0.0},"m":{"br":192000,"fid":0,"size":7119560,"vd":0.0},"l":{"br":128000,"fid":0,"size":4746388,"vd":0.0},"a":null,"cd":"1","no":1,"rtUrl":null,"ftype":0,"rtUrls":[],"djId":0,"copyright":1,"s_id":0,"mv":0,"cp":7002,"mst":9,"rtype":0,"rurl":null,"publishTime":1535558400007},{"name":"茶包","id":561268709,"pst":0,"t":0,"ar":[{"id":12369107,"name":"朱兴东","tns":[],"alias":[]}],"alia":[],"pop":95.0,"st":0,"rt":null,"fee":8,"v":4,"crbt":null,"cf":"","al":{"id":38818616,"name":"茶包","picUrl":"http://p1.music.126.net/5SXgkUbf6HM0jM7p6kPArQ==/109951163298426192.jpg","tns":[],"pic_str":"109951163298426192","pic":109951163298426192},"dt":202865,"h":{"br":320000,"fid":0,"size":8116811,"vd":-2.0},"m":{"br":192000,"fid":0,"size":4870104,"vd":-1.0},"l":{"br":128000,"fid":0,"size":3246751,"vd":-1.0},"a":null,"cd":"1","no":1,"rtUrl":null,"ftype":0,"rtUrls":[],"djId":0,"copyright":1,"s_id":0,"mv":0,"cp":15001,"mst":9,"rtype":0,"rurl":null,"publishTime":1526227200007},{"name":"我的爱","id":1303026566,"pst":0,"t":0,"ar":[{"id":5770,"name":"许巍","tns":[],"alias":[]}],"alia":[],"pop":100.0,"st":0,"rt":null,"fee":8,"v":5,"crbt":null,"cf":"","al":{"id":72384822,"name":"我的爱","picUrl":"http://p1.music.126.net/QAh2LRdcJUsp12hNhJIKKg==/109951163509463684.jpg","tns":[],"pic_str":"109951163509463684","pic":109951163509463684},"dt":212029,"h":{"br":320000,"fid":0,"size":8483570,"vd":0.0},"m":{"br":192000,"fid":0,"size":5090160,"vd":0.0},"l":{"br":128000,"fid":0,"size":3393454,"vd":0.0},"a":null,"cd":"","no":0,"rtUrl":null,"ftype":0,"rtUrls":[],"djId":0,"copyright":0,"s_id":0,"mv":5966839,"cp":22001,"mst":9,"rtype":0,"rurl":null,"publishTime":1535040000007},{"name":"空帆船","id":1301572243,"pst":0,"t":0,"ar":[{"id":4721,"name":"朴树","tns":[],"alias":[]}],"alia":["电影《大三儿》灵魂宣传曲"],"pop":100.0,"st":0,"rt":null,"fee":8,"v":1,"crbt":null,"cf":"","al":{"id":72299688,"name":"空帆船","picUrl":"http://p1.music.126.net/Ol6i9UCvL6sOYJaoqGvmtA==/109951163458571768.jpg","tns":[],"pic_str":"109951163458571768","pic":109951163458571768},"dt":314586,"h":{"br":320000,"fid":0,"size":12585840,"vd":-1.0},"m":{"br":192000,"fid":0,"size":7551521,"vd":-1.0},"l":{"br":128000,"fid":0,"size":5034362,"vd":-1.0},"a":null,"cd":"","no":0,"rtUrl":null,"ftype":0,"rtUrls":[],"djId":0,"copyright":0,"s_id":0,"mv":0,"cp":0,"mst":9,"rtype":0,"rurl":null,"publishTime":1534262400007},{"name":"Island Love","id":1300094019,"pst":0,"t":0,"ar":[{"id":181007,"name":"窦靖童","tns":[],"alias":[]}],"alia":["电影《一出好戏》片尾曲"],"pop":100.0,"st":0,"rt":null,"fee":8,"v":3,"crbt":null,"cf":"","al":{"id":72206657,"name":"Island Love","picUrl":"http://p1.music.126.net/irujoPjoeyJ9PPtEG2l_kg==/109951163448299882.jpg","tns":[],"pic_str":"109951163448299882","pic":109951163448299882},"dt":258795,"h":{"br":320000,"fid":0,"size":10352893,"vd":-1.0},"m":{"br":192000,"fid":0,"size":6211753,"vd":-1.0},"l":{"br":128000,"fid":0,"size":4141183,"vd":0.0},"a":null,"cd":"1","no":1,"rtUrl":null,"ftype":0,"rtUrls":[],"djId":0,"copyright":1,"s_id":0,"mv":10753523,"cp":7002,"mst":9,"rtype":0,"rurl":null,"publishTime":1533916800007},{"name":"吹一口蒲公英","id":1300594526,"pst":0,"t":0,"ar":[{"id":9424,"name":"苏妙玲","tns":[],"alias":[]}],"alia":[],"pop":100.0,"st":0,"rt":null,"fee":8,"v":1,"crbt":null,"cf":"","al":{"id":72071480,"name":"吹一口蒲公英","picUrl":"http://p1.music.126.net/qYF1N6rSWU98bJk7cB9VKQ==/109951163456790962.jpg","tns":[],"pic_str":"109951163456790962","pic":109951163456790962},"dt":229731,"h":{"br":320000,"fid":0,"size":9192011,"vd":0.0},"m":{"br":192000,"fid":0,"size":5515224,"vd":0.0},"l":{"br":128000,"fid":0,"size":3676831,"vd":0.0},"a":null,"cd":"","no":0,"rtUrl":null,"ftype":0,"rtUrls":[],"djId":0,"copyright":0,"s_id":0,"mv":0,"cp":636011,"mst":9,"rtype":0,"rurl":null,"publishTime":1534176000007},{"name":"仰世而来","id":1300594527,"pst":0,"t":0,"ar":[{"id":7122,"name":"阿肆","tns":[],"alias":[]}],"alia":[],"pop":100.0,"st":0,"rt":null,"fee":0,"v":6,"crbt":null,"cf":"","al":{"id":72072418,"name":"仰世而来","picUrl":"http://p1.music.126.net/MtMI6Nm-0zdRo2pnRtaqSA==/109951163456794433.jpg","tns":[],"pic_str":"109951163456794433","pic":109951163456794433},"dt":278400,"h":{"br":320000,"fid":0,"size":11138656,"vd":-4.0},"m":{"br":192000,"fid":0,"size":6683211,"vd":-3.0},"l":{"br":128000,"fid":0,"size":4455488,"vd":-3.0},"a":null,"cd":"","no":0,"rtUrl":null,"ftype":0,"rtUrls":[],"djId":0,"copyright":0,"s_id":0,"mv":0,"cp":22020,"mst":9,"rtype":0,"rurl":null,"publishTime":1534176000007},{"name":"Is This Love?","id":1297750170,"pst":0,"t":0,"ar":[{"id":10200,"name":"郁可唯","tns":[],"alias":[]}],"alia":["电视剧《爱情进化论》情感主题曲"],"pop":100.0,"st":0,"rt":null,"fee":8,"v":4,"crbt":null,"cf":"","al":{"id":72070692,"name":"爱情进化论 电视剧原声带","picUrl":"http://p1.music.126.net/tTpgtOYQhkXy710yYb1-qg==/109951163436434768.jpg","tns":[],"pic_str":"109951163436434768","pic":109951163436434768},"dt":281882,"h":{"br":320000,"fid":0,"size":11277627,"vd":-2.0},"m":{"br":192000,"fid":0,"size":6766594,"vd":-1.0},"l":{"br":128000,"fid":0,"size":4511077,"vd":-1.0},"a":null,"cd":"","no":3,"rtUrl":null,"ftype":0,"rtUrls":[],"djId":0,"copyright":0,"s_id":0,"mv":5965210,"cp":677020,"mst":9,"rtype":0,"rurl":null,"publishTime":1533139200007},{"name":"风度","id":1305367211,"pst":0,"t":0,"ar":[{"id":7536,"name":"丁薇","tns":[],"alias":[]}],"alia":["Demeanour"],"pop":95.0,"st":0,"rt":null,"fee":8,"v":1,"crbt":null,"cf":"","al":{"id":72707679,"name":"风度","picUrl":"http://p1.music.126.net/Dthk6OvpCnQPbEIQfSvFGA==/109951163518528668.jpg","tns":[],"pic_str":"109951163518528668","pic":109951163518528668},"dt":227713,"h":{"br":320000,"fid":0,"size":9111554,"vd":0.0},"m":{"br":192000,"fid":0,"size":5466950,"vd":0.0},"l":{"br":128000,"fid":0,"size":3644648,"vd":0.0},"a":null,"cd":"","no":0,"rtUrl":null,"ftype":0,"rtUrls":[],"djId":0,"copyright":0,"s_id":0,"mv":0,"cp":36016,"mst":9,"rtype":0,"rurl":null,"publishTime":1535385600007}],"trackIds":[{"id":1306112195,"v":4,"lr":1},{"id":1305547844,"v":1},{"id":561268709,"v":4,"lr":3},{"id":1303026566,"v":5},{"id":1301572243,"v":1},{"id":1300094019,"v":3,"lr":0},{"id":1300594526,"v":1,"lr":5},{"id":1300594527,"v":6,"lr":7},{"id":1297750170,"v":4,"lr":2},{"id":1305367211,"v":1}],"playCount":43857460,"trackCount":10,"tags":["流行","榜单","清新"],"userId":48188,"coverImgUrl":"http://p4.music.126.net/2klOtThpDQ0CMhOy5AOzSg==/18878614648932971.jpg","coverImgId":18878614648932971,"updateTime":1537153366646,"createTime":1359005319468,"highQuality":false,"name":"中国TOP排行榜（内地榜）","id":64016,"description":"中国TOP排行榜分成内地榜及港台榜，每周一更新。","specialType":10,"ordered":true,"status":0,"privacy":0,"newImported":false,"trackNumberUpdateTime":1537153366596,"subscribedCount":141904,"cloudTrackCount":0,"commentThreadId":"A_PL_0_64016","adType":0,"trackUpdateTime":1537153366743,"shareCount":301,"coverImgId_str":"18878614648932971","commentCount":2655},"code":200,"privileges":[{"id":1306112195,"fee":8,"payed":0,"st":0,"pl":128000,"dl":0,"sp":7,"cp":1,"subp":1,"cs":false,"maxbr":999000,"fl":128000,"toast":false,"flag":132,"preSell":false},{"id":1305547844,"fee":8,"payed":0,"st":0,"pl":128000,"dl":0,"sp":7,"cp":1,"subp":1,"cs":false,"maxbr":320000,"fl":128000,"toast":false,"flag":4,"preSell":false},{"id":561268709,"fee":8,"payed":0,"st":0,"pl":128000,"dl":0,"sp":7,"cp":1,"subp":1,"cs":false,"maxbr":999000,"fl":128000,"toast":false,"flag":4,"preSell":false},{"id":1303026566,"fee":8,"payed":0,"st":0,"pl":128000,"dl":0,"sp":7,"cp":1,"subp":1,"cs":false,"maxbr":999000,"fl":128000,"toast":false,"flag":0,"preSell":false},{"id":1301572243,"fee":8,"payed":0,"st":0,"pl":128000,"dl":0,"sp":7,"cp":1,"subp":1,"cs":false,"maxbr":999000,"fl":128000,"toast":false,"flag":128,"preSell":false},{"id":1300094019,"fee":8,"payed":0,"st":0,"pl":128000,"dl":0,"sp":7,"cp":1,"subp":1,"cs":false,"maxbr":320000,"fl":128000,"toast":false,"flag":4,"preSell":false},{"id":1300594526,"fee":8,"payed":0,"st":0,"pl":128000,"dl":0,"sp":7,"cp":1,"subp":1,"cs":false,"maxbr":999000,"fl":128000,"toast":false,"flag":0,"preSell":false},{"id":1300594527,"fee":0,"payed":0,"st":0,"pl":999000,"dl":0,"sp":7,"cp":1,"subp":1,"cs":false,"maxbr":999000,"fl":0,"toast":false,"flag":128,"preSell":false},{"id":1297750170,"fee":8,"payed":0,"st":0,"pl":128000,"dl":0,"sp":7,"cp":1,"subp":1,"cs":false,"maxbr":999000,"fl":128000,"toast":false,"flag":0,"preSell":false},{"id":1305367211,"fee":8,"payed":0,"st":0,"pl":128000,"dl":0,"sp":7,"cp":1,"subp":1,"cs":false,"maxbr":999000,"fl":128000,"toast":false,"flag":128,"preSell":false}]}