{"playlist":{"subscribers":[],"subscribed":false,"creator":{"defaultAvatar":false,"province":110000,"authStatus":1,"followed":false,"avatarUrl":"http://p1.music.126.net/QWMV-Ru_6149AKe0mCBXKg==/1420569024374784.jpg","accountStatus":0,"gender":1,"city":110101,"birthday":-2209017600000,"userId":1,"userType":2,"nickname":"网易云音乐","signature":"欢迎使用网易云音乐，有任何问题可以联系@云音乐客服， 我们会尽快答复。有关独立音乐人和独立厂牌请站内私信@原创君，DJ入驻联系邮箱： yunmusic@163.com","description":"网易云音乐官方账号","detailDescription":"网易云音乐官方账号","avatarImgId":1420569024374784,"backgroundImgId":2002210674180202,"backgroundUrl":"http://p1.music.126.net/pmHS4fcQtcNEGewNb5HRhg==/2002210674180202.jpg","authority":3,"mutual":false,"expertTags":null,"experts":null,"djStatus":10,"vipType":11,"remarkName":null,"avatarImgIdStr":"1420569024374784","backgroundImgIdStr":"2002210674180202"},"tracks":[{"name":"可不可以","id":553755659,"pst":0,"t":0,"ar":[{"id":13906123,"name":"张紫豪","tns":[],"alias":[]}],"alia":[],"pop":100.0,"st":0,"rt":null,"fee":8,"v":17,"crbt":null,"cf":"","al":{"id":38385235,"name":"可不可以","picUrl":"http://p1.music.126.net/WafK2OQfEtqXitdDXJ772Q==/109951163252847249.jpg","tns":[],"pic_str":"109951163252847249","pic":109951163252847249},"dt":240889,"h":{"br":320000,"fid":0,"size":9638182,"vd":-3.0},"m":{"br":192000,"fid":0,"size":5782927,"vd":-2.0},"l":{"br":128000,"fid":0,"size":3855299,"vd":-2.0},"a":null,"cd":"","no":1,"rtUrl":null,"ftype":0,"rtUrls":[],"djId":0,"copyright":2,"s_id":0,"mst":9,"cp":687012,"mv":0,"rtype":0,"rurl":null,"publishTime":1535644800007},{"name":"飘向北方 (Live)","id":1308818967,"pst":0,"t":0,"ar":[{"id":13058503,"name":"尤长靖","tns":[],"alias":[]},{"id":12514278,"name":"那吾克热LIL-EM","tns":[],"alias":[]}],"alia":[],"pop":100.0,"st":0,"rt":null,"fee":0,"v":9,"crbt":null,"cf":"","al":{"id":73326637,"name":"中国新说唱 第10期","picUrl":"http://p1.music.126.net/D-mpVLLwMrA-hPu0QPYUNQ==/109951163551410648.jpg","tns":[],"pic_str":"109951163551410648","pic":109951163551410648},"dt":258470,"h":{"br":320000,"fid":0,"size":10341399,"vd":-3.0},"m":{"br":192000,"fid":0,"size":6204857,"vd":-3.0},"l":{"br":128000,"fid":0,"size":4136586,"vd":-3.0},"a":null,"cd":"","no":4,"rtUrl":null,"ftype":0,"rtUrls":[],"djId":0,"copyright":2,"s_id":0,"mst":9,"cp":1376818,"mv":0,"rtype":0,"rurl":null,"publishTime":1536940800007},{"name":"张家明和婉君","id":1309866644,"pst":0,"t":0,"ar":[{"id":4292,"name":"李荣浩","tns":[],"alias":[]}],"alia":[],"pop":100.0,"st":0,"rt":null,"fee":8,"v":1,"crbt":null,"cf":"","al":{"id":73322156,"name":"张家明和婉君","picUrl":"http://p1.music.126.net/NuE1b0VVV88Oij0O7LRJNw==/109951163549407612.jpg","tns":[],"pic_str":"109951163549407612","pic":109951163549407612},"dt":246778,"h":{"br":320000,"fid":0,"size":9872240,"vd":0.0},"m":{"br":192000,"fid":0,"size":5923361,"vd":0.0},"l":{"br":128000,"fid":0,"size":3948922,"vd":0.0},"a":null,"cd":"1","no":1,"rtUrl":null,"ftype":0,"rtUrls":[],"djId":0,"copyright":1,"s_id":0,"mst":9,"cp":7002,"mv":0,"rtype":0,"rurl":null,"publishTime":1537113600007},{"name":"在一起","id":1311090148,"pst":0,"t":0,"ar":[{"id":15021290,"name":"乐华七子NEXT","tns":[],"alias":[]}],"alia":["电影《古剑奇谭之流月昭明》主题曲"],"pop":100.0,"st":0,"rt":null,"fee":0,"v":3,"crbt":null,"cf":"","al":{"id":73437637,"name":"在一起","picUrl":"http://p1.music.126.net/fsmKScJZ-LULUr39lFAnBQ==/109951163557782557.jpg","tns":[],"pic_str":"109951163557782557","pic":109951163557782557},"dt":185024,"h":{"br":320000,"fid":0,"size":7403146,"vd":0.0},"m":{"br":192000,"fid":0,"size":4441905,"vd":0.0},"l":{"br":128000,"fid":0,"size":2961284,"vd":0.0},"a":null,"cd":"","no":0,"rtUrl":null,"ftype":0,"rtUrls":[],"djId":0,"copyright":0,"s_id":0,"mst":9,"cp":490042,"mv":10793023,"rtype":0,"rurl":null,"publishTime":1537372800007},{"name":"凌晨三点（demo）","id":1306431916,"pst":0,"t":0,"ar":[{"id":12079044,"name":"陈硕子","tns":[],"alias":[]}],"alia":[],"pop":100.0,"st":0,"rt":null,"fee":0,"v":9,"crbt":null,"cf":"","al":{"id":72772189,"name":"凌晨三点","picUrl":"http://p1.music.126.net/lqDi9TSwYGB3jbdbfN73QQ==/109951163526222616.jpg","tns":[],"pic_str":"109951163526222616","pic":109951163526222616},"dt":92891,"h":{"br":320000,"fid":0,"size":3716746,"vd":3.0},"m":{"br":192000,"fid":0,"size":2230065,"vd":3.0},"l":{"br":128000,"fid":0,"size":1486724,"vd":3.0},"a":null,"cd":"","no":1,"rtUrl":null,"ftype":0,"rtUrls":[],"djId":0,"copyright":0,"s_id":0,"mst":9,"cp":0,"mv":0,"rtype":0,"rurl":null,"publishTime":1535644800000},{"name":"R.","id":1310728498,"pst":0,"t":0,"ar":[{"id":30004770,"name":"HtFR","tns":[],"alias":[]},{"id":12270100,"name":"大喜","tns":[],"alias":[]}],"alia":[],"pop":100.0,"st":0,"rt":null,"fee":8,"v":17,"crbt":null,"cf":"","al":{"id":73380792,"name":"R.","picUrl":"http://p1.music.126.net/mir042BmDvrBeta0sDt0xQ==/109951163555488144.jpg","tns":[],"pic_str":"109951163555488144","pic":109951163555488144},"dt":181250,"h":{"br":320000,"fid":0,"size":7252680,"vd":-1.0},"m":{"br":192000,"fid":0,"size":4351626,"vd":-1.0},"l":{"br":128000,"fid":0,"size":2901098,"vd":-1.0},"a":null,"cd":"","no":1,"rtUrl":null,"ftype":0,"rtUrls":[],"djId":0,"copyright":0,"s_id":0,"mst":9,"cp":0,"mv":0,"rtype":0,"rurl":null,"publishTime":1537184302717},{"name":"王牌冤家 (Live)","id":1308818966,"pst":0,"t":0,"ar":[{"id":4292,"name":"李荣浩","tns":[],"alias":[]},{"id":13145283,"name":"ICE","tns":[],"alias":[]}],"alia":[],"pop":100.0,"st":0,"rt":null,"fee":0,"v":9,"crbt":null,"cf":"","al":{"id":73326637,"name":"中国新说唱 第10期","picUrl":"http://p1.music.126.net/D-mpVLLwMrA-hPu0QPYUNQ==/109951163551410648.jpg","tns":[],"pic_str":"109951163551410648","pic":109951163551410648},"dt":211086,"h":{"br":320000,"fid":0,"size":8445954,"vd":-2.0},"m":{"br":192000,"fid":0,"size":5067590,"vd":-2.0},"l":{"br":128000,"fid":0,"size":3378408,"vd":-2.0},"a":null,"cd":"","no":3,"rtUrl":null,"ftype":0,"rtUrls":[],"djId":0,"copyright":2,"s_id":0,"mst":9,"cp":1376818,"mv":0,"rtype":0,"rurl":null,"publishTime":1536940800007},{"name":"买条街","id":573843002,"pst":0,"t":0,"ar":[{"id":12782871,"name":"$唐老师","tns":[],"alias":[]},{"id":13527275,"name":"Wya乌鸦","tns":[],"alias":[]}],"alia":[],"pop":100.0,"st":0,"rt":null,"fee":8,"v":12,"crbt":null,"cf":"","al":{"id":39686683,"name":"买条街","picUrl":"http://p1.music.126.net/uv2TrxMzJb5dJdV7eYdBZg==/109951163360056941.jpg","tns":[],"pic_str":"109951163360056941","pic":109951163360056941},"dt":185806,"h":{"br":320000,"fid":0,"size":7434493,"vd":0.0},"m":{"br":192000,"fid":0,"size":4460713,"vd":0.0},"l":{"br":128000,"fid":0,"size":2973823,"vd":0.0},"a":null,"cd":"","no":1,"rtUrl":null,"ftype":0,"rtUrls":[],"djId":0,"copyright":0,"s_id":0,"mst":9,"cp":1382818,"mv":0,"rtype":0,"rurl":null,"publishTime":1536076800007},{"name":"Killshot","id":1311076476,"pst":0,"t":0,"ar":[{"id":32665,"name":"Eminem","tns":[],"alias":[]}],"alia":[],"pop":100.0,"st":0,"rt":null,"fee":8,"v":3,"crbt":null,"cf":"","al":{"id":73434397,"name":"Killshot","picUrl":"http://p1.music.126.net/tIu78akRUnx6DGPtEhACrA==/109951163557633390.jpg","tns":[],"pic_str":"109951163557633390","pic":109951163557633390},"dt":253622,"h":{"br":320000,"fid":0,"size":10146003,"vd":0.0},"m":{"br":192000,"fid":0,"size":6087619,"vd":0.0},"l":{"br":128000,"fid":0,"size":4058427,"vd":0.0},"a":null,"cd":"1","no":1,"rtUrl":null,"ftype":0,"rtUrls":[],"djId":0,"copyright":1,"s_id":0,"mst":9,"cp":7003,"mv":10786053,"rtype":0,"rurl":null,"publishTime":1537286400007},{"name":"你的前男友","id":1298219148,"pst":0,"t":0,"ar":[{"id":12256364,"name":"Young 7","tns":[],"alias":[]}],"alia":[],"pop":100.0,"st":0,"rt":null,"fee":8,"v":50,"crbt":null,"cf":"","al":{"id":72060222,"name":"你的前男友","picUrl":"http://p1.music.126.net/-Zb4UsP9p9a8zYwRQjsT1Q==/109951163548175284.jpg","tns":[],"pic_str":"109951163548175284","pic":109951163548175284},"dt":176848,"h":{"br":320000,"fid":0,"size":7076093,"vd":0.0},"m":{"br":192000,"fid":0,"size":4245673,"vd":0.0},"l":{"br":128000,"fid":0,"size":2830463,"vd":0.0},"a":null,"cd":"","no":1,"rtUrl":null,"ftype":0,"rtUrls":[],"djId":0,"copyright":0,"s_id":0,"mst":9,"cp":516010,"mv":0,"rtype":0,"rurl":null,"publishTime":1537113600007},{"name":"乌云中 (Live)","id":1306498832,"pst":0,"t":0,"ar":[{"id":1203045,"name":"艾热","tns":[],"alias":[]}],"alia":[],"pop":100.0,"st":0,"rt":null,"fee":0,"v":1,"crbt":null,"cf":"","al":{"id":72794867,"name":"中国新说唱 第9期","picUrl":"http://p1.music.126.net/64WUXSOw2mvm5CY2xocX6g==/109951163539142997.jpg","tns":[],"pic_str":"109951163539142997","pic":109951163539142997},"dt":237923,"h":{"br":320000,"fid":0,"size":9520109,"vd":-2.0},"m":{"br":192000,"fid":0,"size":5712083,"vd":-2.0},"l":{"br":128000,"fid":0,"size":3808070,"vd":-1.0},"a":null,"cd":"","no":8,"rtUrl":null,"ftype":0,"rtUrls":[],"djId":0,"copyright":1,"s_id":0,"mst":9,"cp":1376818,"mv":0,"rtype":0,"rurl":null,"publishTime":1536336000007},{"name":"再见Hip-Hop","id":1306507665,"pst":0,"t":0,"ar":[{"id":6453,"name":"张震岳","tns":[],"alias":[]},{"id":4479,"name":"MC Hotdog","tns":[],"alias":[]},{"id":12453329,"name":"功夫胖KungFuPen","tns":[],"alias":[]},{"id":12119618,"name":"派克特（PACT）","tns":[],"alias":[]}],"alia":[],"pop":100.0,"st":0,"rt":null,"fee":8,"v":3,"crbt":null,"cf":"","al":{"id":72796790,"name":"再见Hip-Hop","picUrl":"http://p1.music.126.net/bcRYaryCL7bysJEYswwkPQ==/109951163536049237.jpg","tns":[],"pic_str":"109951163536049237","pic":109951163536049237},"dt":240009,"h":{"br":320000,"fid":0,"size":9602656,"vd":0.0},"m":{"br":192000,"fid":0,"size":5761611,"vd":0.0},"l":{"br":128000,"fid":0,"size":3841088,"vd":0.0},"a":null,"cd":"","no":0,"rtUrl":null,"ftype":0,"rtUrls":[],"djId":0,"copyright":0,"s_id":0,"mst":9,"cp":36016,"mv":10781275,"rtype":0,"rurl":null,"publishTime":1536249600007},{"name":"顺平侯","id":1311363493,"pst":0,"t":0,"ar":[{"id":8103,"name":"花粥","tns":[],"alias":[]}],"alia":[],"pop":100.0,"st":0,"rt":null,"fee":8,"v":7,"crbt":null,"cf":"","al":{"id":73397148,"name":"2018（哼）","picUrl":"http://p1.music.126.net/5yK415W0v8TX56vaM1HgEA==/109951163561651681.jpg","tns":[],"pic_str":"109951163561651681","pic":109951163561651681},"dt":181467,"h":{"br":320000,"fid":0,"size":7261040,"vd":0.0},"m":{"br":192000,"fid":0,"size":4356641,"vd":0.0},"l":{"br":128000,"fid":0,"size":2904442,"vd":0.0},"a":null,"cd":"","no":1,"rtUrl":null,"ftype":0,"rtUrls":[],"djId":0,"copyright":0,"s_id":0,"mst":9,"cp":0,"mv":0,"rtype":0,"rurl":null,"publishTime":1537401600000},{"name":"目不转睛 (Live)","id":1304920094,"pst":0,"t":0,"ar":[{"id":12236125,"name":"王以太","tns":[],"alias":[]}],"alia":[],"pop":100.0,"st":0,"rt":null,"fee":0,"v":23,"crbt":null,"cf":"","al":{"id":72603642,"name":"中国新说唱 第7期","picUrl":"http://p1.music.126.net/MoLKXK3YBWYHcVnrZqdlDw==/109951163513814630.jpg","tns":[],"pic_str":"109951163513814630","pic":109951163513814630},"dt":162732,"h":{"br":320000,"fid":0,"size":6511848,"vd":-3.0},"m":{"br":192000,"fid":0,"size":3907126,"vd":-3.0},"l":{"br":128000,"fid":0,"size":2604765,"vd":-2.0},"a":null,"cd":"","no":6,"rtUrl":null,"ftype":0,"rtUrls":[],"djId":0,"copyright":2,"s_id":0,"mst":9,"cp":1376818,"mv":0,"rtype":0,"rurl":null,"publishTime":1535126400007},{"name":"仲夏夜","id":1311134034,"pst":0,"t":0,"ar":[{"id":12120150,"name":"朱星杰","tns":[],"alias":[]}],"alia":[],"pop":100.0,"st":0,"rt":null,"fee":8,"v":3,"crbt":null,"cf":"","al":{"id":73438631,"name":"仲夏夜","picUrl":"http://p1.music.126.net/jtjLKnUIP5aMnms7VQKJBQ==/109951163557959799.jpg","tns":[],"pic_str":"109951163557959799","pic":109951163557959799},"dt":195399,"h":{"br":320000,"fid":0,"size":7819015,"vd":-2.0},"m":{"br":192000,"fid":0,"size":4691426,"vd":-2.0},"l":{"br":128000,"fid":0,"size":3127632,"vd":-2.0},"a":null,"cd":"","no":1,"rtUrl":null,"ftype":0,"rtUrls":[],"djId":0,"copyright":2,"s_id":0,"mst":9,"cp":1380821,"mv":0,"rtype":0,"rurl":null,"publishTime":1537372800007},{"name":"竹 (Bamboo)","id":1308818970,"pst":0,"t":0,"ar":[{"id":92526,"name":"Far East Movement","tns":[],"alias":[]},{"id":6472,"name":"张杰","tns":[],"alias":[]}],"alia":[],"pop":100.0,"st":0,"rt":null,"fee":1,"v":9,"crbt":null,"cf":"","al":{"id":73326641,"name":"竹 (Bamboo)","picUrl":"http://p1.music.126.net/Cz1rFEc1EwFsW1gBXi-yEg==/109951163552724449.jpg","tns":[],"pic_str":"109951163552724449","pic":109951163552724449},"dt":214257,"h":{"br":320000,"fid":0,"size":8573431,"vd":0.0},"m":{"br":192000,"fid":0,"size":5144076,"vd":0.0},"l":{"br":128000,"fid":0,"size":3429399,"vd":0.0},"a":null,"cd":"1","no":1,"rtUrl":null,"ftype":0,"rtUrls":[],"djId":0,"copyright":2,"s_id":0,"mst":9,"cp":1405820,"mv":10787027,"rtype":0,"rurl":null,"publishTime":1537113600007},{"name":"最美的遇见","id":1306497931,"pst":0,"t":0,"ar":[{"id":9940,"name":"徐佳莹","tns":[],"alias":[]}],"alia":["电视剧《凉生，我们可不可以不忧伤》情感主题曲"],"pop":100.0,"st":0,"rt":null,"fee":8,"v":1,"crbt":null,"cf":"","al":{"id":72796893,"name":"最美的遇见","picUrl":"http://p1.music.126.net/tPxA3mzqoJzitdGbDx5WCw==/109951163542982823.jpg","tns":[],"pic_str":"109951163542982823","pic":109951163542982823},"dt":285243,"h":{"br":320000,"fid":0,"size":11412419,"vd":-1.0},"m":{"br":192000,"fid":0,"size":6847469,"vd":-1.0},"l":{"br":128000,"fid":0,"size":4564994,"vd":-1.0},"a":null,"cd":"","no":0,"rtUrl":null,"ftype":0,"rtUrls":[],"djId":0,"copyright":0,"s_id":0,"mst":9,"cp":707010,"mv":0,"rtype":0,"rurl":null,"publishTime":1536595200007},{"name":"We Young","id":1309814348,"pst":0,"t":0,"ar":[{"id":1011017,"name":"灿烈","tns":[],"alias":[]},{"id":1124559,"name":"世勋","tns":[],"alias":[]}],"alia":[],"pop":100.0,"st":0,"rt":null,"fee":8,"v":12,"crbt":null,"cf":"","al":{"id":73257034,"name":"We Young","picUrl":"http://p1.music.126.net/GVUuvkkTcev0bMhAxiOttg==/109951163549594106.jpg","tns":[],"pic_str":"109951163549594106","pic":109951163549594106},"dt":181161,"h":{"br":320000,"fid":0,"size":7249546,"vd":-2.0},"m":{"br":192000,"fid":0,"size":4349745,"vd":-1.0},"l":{"br":128000,"fid":0,"size":2899844,"vd":-1.0},"a":null,"cd":"1","no":1,"rtUrl":null,"ftype":0,"rtUrls":[],"djId":0,"copyright":0,"s_id":0,"mst":9,"cp":0,"mv":10787025,"rtype":0,"rurl":null,"publishTime":1536854400000},{"name":"WAIT WAIT WAIT (Live)","id":1306498681,"pst":0,"t":0,"ar":[{"id":12932368,"name":"蔡徐坤","tns":[],"alias":[]}],"alia":[],"pop":100.0,"st":0,"rt":null,"fee":0,"v":11,"crbt":null,"cf":"","al":{"id":72795830,"name":"中国音乐公告牌 第一期","picUrl":"http://p1.music.126.net/pfXlAkyq81k5KcKLy2hVzg==/109951163561059232.jpg","tns":[],"pic_str":"109951163561059232","pic":109951163561059232},"dt":235958,"h":{"br":320000,"fid":0,"size":9440697,"vd":0.0},"m":{"br":192000,"fid":0,"size":5664435,"vd":0.0},"l":{"br":128000,"fid":0,"size":3776305,"vd":0.0},"a":null,"cd":"1","no":1,"rtUrl":null,"ftype":0,"rtUrls":[],"djId":0,"copyright":2,"s_id":0,"mst":9,"cp":1403820,"mv":0,"rtype":0,"rurl":null,"publishTime":1536249600007},{"name":"Falling Down","id":1310906489,"pst":0,"t":0,"ar":[{"id":12066122,"name":"lil peep","tns":[],"alias":[]},{"id":12107961,"name":"XXXTENTACION","tns":[],"alias":[]}],"alia":[],"pop":100.0,"st":0,"rt":null,"fee":8,"v":8,"crbt":null,"cf":"","al":{"id":73257412,"name":"Falling Down","picUrl":"http://p1.music.126.net/tCdhDkcLLkFi7nBNWUJi2g==/109951163559402693.jpg","tns":[],"pic_str":"109951163559402693","pic":109951163559402693},"dt":196440,"h":{"br":320000,"fid":0,"size":7858721,"vd":0.0},"m":{"br":192000,"fid":0,"size":4715250,"vd":0.0},"l":{"br":128000,"fid":0,"size":3143515,"vd":0.0},"a":null,"cd":"1","no":1,"rtUrl":null,"ftype":0,"rtUrls":[],"djId":0,"copyright":0,"s_id":0,"mst":9,"cp":7001,"mv":0,"rtype":0,"rurl":null,"publishTime":1537315200000},{"name":"都是小事儿 (live)","id":1311346362,"pst":0,"t":0,"ar":[{"id":1203045,"name":"艾热","tns":[],"alias":[]}],"alia":[],"pop":0.0,"st":0,"rt":null,"fee":0,"v":19,"crbt":null,"cf":"","al":{"id":73471726,"name":"中国新说唱 第11期","picUrl":"http://p1.music.126.net/tCYU129ppfsdJ74Z4qdRNg==/109951163562341847.jpg","tns":[],"pic_str":"109951163562341847","pic":109951163562341847},"dt":133538,"h":{"br":320000,"fid":0,"size":5344697,"vd":-3.0},"m":{"br":192000,"fid":0,"size":3206835,"vd":-3.0},"l":{"br":128000,"fid":0,"size":2137905,"vd":-3.0},"a":null,"cd":"","no":4,"rtUrl":null,"ftype":0,"rtUrls":[],"djId":0,"copyright":2,"s_id":0,"mst":9,"cp":1376818,"mv":0,"rtype":0,"rurl":null,"publishTime":1537545600007},{"name":"WAKE ME UP ","id":1309901661,"pst":0,"t":0,"ar":[{"id":12091076,"name":"白宇","tns":[],"alias":[]},{"id":12228043,"name":"x1u","tns":[],"alias":[]}],"alia":[],"pop":100.0,"st":0,"rt":null,"fee":0,"v":4,"crbt":null,"cf":"","al":{"id":73423618,"name":"WAKE ME UP","picUrl":"http://p1.music.126.net/io6EvXrRfZj3BCm1MbnrOw==/109951163559717159.jpg","tns":[],"pic_str":"109951163559717159","pic":109951163559717159},"dt":164075,"h":{"br":320000,"fid":0,"size":6566182,"vd":-2.0},"m":{"br":192000,"fid":0,"size":3939727,"vd":-2.0},"l":{"br":128000,"fid":0,"size":2626499,"vd":-2.0},"a":null,"cd":"","no":0,"rtUrl":null,"ftype":0,"rtUrls":[],"djId":0,"copyright":2,"s_id":0,"mst":9,"cp":1406818,"mv":0,"rtype":0,"rurl":null,"publishTime":1537459200007},{"name":"童言无忌 (Live)","id":1306498831,"pst":0,"t":0,"ar":[{"id":12236125,"name":"王以太","tns":[],"alias":[]}],"alia":[],"pop":100.0,"st":0,"rt":null,"fee":0,"v":1,"crbt":null,"cf":"","al":{"id":72794867,"name":"中国新说唱 第9期","picUrl":"http://p1.music.126.net/64WUXSOw2mvm5CY2xocX6g==/109951163539142997.jpg","tns":[],"pic_str":"109951163539142997","pic":109951163539142997},"dt":246272,"h":{"br":320000,"fid":0,"size":9853431,"vd":-2.0},"m":{"br":192000,"fid":0,"size":5912076,"vd":-1.0},"l":{"br":128000,"fid":0,"size":3941399,"vd":-1.0},"a":null,"cd":"","no":7,"rtUrl":null,"ftype":0,"rtUrls":[],"djId":0,"copyright":1,"s_id":0,"mst":9,"cp":1376818,"mv":0,"rtype":0,"rurl":null,"publishTime":1536336000007},{"name":"Venom (Music From The Motion Picture)","id":1311535712,"pst":0,"t":0,"ar":[{"id":32665,"name":"Eminem","tns":[],"alias":[]}],"alia":[],"pop":100.0,"st":0,"rt":null,"fee":1,"v":5,"crbt":null,"cf":"","al":{"id":73496717,"name":"Venom (Music From The Motion Picture)","picUrl":"http://p1.music.126.net/ZcDlhgeOfDvVI-u0CkZVFA==/109951163560487593.jpg","tns":[],"pic_str":"109951163560487593","pic":109951163560487593},"dt":269609,"h":{"br":320000,"fid":0,"size":10785480,"vd":-2.0},"m":{"br":192000,"fid":0,"size":6471306,"vd":-2.0},"l":{"br":128000,"fid":0,"size":4314218,"vd":-2.0},"a":null,"cd":"1","no":1,"rtUrl":null,"ftype":0,"rtUrls":[],"djId":0,"copyright":1,"s_id":0,"mst":9,"cp":7003,"mv":0,"rtype":0,"rurl":null,"publishTime":1537459200007},{"name":"夜宴风波","id":1308819790,"pst":0,"t":0,"ar":[{"id":12174521,"name":"音阙诗听","tns":[],"alias":[]},{"id":12048239,"name":"王梓钰","tns":[],"alias":[]}],"alia":[],"pop":100.0,"st":0,"rt":null,"fee":8,"v":3,"crbt":null,"cf":"","al":{"id":72797107,"name":"夜宴风波","picUrl":"http://p1.music.126.net/PPuulVHufUuWtDNHUjrYYQ==/109951163549298656.jpg","tns":[],"pic_str":"109951163549298656","pic":109951163549298656},"dt":204141,"h":{"br":320000,"fid":0,"size":8168011,"vd":-1.0},"m":{"br":192000,"fid":0,"size":4900824,"vd":-1.0},"l":{"br":128000,"fid":0,"size":3267231,"vd":-1.0},"a":null,"cd":"","no":1,"rtUrl":null,"ftype":0,"rtUrls":[],"djId":0,"copyright":0,"s_id":0,"mst":9,"cp":733010,"mv":10779369,"rtype":0,"rurl":null,"publishTime":1536940800007},{"name":"寒鸦少年","id":1305366556,"pst":0,"t":0,"ar":[{"id":861777,"name":"华晨宇","tns":[],"alias":[]}],"alia":["电视剧《斗破苍穹》主题曲"],"pop":100.0,"st":0,"rt":null,"fee":8,"v":1,"crbt":null,"cf":"","al":{"id":72706788,"name":"寒鸦少年","picUrl":"http://p1.music.126.net/qRQTS_TroZo9SLV5yqpT5A==/109951163520638522.jpg","tns":[],"pic_str":"109951163520638522","pic":109951163520638522},"dt":315146,"h":{"br":320000,"fid":0,"size":12608827,"vd":-3.0},"m":{"br":192000,"fid":0,"size":7565314,"vd":-3.0},"l":{"br":128000,"fid":0,"size":5043557,"vd":-3.0},"a":null,"cd":"","no":0,"rtUrl":null,"ftype":0,"rtUrls":[],"djId":0,"copyright":0,"s_id":0,"mst":9,"cp":1384818,"mv":0,"rtype":0,"rurl":null,"publishTime":1535472000007},{"name":"想象 (Live)","id":1308782761,"pst":0,"t":0,"ar":[{"id":28387271,"name":"摩登兄弟刘宇宁","tns":[],"alias":[]}],"alia":[],"pop":100.0,"st":0,"rt":null,"fee":0,"v":5,"crbt":null,"cf":"","al":{"id":72796144,"name":"中国音乐公告牌 第二期 ","picUrl":"http://p1.music.126.net/f2JYJHONZPZa08d6aOeDvQ==/109951163561062632.jpg","tns":[],"pic_str":"109951163561062632","pic":109951163561062632},"dt":273093,"h":{"br":320000,"fid":0,"size":10926542,"vd":-3.0},"m":{"br":192000,"fid":0,"size":6555942,"vd":-2.0},"l":{"br":128000,"fid":0,"size":4370643,"vd":-2.0},"a":null,"cd":"","no":2,"rtUrl":null,"ftype":0,"rtUrls":[],"djId":0,"copyright":2,"s_id":0,"mst":9,"cp":1403820,"mv":0,"rtype":0,"rurl":null,"publishTime":1536854400007},{"name":"一江水","id":1306496991,"pst":0,"t":0,"ar":[{"id":9940,"name":"徐佳莹","tns":[],"alias":[]},{"id":12138269,"name":"毛不易","tns":[],"alias":[]}],"alia":["超级剧集《天坑鹰猎》概念主题曲"],"pop":100.0,"st":0,"rt":null,"fee":8,"v":2,"crbt":null,"cf":"","al":{"id":72796920,"name":"一江水","picUrl":"http://p1.music.126.net/1drYrF5dwrIoMNsxW-if5g==/109951163544662657.jpg","tns":[],"pic_str":"109951163544662657","pic":109951163544662657},"dt":266713,"h":{"br":320000,"fid":0,"size":10671587,"vd":-1.0},"m":{"br":192000,"fid":0,"size":6402969,"vd":-1.0},"l":{"br":128000,"fid":0,"size":4268661,"vd":-1.0},"a":null,"cd":"","no":1,"rtUrl":null,"ftype":0,"rtUrls":[],"djId":0,"copyright":0,"s_id":0,"mst":9,"cp":1397819,"mv":0,"rtype":0,"rurl":null,"publishTime":1536768000007},{"name":"家走 (live)","id":1311346364,"pst":0,"t":0,"ar":[{"id":1203045,"name":"艾热","tns":[],"alias":[]}],"alia":[],"pop":0.0,"st":0,"rt":null,"fee":0,"v":19,"crbt":null,"cf":"","al":{"id":73471726,"name":"中国新说唱 第11期","picUrl":"http://p1.music.126.net/tCYU129ppfsdJ74Z4qdRNg==/109951163562341847.jpg","tns":[],"pic_str":"109951163562341847","pic":109951163562341847},"dt":152149,"h":{"br":320000,"fid":0,"size":6088664,"vd":-2.0},"m":{"br":192000,"fid":0,"size":3653216,"vd":-2.0},"l":{"br":128000,"fid":0,"size":2435492,"vd":-2.0},"a":null,"cd":"","no":10,"rtUrl":null,"ftype":0,"rtUrls":[],"djId":0,"copyright":2,"s_id":0,"mst":9,"cp":1376818,"mv":0,"rtype":0,"rurl":null,"publishTime":1537545600007},{"name":"This Feeling","id":1311434003,"pst":0,"t":0,"ar":[{"id":893484,"name":"The Chainsmokers","tns":[],"alias":[]},{"id":976243,"name":"Kelsea Ballerini","tns":[],"alias":[]}],"alia":[],"pop":85.0,"st":0,"rt":null,"fee":8,"v":6,"crbt":null,"cf":"","al":{"id":73479037,"name":"Sick Boy...This Feeling","picUrl":"http://p1.music.126.net/SWGLUjQNxrPNoMn6V4K8Bg==/109951163559834093.jpg","tns":[],"pic_str":"109951163559834093","pic":109951163559834093},"dt":198008,"h":{"br":320000,"fid":0,"size":7920370,"vd":0.0},"m":{"br":192000,"fid":0,"size":4752240,"vd":0.0},"l":{"br":128000,"fid":0,"size":3168174,"vd":0.0},"a":null,"cd":"1","no":1,"rtUrl":null,"ftype":0,"rtUrls":[],"djId":0,"copyright":1,"s_id":0,"mst":9,"cp":7001,"mv":10793018,"rtype":0,"rurl":null,"publishTime":1537200000007},{"name":"不相忘","id":1308782890,"pst":0,"t":0,"ar":[{"id":12270575,"name":"孟凡明","tns":[],"alias":[]}],"alia":[],"pop":100.0,"st":0,"rt":null,"fee":8,"v":1,"crbt":null,"cf":"","al":{"id":72798110,"name":"不相忘","picUrl":"http://p1.music.126.net/_aL-MLu2acps10hFPXFomQ==/109951163549448466.jpg","tns":[],"pic_str":"109951163549448466","pic":109951163549448466},"dt":242165,"h":{"br":320000,"fid":0,"size":9689382,"vd":0.0},"m":{"br":192000,"fid":0,"size":5813647,"vd":0.0},"l":{"br":128000,"fid":0,"size":3875779,"vd":0.0},"a":null,"cd":"","no":1,"rtUrl":null,"ftype":0,"rtUrls":[],"djId":0,"copyright":0,"s_id":0,"mst":9,"cp":0,"mv":0,"rtype":0,"rurl":null,"publishTime":1537113600007},{"name":"没有人心疼我","id":1308818630,"pst":0,"t":0,"ar":[{"id":15064461,"name":"方宇杰","tns":[],"alias":[]}],"alia":["原唱：陈雪凝"],"pop":100.0,"st":0,"rt":null,"fee":8,"v":1,"crbt":null,"cf":"","al":{"id":72797076,"name":"没有人心疼我","picUrl":"http://p1.music.126.net/K0JG-3rlCB5qlT4ZEzQJiw==/109951163547819199.jpg","tns":[],"pic_str":"109951163547819199","pic":109951163547819199},"dt":278437,"h":{"br":320000,"fid":0,"size":11139701,"vd":0.0},"m":{"br":192000,"fid":0,"size":6683838,"vd":0.0},"l":{"br":128000,"fid":0,"size":4455906,"vd":0.0},"a":null,"cd":"","no":1,"rtUrl":null,"ftype":0,"rtUrls":[],"djId":0,"copyright":0,"s_id":0,"mst":9,"cp":1372820,"mv":0,"rtype":0,"rurl":null,"publishTime":1536940800007},{"name":"说书人","id":1303019637,"pst":0,"t":0,"ar":[{"id":1198010,"name":"暗杠","tns":[],"alias":[]},{"id":28868804,"name":"寅子","tns":[],"alias":[]}],"alia":[],"pop":100.0,"st":0,"rt":null,"fee":8,"v":6,"crbt":null,"cf":"","al":{"id":72385845,"name":"说书人","picUrl":"http://p1.music.126.net/X9-wFEy1DfWOx5R2iCXqIg==/109951163509761545.jpg","tns":[],"pic_str":"109951163509761545","pic":109951163509761545},"dt":179200,"h":{"br":320000,"fid":0,"size":7170133,"vd":-1.0},"m":{"br":192000,"fid":0,"size":4302097,"vd":-1.0},"l":{"br":128000,"fid":0,"size":2868079,"vd":-1.0},"a":null,"cd":"","no":1,"rtUrl":null,"ftype":0,"rtUrls":[],"djId":0,"copyright":1,"s_id":0,"mst":9,"cp":0,"mv":10770032,"rtype":0,"rurl":null,"publishTime":1535040000007},{"name":"Venice Bitch","id":1311021714,"pst":0,"t":0,"ar":[{"id":66212,"name":"Lana Del Rey","tns":[],"alias":[]}],"alia":[],"pop":100.0,"st":0,"rt":null,"fee":8,"v":6,"crbt":null,"cf":"","al":{"id":73427265,"name":"Venice Bitch","picUrl":"http://p1.music.126.net/VZNBHguayu4ks3LL7zLwCw==/109951163557483095.jpg","tns":[],"pic_str":"109951163557483095","pic":109951163557483095},"dt":576391,"h":{"br":320000,"fid":0,"size":23056762,"vd":0.0},"m":{"br":192000,"fid":0,"size":13834075,"vd":0.0},"l":{"br":128000,"fid":0,"size":9222731,"vd":0.0},"a":null,"cd":"1","no":1,"rtUrl":null,"ftype":0,"rtUrls":[],"djId":0,"copyright":1,"s_id":0,"mst":9,"cp":7003,"mv":10791021,"rtype":0,"rurl":null,"publishTime":1537286400007},{"name":"生生不息","id":1308818527,"pst":0,"t":0,"ar":[{"id":4485,"name":"马天宇","tns":[],"alias":[]}],"alia":["电视剧《凉生，我们可不可以不忧伤》片尾曲"],"pop":100.0,"st":0,"rt":null,"fee":8,"v":1,"crbt":null,"cf":"","al":{"id":72795032,"name":"生生不息","picUrl":"http://p1.music.126.net/TmgOXAATVuvnK4FVx8yYbQ==/109951163547453309.jpg","tns":[],"pic_str":"109951163547453309","pic":109951163547453309},"dt":282420,"h":{"br":320000,"fid":0,"size":11299570,"vd":-3.0},"m":{"br":192000,"fid":0,"size":6779760,"vd":-2.0},"l":{"br":128000,"fid":0,"size":4519854,"vd":-2.0},"a":null,"cd":"","no":0,"rtUrl":null,"ftype":0,"rtUrls":[],"djId":0,"copyright":2,"s_id":0,"mst":9,"cp":707010,"mv":10780320,"rtype":0,"rurl":null,"publishTime":1536854400007},{"name":"受够了 (live)","id":1311345342,"pst":0,"t":0,"ar":[{"id":1203045,"name":"艾热","tns":[],"alias":[]}],"alia":[],"pop":0.0,"st":0,"rt":null,"fee":0,"v":19,"crbt":null,"cf":"","al":{"id":73471726,"name":"中国新说唱 第11期","picUrl":"http://p1.music.126.net/tCYU129ppfsdJ74Z4qdRNg==/109951163562341847.jpg","tns":[],"pic_str":"109951163562341847","pic":109951163562341847},"dt":121873,"h":{"br":320000,"fid":0,"size":4877627,"vd":-3.0},"m":{"br":192000,"fid":0,"size":2926594,"vd":-3.0},"l":{"br":128000,"fid":0,"size":1951077,"vd":-3.0},"a":null,"cd":"","no":8,"rtUrl":null,"ftype":0,"rtUrls":[],"djId":0,"copyright":2,"s_id":0,"mst":9,"cp":1376818,"mv":0,"rtype":0,"rurl":null,"publishTime":1537545600007},{"name":"春风十里 (Live)","id":1300595161,"pst":0,"t":0,"ar":[{"id":1050282,"name":"房东的猫","tns":[],"alias":[]}],"alia":[],"pop":100.0,"st":0,"rt":null,"fee":8,"v":39,"crbt":null,"cf":"","al":{"id":71855944,"name":"音乐好朋友 第二季","picUrl":"http://p1.music.126.net/RiZ4XcDcg1Wl4k5Urw10mA==/109951163421331988.jpg","tns":[],"pic_str":"109951163421331988","pic":109951163421331988},"dt":276260,"h":{"br":320000,"fid":0,"size":11052974,"vd":0.0},"m":{"br":192000,"fid":0,"size":6631802,"vd":0.0},"l":{"br":128000,"fid":0,"size":4421216,"vd":0.0},"a":null,"cd":"1","no":4,"rtUrl":null,"ftype":0,"rtUrls":[],"djId":0,"copyright":2,"s_id":0,"mst":9,"cp":760011,"mv":10751510,"rtype":0,"rurl":null,"publishTime":1537113600007},{"name":"Made It","id":1309814826,"pst":0,"t":0,"ar":[{"id":1083118,"name":"王嘉尔","tns":[],"alias":[]}],"alia":[],"pop":100.0,"st":0,"rt":null,"fee":8,"v":8,"crbt":null,"cf":"","al":{"id":73257170,"name":"Present : YOU","picUrl":"http://p1.music.126.net/BKsyba-0DceSOBvfiB8Q5g==/109951163555297220.jpg","tns":[],"pic_str":"109951163555297220","pic":109951163555297220},"dt":156485,"h":{"br":320000,"fid":0,"size":6262117,"vd":-5.0},"m":{"br":192000,"fid":0,"size":3757288,"vd":-5.0},"l":{"br":128000,"fid":0,"size":2504873,"vd":-4.0},"a":null,"cd":"1","no":8,"rtUrl":null,"ftype":0,"rtUrls":[],"djId":0,"copyright":0,"s_id":0,"mst":9,"cp":372011,"mv":10777221,"rtype":0,"rurl":null,"publishTime":1537113600000},{"name":"想给你","id":1309903584,"pst":0,"t":0,"ar":[{"id":12622588,"name":"钟易轩","tns":[],"alias":[]}],"alia":[],"pop":100.0,"st":0,"rt":null,"fee":8,"v":1,"crbt":null,"cf":"","al":{"id":73327759,"name":"想给你","picUrl":"http://p1.music.126.net/BOR1yT0rQ5a0x4WOrrKdMQ==/109951163556751028.jpg","tns":[],"pic_str":"109951163556751028","pic":109951163556751028},"dt":240147,"h":{"br":320000,"fid":0,"size":9608925,"vd":-2.0},"m":{"br":192000,"fid":0,"size":5765373,"vd":-2.0},"l":{"br":128000,"fid":0,"size":3843596,"vd":-2.0},"a":null,"cd":"","no":0,"rtUrl":null,"ftype":0,"rtUrls":[],"djId":0,"copyright":0,"s_id":0,"mst":9,"cp":636010,"mv":0,"rtype":0,"rurl":null,"publishTime":1537372800007},{"name":"可一可再","id":1300423074,"pst":0,"t":0,"ar":[{"id":2116,"name":"陈奕迅","tns":[],"alias":[]},{"id":14713083,"name":"eason and the duo band","tns":[],"alias":[]}],"alia":[],"pop":100.0,"st":0,"rt":null,"fee":8,"v":4,"crbt":null,"cf":"","al":{"id":72072277,"name":"可一可再","picUrl":"http://p1.music.126.net/ihkYgnwvjcDiQf8kmnESig==/109951163512803446.jpg","tns":[],"pic_str":"109951163512803446","pic":109951163512803446},"dt":284656,"h":{"br":320000,"fid":0,"size":11387342,"vd":-1.0},"m":{"br":192000,"fid":0,"size":6832422,"vd":-1.0},"l":{"br":128000,"fid":0,"size":4554963,"vd":-1.0},"a":null,"cd":"","no":0,"rtUrl":null,"ftype":0,"rtUrls":[],"djId":0,"copyright":0,"s_id":0,"mst":9,"cp":7003,"mv":5966724,"rtype":0,"rurl":null,"publishTime":1535040000007},{"name":"从头","id":1308818167,"pst":0,"t":0,"ar":[{"id":1007170,"name":"陈粒","tns":[],"alias":[]}],"alia":[],"pop":100.0,"st":0,"rt":null,"fee":8,"v":1,"crbt":null,"cf":"","al":{"id":72794957,"name":"从头","picUrl":"http://p1.music.126.net/ewafe5uApGKwX7o9c8Ygag==/109951163544830874.jpg","tns":[],"pic_str":"109951163544830874","pic":109951163544830874},"dt":208370,"h":{"br":320000,"fid":0,"size":8337285,"vd":-4.0},"m":{"br":192000,"fid":0,"size":5002388,"vd":-3.0},"l":{"br":128000,"fid":0,"size":3334940,"vd":-3.0},"a":null,"cd":"","no":0,"rtUrl":null,"ftype":0,"rtUrls":[],"djId":0,"copyright":0,"s_id":0,"mst":9,"cp":723017,"mv":0,"rtype":0,"rurl":null,"publishTime":1536681600007},{"name":"SEE NO EVIL","id":1311319238,"pst":0,"t":0,"ar":[{"id":1008034,"name":"鬼卞","tns":[],"alias":[]}],"alia":[],"pop":0.0,"st":0,"rt":null,"fee":8,"v":1,"crbt":null,"cf":"","al":{"id":73467670,"name":"SEE NO EVIL","picUrl":"http://p1.music.126.net/wOX70wbFWulfnMjZQdEKSw==/109951163560560500.jpg","tns":[],"pic_str":"109951163560560500","pic":109951163560560500},"dt":208000,"h":{"br":320000,"fid":0,"size":8322656,"vd":-2.0},"m":{"br":192000,"fid":0,"size":4993611,"vd":-2.0},"l":{"br":128000,"fid":0,"size":3329088,"vd":-1.0},"a":null,"cd":"","no":0,"rtUrl":null,"ftype":0,"rtUrls":[],"djId":0,"copyright":0,"s_id":0,"mst":9,"cp":0,"mv":0,"rtype":0,"rurl":null,"publishTime":1537545600007},{"name":"Ocean of Dreams","id":1311132031,"pst":0,"t":0,"ar":[{"id":12120150,"name":"朱星杰","tns":[],"alias":[]}],"alia":[],"pop":100.0,"st":0,"rt":null,"fee":8,"v":3,"crbt":null,"cf":"","al":{"id":73438631,"name":"仲夏夜","picUrl":"http://p1.music.126.net/jtjLKnUIP5aMnms7VQKJBQ==/109951163557959799.jpg","tns":[],"pic_str":"109951163557959799","pic":109951163557959799},"dt":229320,"h":{"br":320000,"fid":0,"size":9175293,"vd":-2.0},"m":{"br":192000,"fid":0,"size":5505193,"vd":-2.0},"l":{"br":128000,"fid":0,"size":3670143,"vd":-2.0},"a":null,"cd":"","no":2,"rtUrl":null,"ftype":0,"rtUrls":[],"djId":0,"copyright":0,"s_id":0,"mst":9,"cp":1380821,"mv":0,"rtype":0,"rurl":null,"publishTime":1537372800007},{"name":"사이렌","id":1307376239,"pst":0,"t":0,"ar":[{"id":818678,"name":"宣美","tns":[],"alias":[]}],"alia":[],"pop":100.0,"st":0,"rt":null,"fee":8,"v":16,"crbt":null,"cf":"","al":{"id":72984236,"name":"WARNING","picUrl":"http://p1.music.126.net/KeP4XIy_4LWQDrRPbzztGg==/109951163533403297.jpg","tns":[],"pic_str":"109951163533403297","pic":109951163533403297},"dt":199133,"h":{"br":320000,"fid":0,"size":7968436,"vd":-3.0},"m":{"br":192000,"fid":0,"size":4781079,"vd":-2.0},"l":{"br":128000,"fid":0,"size":3187400,"vd":-2.0},"a":null,"cd":"1","no":2,"rtUrl":null,"ftype":0,"rtUrls":[],"djId":0,"copyright":0,"s_id":0,"mst":9,"cp":653015,"mv":10780273,"rtype":0,"rurl":null,"publishTime":1535990400007,"tns":["Siren"]},{"name":"霓虹","id":1306496592,"pst":0,"t":0,"ar":[{"id":1197168,"name":"徐秉龙","tns":[],"alias":[]}],"alia":[],"pop":100.0,"st":0,"rt":null,"fee":8,"v":1,"crbt":null,"cf":"","al":{"id":72796777,"name":"霓虹","picUrl":"http://p1.music.126.net/4mZ_5xDnkK4o9mrNlifUzQ==/109951163535069615.jpg","tns":[],"pic_str":"109951163535069615","pic":109951163535069615},"dt":280375,"h":{"br":320000,"fid":0,"size":11218068,"vd":-2.0},"m":{"br":192000,"fid":0,"size":6730858,"vd":-2.0},"l":{"br":128000,"fid":0,"size":4487253,"vd":-2.0},"a":null,"cd":"","no":0,"rtUrl":null,"ftype":0,"rtUrls":[],"djId":0,"copyright":0,"s_id":0,"mst":9,"cp":0,"mv":0,"rtype":0,"rurl":null,"publishTime":1536422400007},{"name":"小了白了兔","id":1307186114,"pst":0,"t":0,"ar":[{"id":975714,"name":"叶洛洛","tns":[],"alias":[]}],"alia":[],"pop":100.0,"st":0,"rt":null,"fee":0,"v":3,"crbt":null,"cf":"","al":{"id":72782492,"name":"小了白了兔","picUrl":"http://p1.music.126.net/cClUkGJp00Uf5VxjREbcoA==/109951163531804698.jpg","tns":[],"pic_str":"109951163531804698","pic":109951163531804698},"dt":86549,"h":{"br":320000,"fid":0,"size":3464925,"vd":0.0},"m":{"br":192000,"fid":0,"size":2078973,"vd":0.0},"l":{"br":128000,"fid":0,"size":1385996,"vd":0.0},"a":null,"cd":"","no":1,"rtUrl":null,"ftype":0,"rtUrls":[],"djId":0,"copyright":0,"s_id":0,"mst":9,"cp":0,"mv":0,"rtype":0,"rurl":null,"publishTime":1535904000000},{"name":"Zero","id":1311243743,"pst":0,"t":0,"ar":[{"id":94779,"name":"Imagine Dragons","tns":[],"alias":[]}],"alia":["动画《无敌破坏王2：大闹互联网》插曲"],"pop":0.0,"st":0,"rt":null,"fee":8,"v":15,"crbt":null,"cf":"","al":{"id":73455348,"name":"Zero (From the Original Motion Picture \"Ralph Breaks The Internet\")","picUrl":"http://p1.music.126.net/mG5jXWENFblaNt6lEDpATw==/109951163558839293.jpg","tns":[],"pic_str":"109951163558839293","pic":109951163558839293},"dt":210934,"h":{"br":320000,"fid":0,"size":8439685,"vd":0.0},"m":{"br":192000,"fid":0,"size":5063828,"vd":0.0},"l":{"br":128000,"fid":0,"size":3375900,"vd":0.0},"a":null,"cd":"1","no":1,"rtUrl":null,"ftype":0,"rtUrls":[],"djId":0,"copyright":1,"s_id":0,"mst":9,"cp":7003,"mv":10795064,"rtype":0,"rurl":null,"publishTime":1537286400007},{"name":"Dear John (补唱版)","id":1308818968,"pst":0,"t":0,"ar":[{"id":166018,"name":"吉克隽逸","tns":[],"alias":[]},{"id":6730,"name":"周汤豪","tns":[],"alias":[]}],"alia":[],"pop":100.0,"st":0,"rt":null,"fee":0,"v":9,"crbt":null,"cf":"","al":{"id":73326637,"name":"中国新说唱 第10期","picUrl":"http://p1.music.126.net/D-mpVLLwMrA-hPu0QPYUNQ==/109951163551410648.jpg","tns":[],"pic_str":"109951163551410648","pic":109951163551410648},"dt":248908,"h":{"br":320000,"fid":0,"size":9958966,"vd":-2.0},"m":{"br":192000,"fid":0,"size":5975397,"vd":-1.0},"l":{"br":128000,"fid":0,"size":3983613,"vd":-1.0},"a":null,"cd":"","no":2,"rtUrl":null,"ftype":0,"rtUrls":[],"djId":0,"copyright":2,"s_id":0,"mst":9,"cp":1376818,"mv":0,"rtype":0,"rurl":null,"publishTime":1536940800007},{"name":"时间是金 (Live)","id":1306498829,"pst":0,"t":0,"ar":[{"id":12236125,"name":"王以太","tns":[],"alias":[]}],"alia":[],"pop":100.0,"st":0,"rt":null,"fee":0,"v":1,"crbt":null,"cf":"","al":{"id":72794867,"name":"中国新说唱 第9期","picUrl":"http://p1.music.126.net/64WUXSOw2mvm5CY2xocX6g==/109951163539142997.jpg","tns":[],"pic_str":"109951163539142997","pic":109951163539142997},"dt":211693,"h":{"br":320000,"fid":0,"size":8469987,"vd":-3.0},"m":{"br":192000,"fid":0,"size":5082009,"vd":-3.0},"l":{"br":128000,"fid":0,"size":3388021,"vd":-3.0},"a":null,"cd":"","no":1,"rtUrl":null,"ftype":0,"rtUrls":[],"djId":0,"copyright":1,"s_id":0,"mst":9,"cp":1376818,"mv":0,"rtype":0,"rurl":null,"publishTime":1536336000007},{"name":"全世界陪我失眠","id":1306507727,"pst":0,"t":0,"ar":[{"id":5538,"name":"汪苏泷","tns":[],"alias":[]}],"alia":[],"pop":100.0,"st":0,"rt":null,"fee":8,"v":8,"crbt":null,"cf":"","al":{"id":72797059,"name":"克制凶猛","picUrl":"http://p1.music.126.net/IYSj8IlPo9pOctBVe78UJQ==/109951163548944126.jpg","tns":[],"pic_str":"109951163548944126","pic":109951163548944126},"dt":238105,"h":{"br":320000,"fid":0,"size":9526378,"vd":0.0},"m":{"br":192000,"fid":0,"size":5715844,"vd":0.0},"l":{"br":128000,"fid":0,"size":3810577,"vd":0.0},"a":null,"cd":"","no":6,"rtUrl":null,"ftype":0,"rtUrls":[],"djId":0,"copyright":0,"s_id":0,"mst":9,"cp":729013,"mv":0,"rtype":0,"rurl":null,"publishTime":1536249600007},{"name":"D-Day","id":1304882671,"pst":0,"t":0,"ar":[{"id":123937,"name":"Junggigo","tns":[],"alias":[]}],"alia":["韩剧《我的ID是江南美人》插曲"],"pop":100.0,"st":0,"rt":null,"fee":0,"v":19,"crbt":null,"cf":"","al":{"id":72593715,"name":"내 아이디는 강남미인 OST Part 5","picUrl":"http://p1.music.126.net/iSYqTa644-SkFkJXyQhVvw==/109951163513373700.jpg","tns":["我的ID是江南美人 OST Part 5"],"pic_str":"109951163513373700","pic":109951163513373700},"dt":207542,"h":{"br":320000,"fid":0,"size":8302803,"vd":-1.0},"m":{"br":192000,"fid":0,"size":4981699,"vd":0.0},"l":{"br":128000,"fid":0,"size":3321147,"vd":0.0},"a":null,"cd":"1","no":1,"rtUrl":null,"ftype":0,"rtUrls":[],"djId":0,"copyright":0,"s_id":0,"mst":9,"cp":0,"mv":10770037,"rtype":0,"rurl":null,"publishTime":1535040000000},{"name":"泡面宣言","id":1309901384,"pst":0,"t":0,"ar":[{"id":7122,"name":"阿肆","tns":[],"alias":[]}],"alia":["汤达人元气音乐节主题曲"],"pop":100.0,"st":0,"rt":null,"fee":0,"v":1,"crbt":null,"cf":"","al":{"id":73327697,"name":"泡面宣言","picUrl":"http://p1.music.126.net/hWSuUiGHy2h7dw0P2s-ydQ==/109951163555337978.jpg","tns":[],"pic_str":"109951163555337978","pic":109951163555337978},"dt":197738,"h":{"br":320000,"fid":0,"size":7912011,"vd":-1.0},"m":{"br":192000,"fid":0,"size":4747224,"vd":-1.0},"l":{"br":128000,"fid":0,"size":3164831,"vd":-1.0},"a":null,"cd":"","no":0,"rtUrl":null,"ftype":0,"rtUrls":[],"djId":0,"copyright":0,"s_id":0,"mst":9,"cp":1405819,"mv":0,"rtype":0,"rurl":null,"publishTime":1537200000007},{"name":"WISH","id":1308782980,"pst":0,"t":0,"ar":[{"id":30035218,"name":"费启鸣","tns":[],"alias":[]}],"alia":[],"pop":100.0,"st":0,"rt":null,"fee":0,"v":3,"crbt":null,"cf":"","al":{"id":73326631,"name":"WISH","picUrl":"http://p1.music.126.net/2XPagm61Sgb9claqB7IgYw==/109951163551028720.jpg","tns":[],"pic_str":"109951163551028720","pic":109951163551028720},"dt":228387,"h":{"br":320000,"fid":0,"size":9137676,"vd":0.0},"m":{"br":192000,"fid":0,"size":5482623,"vd":0.0},"l":{"br":128000,"fid":0,"size":3655097,"vd":0.0},"a":null,"cd":"","no":0,"rtUrl":null,"ftype":0,"rtUrls":[],"djId":0,"copyright":0,"s_id":0,"mst":9,"cp":1404818,"mv":10778403,"rtype":0,"rurl":null,"publishTime":1537113600007},{"name":"少年行","id":1306496744,"pst":0,"t":0,"ar":[{"id":12084229,"name":"焦迈奇","tns":[],"alias":[]}],"alia":["超级剧集《天坑鹰猎》无畏版推广曲"],"pop":100.0,"st":0,"rt":null,"fee":8,"v":3,"crbt":null,"cf":"","al":{"id":72797827,"name":"少年行","picUrl":"http://p1.music.126.net/TOJHlzi9Id5voVXdRYdaEg==/109951163537711639.jpg","tns":[],"pic_str":"109951163537711639","pic":109951163537711639},"dt":215143,"h":{"br":320000,"fid":0,"size":8607913,"vd":0.0},"m":{"br":192000,"fid":0,"size":5164765,"vd":0.0},"l":{"br":128000,"fid":0,"size":3443191,"vd":0.0},"a":null,"cd":"","no":1,"rtUrl":null,"ftype":0,"rtUrls":[],"djId":0,"copyright":0,"s_id":0,"mst":9,"cp":1397819,"mv":10792036,"rtype":0,"rurl":null,"publishTime":1536422400007},{"name":"情非得已 (电音版)","id":1309415528,"pst":0,"t":0,"ar":[{"id":12262447,"name":"Trouze","tns":[],"alias":[]},{"id":1025255,"name":"Sam Feldt","tns":[],"alias":[]},{"id":3105,"name":"何维健","tns":[],"alias":[]}],"alia":[],"pop":5.0,"st":0,"rt":null,"fee":8,"v":1,"crbt":null,"cf":"","al":{"id":73268309,"name":"情非得已 (电音版)","picUrl":"http://p1.music.126.net/Cd4rTTJnEko-yd6XwE4mig==/109951163546679588.jpg","tns":[],"pic_str":"109951163546679588","pic":109951163546679588},"dt":190450,"h":{"br":320000,"fid":0,"size":7620485,"vd":-3.0},"m":{"br":192000,"fid":0,"size":4572308,"vd":-3.0},"l":{"br":128000,"fid":0,"size":3048220,"vd":-3.0},"a":null,"cd":"1","no":1,"rtUrl":null,"ftype":0,"rtUrls":[],"djId":0,"copyright":1,"s_id":0,"mst":9,"cp":653015,"mv":0,"rtype":0,"rurl":null,"publishTime":1537459200007},{"name":"关于薛之谦","id":1306853204,"pst":0,"t":0,"ar":[{"id":14017398,"name":"Gifty","tns":[],"alias":[]}],"alia":[],"pop":100.0,"st":0,"rt":null,"fee":8,"v":7,"crbt":null,"cf":"","al":{"id":72813648,"name":"关于薛之谦","picUrl":"http://p1.music.126.net/pb-ob9o3qYlK3CD51ii-DA==/109951163529043170.jpg","tns":[],"pic_str":"109951163529043170","pic":109951163529043170},"dt":183383,"h":{"br":320000,"fid":0,"size":7338362,"vd":2.0},"m":{"br":192000,"fid":0,"size":4403035,"vd":2.0},"l":{"br":128000,"fid":0,"size":2935371,"vd":3.0},"a":null,"cd":"","no":1,"rtUrl":null,"ftype":0,"rtUrls":[],"djId":0,"copyright":0,"s_id":0,"mst":9,"cp":0,"mv":0,"rtype":0,"rurl":null,"publishTime":1535846400000},{"name":"另一个童话","id":1305366734,"pst":0,"t":0,"ar":[{"id":7763,"name":"G.E.M.邓紫棋","tns":[],"alias":[]}],"alia":[],"pop":100.0,"st":0,"rt":null,"fee":8,"v":5,"crbt":null,"cf":"","al":{"id":72709830,"name":"另一个童话","picUrl":"http://p1.music.126.net/tXCIFsVDK6IKcQ9YWxwOEg==/109951163523944497.jpg","tns":[],"pic_str":"109951163523944497","pic":109951163523944497},"dt":183426,"h":{"br":320000,"fid":0,"size":7339407,"vd":-1.0},"m":{"br":192000,"fid":0,"size":4403662,"vd":-1.0},"l":{"br":128000,"fid":0,"size":2935789,"vd":-1.0},"a":null,"cd":"","no":3,"rtUrl":null,"ftype":0,"rtUrls":[],"djId":0,"copyright":0,"s_id":0,"mst":9,"cp":27001,"mv":0,"rtype":0,"rurl":null,"publishTime":1535558400007},{"name":"City Lights (Live)","id":1309903082,"pst":0,"t":0,"ar":[{"id":1124151,"name":"刘柏辛Lexie","tns":[],"alias":[]}],"alia":[],"pop":100.0,"st":0,"rt":null,"fee":0,"v":9,"crbt":null,"cf":"","al":{"id":73326637,"name":"中国新说唱 第10期","picUrl":"http://p1.music.126.net/D-mpVLLwMrA-hPu0QPYUNQ==/109951163551410648.jpg","tns":[],"pic_str":"109951163551410648","pic":109951163551410648},"dt":181888,"h":{"br":320000,"fid":0,"size":7277758,"vd":-4.0},"m":{"br":192000,"fid":0,"size":4366672,"vd":-4.0},"l":{"br":128000,"fid":0,"size":2911129,"vd":-3.0},"a":null,"cd":"","no":5,"rtUrl":null,"ftype":0,"rtUrls":[],"djId":0,"copyright":2,"s_id":0,"mst":9,"cp":1376818,"mv":0,"rtype":0,"rurl":null,"publishTime":1536940800007},{"name":"哑巴","id":1308782053,"pst":0,"t":0,"ar":[{"id":1032247,"name":"赵钶","tns":[],"alias":[]}],"alia":[],"pop":100.0,"st":0,"rt":null,"fee":8,"v":2,"crbt":null,"cf":"","al":{"id":72796931,"name":"哑巴","picUrl":"http://p1.music.126.net/0KEmpRgT4Isp4hsyLxsrYw==/109951163543382263.jpg","tns":[],"pic_str":"109951163543382263","pic":109951163543382263},"dt":323206,"h":{"br":320000,"fid":0,"size":12930656,"vd":-1.0},"m":{"br":192000,"fid":0,"size":7758411,"vd":-1.0},"l":{"br":128000,"fid":0,"size":5172288,"vd":0.0},"a":null,"cd":"","no":0,"rtUrl":null,"ftype":0,"rtUrls":[],"djId":0,"copyright":0,"s_id":0,"mst":9,"cp":760012,"mv":0,"rtype":0,"rurl":null,"publishTime":1536508800007},{"name":"Burn Out","id":1308819693,"pst":0,"t":0,"ar":[{"id":780003,"name":"Martin Garrix","tns":[],"alias":[]},{"id":12082294,"name":"Justin Mylo","tns":[],"alias":[]},{"id":14043443,"name":"Dewain Whitmore","tns":[],"alias":[]}],"alia":[],"pop":100.0,"st":0,"rt":null,"fee":8,"v":10,"crbt":null,"cf":"","al":{"id":72795071,"name":"Burn Out","picUrl":"http://p1.music.126.net/QnD4V_-E9IERgZamBMVF9g==/109951163548748304.jpg","tns":[],"pic_str":"109951163548748304","pic":109951163548748304},"dt":200385,"h":{"br":320000,"fid":0,"size":8015456,"vd":-1.0},"m":{"br":192000,"fid":0,"size":4809291,"vd":-1.0},"l":{"br":128000,"fid":0,"size":3206208,"vd":-1.0},"a":null,"cd":"1","no":1,"rtUrl":null,"ftype":0,"rtUrls":[],"djId":0,"copyright":0,"s_id":0,"mst":9,"cp":7001,"mv":10780351,"rtype":0,"rurl":null,"publishTime":1536883200000},{"name":"碧海问舟","id":1311345134,"pst":0,"t":0,"ar":[{"id":187295,"name":"Assen捷","tns":[],"alias":[]}],"alia":[],"pop":5.0,"st":0,"rt":null,"fee":0,"v":3,"crbt":null,"cf":"","al":{"id":73467660,"name":"逆水寒之兰芷集","picUrl":"http://p1.music.126.net/lcrTUJ3_4bmoxXjzNSb3ZA==/109951163559597422.jpg","tns":[],"pic_str":"109951163559597422","pic":109951163559597422},"dt":288888,"h":{"br":320000,"fid":0,"size":11557660,"vd":0.0},"m":{"br":192000,"fid":0,"size":6934613,"vd":0.0},"l":{"br":128000,"fid":0,"size":4623090,"vd":0.0},"a":null,"cd":"","no":1,"rtUrl":null,"ftype":0,"rtUrls":[],"djId":0,"copyright":2,"s_id":0,"mst":9,"cp":500016,"mv":0,"rtype":0,"rurl":null,"publishTime":1537459200007},{"name":"孩子","id":1311347329,"pst":0,"t":0,"ar":[{"id":1038367,"name":"HAO付豪","tns":[],"alias":[]}],"alia":[],"pop":100.0,"st":0,"rt":null,"fee":0,"v":1,"crbt":null,"cf":"","al":{"id":73472719,"name":"孩子","picUrl":"http://p1.music.126.net/kQ6e3wxXfAyNpNuh4AMhOA==/109951163561156313.jpg","tns":[],"pic_str":"109951163561156313","pic":109951163561156313},"dt":300978,"h":{"br":320000,"fid":0,"size":12041448,"vd":0.0},"m":{"br":192000,"fid":0,"size":7224886,"vd":0.0},"l":{"br":128000,"fid":0,"size":4816605,"vd":0.0},"a":null,"cd":"","no":0,"rtUrl":null,"ftype":0,"rtUrls":[],"djId":0,"copyright":0,"s_id":0,"mst":9,"cp":0,"mv":0,"rtype":0,"rurl":null,"publishTime":1537545600007},{"name":"Unicorn (Live)","id":1311347322,"pst":0,"t":0,"ar":[{"id":12493781,"name":"Lil Ghost小鬼","tns":[],"alias":[]}],"alia":[],"pop":100.0,"st":0,"rt":null,"fee":0,"v":6,"crbt":null,"cf":"","al":{"id":73471716,"name":"中国音乐公告牌 第三期 ","picUrl":"http://p1.music.126.net/E0i8fhPqJ_QVGLLtS6xRxQ==/109951163561025767.jpg","tns":[],"pic_str":"109951163561025767","pic":109951163561025767},"dt":219449,"h":{"br":320000,"fid":0,"size":8780321,"vd":0.0},"m":{"br":192000,"fid":0,"size":5268210,"vd":0.0},"l":{"br":128000,"fid":0,"size":3512155,"vd":0.0},"a":null,"cd":"","no":1,"rtUrl":null,"ftype":0,"rtUrls":[],"djId":0,"copyright":0,"s_id":0,"mst":9,"cp":1403820,"mv":0,"rtype":0,"rurl":null,"publishTime":1537459200007},{"name":"惯性失眠","id":1310100235,"pst":0,"t":0,"ar":[{"id":12606272,"name":"吕大叶","tns":[],"alias":[]},{"id":12272213,"name":"范知林","tns":[],"alias":[]}],"alia":[],"pop":100.0,"st":0,"rt":null,"fee":0,"v":6,"crbt":null,"cf":"","al":{"id":73291113,"name":"THE ENDLESS","picUrl":"http://p1.music.126.net/0uY92HH6VsFiQ8VpwCTcEA==/109951163550956159.jpg","tns":[],"pic_str":"109951163550956159","pic":109951163550956159},"dt":319957,"h":{"br":320000,"fid":0,"size":12801089,"vd":-2.0},"m":{"br":192000,"fid":0,"size":7680671,"vd":-2.0},"l":{"br":128000,"fid":0,"size":5120462,"vd":-2.0},"a":null,"cd":"","no":1,"rtUrl":null,"ftype":0,"rtUrls":[],"djId":0,"copyright":0,"s_id":0,"mst":9,"cp":0,"mv":0,"rtype":0,"rurl":null,"publishTime":1536940800000},{"name":"漂 Part II (Live)","id":1306498048,"pst":0,"t":0,"ar":[{"id":12514278,"name":"那吾克热LIL-EM","tns":[],"alias":[]}],"alia":[],"pop":100.0,"st":0,"rt":null,"fee":0,"v":3,"crbt":null,"cf":"","al":{"id":72797621,"name":"中国新说唱 第8期","picUrl":"http://p1.music.126.net/rq-UPiSvde8PUUDgw7iUzw==/109951163528111375.jpg","tns":[],"pic_str":"109951163528111375","pic":109951163528111375},"dt":160554,"h":{"br":320000,"fid":0,"size":6425121,"vd":-3.0},"m":{"br":192000,"fid":0,"size":3855090,"vd":-3.0},"l":{"br":128000,"fid":0,"size":2570075,"vd":-3.0},"a":null,"cd":"","no":4,"rtUrl":null,"ftype":0,"rtUrls":[],"djId":0,"copyright":2,"s_id":0,"mst":9,"cp":1376818,"mv":0,"rtype":0,"rurl":null,"publishTime":1535731200007},{"name":"結界 -short ver.-","id":1311134208,"pst":0,"t":0,"ar":[{"id":17028,"name":"水樹奈々","tns":[],"alias":[]},{"id":161902,"name":"宮野真守","tns":[],"alias":[]}],"alia":["手游《阴阳师》二周年主题曲 / ゲームアプリ「陰陽師本格幻想RPG」テーマ曲"],"pop":100.0,"st":0,"rt":null,"fee":8,"v":2,"crbt":null,"cf":"","al":{"id":73467621,"name":"結界 -short ver.-","picUrl":"http://p1.music.126.net/nwc-Lu1LmamnPnqtFFN5Cw==/109951163559137210.jpg","tns":[],"pic_str":"109951163559137210","pic":109951163559137210},"dt":186098,"h":{"br":320000,"fid":0,"size":7447031,"vd":-4.0},"m":{"br":192000,"fid":0,"size":4468236,"vd":-4.0},"l":{"br":128000,"fid":0,"size":2978839,"vd":-4.0},"a":null,"cd":"","no":0,"rtUrl":null,"ftype":0,"rtUrls":[],"djId":0,"copyright":0,"s_id":0,"mst":9,"cp":756010,"mv":0,"rtype":0,"rurl":null,"publishTime":1537372800007},{"name":"I Don’t Wanna Fight Tonight","id":1311319061,"pst":0,"t":0,"ar":[{"id":13972114,"name":"MR-X","tns":[],"alias":[]},{"id":13057676,"name":"李希侃","tns":[],"alias":[]},{"id":13057501,"name":"罗正","tns":[],"alias":[]},{"id":13059448,"name":"吕晨瑜","tns":[],"alias":[]},{"id":13057503,"name":"孙凡杰","tns":[],"alias":[]},{"id":13058499,"name":"罗杰","tns":[],"alias":[]}],"alia":[],"pop":5.0,"st":0,"rt":null,"fee":0,"v":5,"crbt":null,"cf":"","al":{"id":73471620,"name":"I Don’t Wanna Fight Tonight","picUrl":"http://p1.music.126.net/xAz6alBrg6bqgtryRb_fsw==/109951163559296423.jpg","tns":[],"pic_str":"109951163559296423","pic":109951163559296423},"dt":244232,"h":{"br":320000,"fid":0,"size":9771929,"vd":-1.0},"m":{"br":192000,"fid":0,"size":5863175,"vd":-1.0},"l":{"br":128000,"fid":0,"size":3908798,"vd":-1.0},"a":null,"cd":"1","no":1,"rtUrl":null,"ftype":0,"rtUrls":[],"djId":0,"copyright":0,"s_id":0,"mst":9,"cp":549016,"mv":0,"rtype":0,"rurl":null,"publishTime":1537459200007},{"name":"不要来烦妈妈","id":1311569845,"pst":0,"t":0,"ar":[{"id":12077204,"name":"陈壹千","tns":[],"alias":[]}],"alia":[],"pop":100.0,"st":0,"rt":null,"fee":0,"v":3,"crbt":null,"cf":"","al":{"id":73480655,"name":"不要来烦妈妈","picUrl":"http://p1.music.126.net/9nhEPntPEvEjVFGWkPSQ2A==/109951163560778953.jpg","tns":[],"pic_str":"109951163560778953","pic":109951163560778953},"dt":227087,"h":{"br":320000,"fid":0,"size":9086476,"vd":-2.0},"m":{"br":192000,"fid":0,"size":5451903,"vd":-1.0},"l":{"br":128000,"fid":0,"size":3634617,"vd":-1.0},"a":null,"cd":"","no":1,"rtUrl":null,"ftype":0,"rtUrls":[],"djId":0,"copyright":0,"s_id":0,"mst":9,"cp":0,"mv":0,"rtype":0,"rurl":null,"publishTime":1537459200000},{"name":"幻梦","id":1311133182,"pst":0,"t":0,"ar":[{"id":12037229,"name":"木小雅","tns":[],"alias":[]}],"alia":[],"pop":100.0,"st":0,"rt":null,"fee":8,"v":1,"crbt":null,"cf":"","al":{"id":73446648,"name":"幻梦","picUrl":"http://p1.music.126.net/P9mN-LI9tbqy2EeZ1229lQ==/109951163558157120.jpg","tns":[],"pic_str":"109951163558157120","pic":109951163558157120},"dt":284910,"h":{"br":320000,"fid":0,"size":11398836,"vd":0.0},"m":{"br":192000,"fid":0,"size":6839319,"vd":0.0},"l":{"br":128000,"fid":0,"size":4559560,"vd":0.0},"a":null,"cd":"","no":1,"rtUrl":null,"ftype":0,"rtUrls":[],"djId":0,"copyright":0,"s_id":0,"mst":9,"cp":0,"mv":0,"rtype":0,"rurl":null,"publishTime":1537372800007},{"name":"Y (Live)","id":1306496053,"pst":0,"t":0,"ar":[{"id":12119618,"name":"派克特（PACT）","tns":[],"alias":[]}],"alia":[],"pop":100.0,"st":0,"rt":null,"fee":0,"v":3,"crbt":null,"cf":"","al":{"id":72797621,"name":"中国新说唱 第8期","picUrl":"http://p1.music.126.net/rq-UPiSvde8PUUDgw7iUzw==/109951163528111375.jpg","tns":[],"pic_str":"109951163528111375","pic":109951163528111375},"dt":206554,"h":{"br":320000,"fid":0,"size":8265187,"vd":-2.0},"m":{"br":192000,"fid":0,"size":4959129,"vd":-1.0},"l":{"br":128000,"fid":0,"size":3306101,"vd":-1.0},"a":null,"cd":"","no":8,"rtUrl":null,"ftype":0,"rtUrls":[],"djId":0,"copyright":2,"s_id":0,"mst":9,"cp":1376818,"mv":0,"rtype":0,"rurl":null,"publishTime":1535731200007},{"name":"我说我当不了县长","id":1307411242,"pst":0,"t":0,"ar":[{"id":8103,"name":"花粥","tns":[],"alias":[]}],"alia":[],"pop":100.0,"st":0,"rt":null,"fee":0,"v":12,"crbt":null,"cf":"","al":{"id":72979643,"name":"粥串门（方仔）","picUrl":"http://p1.music.126.net/WDdfp5vtP_-ei2O4TP61YQ==/109951163533730845.jpg","tns":[],"pic_str":"109951163533730845","pic":109951163533730845},"dt":190000,"h":{"br":320000,"fid":0,"size":7602721,"vd":0.0},"m":{"br":192000,"fid":0,"size":4561650,"vd":0.0},"l":{"br":128000,"fid":0,"size":3041115,"vd":0.0},"a":null,"cd":"","no":1,"rtUrl":null,"ftype":0,"rtUrls":[],"djId":0,"copyright":0,"s_id":0,"mst":9,"cp":0,"mv":0,"rtype":0,"rurl":null,"publishTime":1536019200000},{"name":"无憾","id":1310337558,"pst":0,"t":0,"ar":[{"id":1216023,"name":"开开（赵锴羿）","tns":[],"alias":[]}],"alia":[],"pop":100.0,"st":0,"rt":null,"fee":0,"v":6,"crbt":null,"cf":"","al":{"id":73298296,"name":"无憾","picUrl":"http://p1.music.126.net/BjGSsVS5zWZ9B8OISARB5A==/109951163552741919.jpg","tns":[],"pic_str":"109951163552741919","pic":109951163552741919},"dt":286992,"h":{"br":320000,"fid":0,"size":11481382,"vd":-1.0},"m":{"br":192000,"fid":0,"size":6888847,"vd":-1.0},"l":{"br":128000,"fid":0,"size":4592579,"vd":-1.0},"a":null,"cd":"","no":1,"rtUrl":null,"ftype":0,"rtUrls":[],"djId":0,"copyright":0,"s_id":0,"mst":9,"cp":0,"mv":0,"rtype":0,"rurl":null,"publishTime":1537027200000},{"name":"醉 (Live)","id":1306507878,"pst":0,"t":0,"ar":[{"id":188565,"name":"银临","tns":[],"alias":[]}],"alia":[],"pop":100.0,"st":0,"rt":null,"fee":8,"v":15,"crbt":null,"cf":"","al":{"id":71855944,"name":"音乐好朋友 第二季","picUrl":"http://p1.music.126.net/RiZ4XcDcg1Wl4k5Urw10mA==/109951163421331988.jpg","tns":[],"pic_str":"109951163421331988","pic":109951163421331988},"dt":158542,"h":{"br":320000,"fid":0,"size":6344664,"vd":-1.0},"m":{"br":192000,"fid":0,"size":3806816,"vd":-1.0},"l":{"br":128000,"fid":0,"size":2537892,"vd":-1.0},"a":null,"cd":"1","no":8,"rtUrl":null,"ftype":0,"rtUrls":[],"djId":0,"copyright":2,"s_id":0,"mst":9,"cp":760011,"mv":10778222,"rtype":0,"rurl":null,"publishTime":1537113600007},{"name":"Oyna Nigar","id":1306887189,"pst":0,"t":0,"ar":[{"id":12028162,"name":"Sirkul","tns":[],"alias":[]},{"id":0,"name":"Etiraz99","tns":[],"alias":[]},{"id":12851052,"name":"M2K","tns":[],"alias":[]},{"id":12184546,"name":"Nutul","tns":[],"alias":[]},{"id":0,"name":"Mz","tns":[],"alias":[]}],"alia":[],"pop":100.0,"st":0,"rt":null,"fee":0,"v":11,"crbt":null,"cf":"","al":{"id":72799935,"name":"Oyna Nigar","picUrl":"http://p1.music.126.net/FsB1rjYvb4nevpeHb7b7TQ==/109951163529403566.jpg","tns":[],"pic_str":"109951163529403566","pic":109951163529403566},"dt":217465,"h":{"br":320000,"fid":0,"size":8708223,"vd":0.0},"m":{"br":192000,"fid":0,"size":5224951,"vd":0.0},"l":{"br":128000,"fid":0,"size":3483315,"vd":0.0},"a":null,"cd":"","no":1,"rtUrl":null,"ftype":0,"rtUrls":[],"djId":0,"copyright":0,"s_id":0,"mst":9,"cp":0,"mv":0,"rtype":0,"rurl":null,"publishTime":1535846400000},{"name":"第十二夜","id":1308782725,"pst":0,"t":0,"ar":[{"id":5538,"name":"汪苏泷","tns":[],"alias":[]}],"alia":[],"pop":100.0,"st":0,"rt":null,"fee":8,"v":3,"crbt":null,"cf":"","al":{"id":72797059,"name":"克制凶猛","picUrl":"http://p1.music.126.net/IYSj8IlPo9pOctBVe78UJQ==/109951163548944126.jpg","tns":[],"pic_str":"109951163548944126","pic":109951163548944126},"dt":275987,"h":{"br":320000,"fid":0,"size":11042525,"vd":-2.0},"m":{"br":192000,"fid":0,"size":6625533,"vd":-2.0},"l":{"br":128000,"fid":0,"size":4417036,"vd":-2.0},"a":null,"cd":"","no":2,"rtUrl":null,"ftype":0,"rtUrls":[],"djId":0,"copyright":0,"s_id":0,"mst":9,"cp":617012,"mv":10787030,"rtype":0,"rurl":null,"publishTime":1536854400007},{"name":"Rainbow Falling","id":1306436071,"pst":0,"t":0,"ar":[{"id":12121252,"name":"车银优","tns":[],"alias":[]}],"alia":["韩剧《我的ID是江南美人》插曲"],"pop":100.0,"st":0,"rt":null,"fee":0,"v":11,"crbt":null,"cf":"","al":{"id":72594295,"name":"내 아이디는 강남미인 OST Part 7","picUrl":"http://p1.music.126.net/2_PozV7WjIZyJnKuFkmvUg==/109951163526496296.jpg","tns":["我的ID是江南美人 OST Part 7"],"pic_str":"109951163526496296","pic":109951163526496296},"dt":242285,"h":{"br":320000,"fid":0,"size":9693562,"vd":-3.0},"m":{"br":192000,"fid":0,"size":5816155,"vd":-3.0},"l":{"br":128000,"fid":0,"size":3877451,"vd":-3.0},"a":null,"cd":"1","no":1,"rtUrl":null,"ftype":0,"rtUrls":[],"djId":0,"copyright":0,"s_id":0,"mst":9,"cp":0,"mv":10769141,"rtype":0,"rurl":null,"publishTime":1535644800000},{"name":"No Stylist","id":1311365417,"pst":0,"t":0,"ar":[{"id":33795,"name":"French Montana","tns":[],"alias":[]},{"id":53283,"name":"Drake","tns":[],"alias":[]}],"alia":[],"pop":100.0,"st":0,"rt":null,"fee":8,"v":1,"crbt":null,"cf":"","al":{"id":73473693,"name":"No Stylist","picUrl":"http://p1.music.126.net/98teDQbhM0J0nkDUSvG1Zw==/109951163560347946.jpg","tns":[],"pic_str":"109951163560347946","pic":109951163560347946},"dt":192235,"h":{"br":320000,"fid":0,"size":7689448,"vd":-1.0},"m":{"br":192000,"fid":0,"size":4613686,"vd":-1.0},"l":{"br":128000,"fid":0,"size":3075805,"vd":-1.0},"a":null,"cd":"1","no":1,"rtUrl":null,"ftype":0,"rtUrls":[],"djId":0,"copyright":1,"s_id":0,"mst":9,"cp":7001,"mv":0,"rtype":0,"rurl":null,"publishTime":1537545600007},{"name":"Lullaby","id":1309814819,"pst":0,"t":0,"ar":[{"id":881021,"name":"GOT7","tns":[],"alias":[]}],"alia":[],"pop":100.0,"st":0,"rt":null,"fee":8,"v":8,"crbt":null,"cf":"","al":{"id":73257170,"name":"Present : YOU","picUrl":"http://p1.music.126.net/BKsyba-0DceSOBvfiB8Q5g==/109951163555297220.jpg","tns":[],"pic_str":"109951163555297220","pic":109951163555297220},"dt":217486,"h":{"br":320000,"fid":0,"size":8701954,"vd":-4.0},"m":{"br":192000,"fid":0,"size":5221190,"vd":-4.0},"l":{"br":128000,"fid":0,"size":3480808,"vd":-4.0},"a":null,"cd":"1","no":1,"rtUrl":null,"ftype":0,"rtUrls":[],"djId":0,"copyright":0,"s_id":0,"mst":9,"cp":372011,"mv":10786091,"rtype":0,"rurl":null,"publishTime":1537113600000},{"name":"我会遇见谁","id":1310946389,"pst":0,"t":0,"ar":[{"id":30002807,"name":"小白","tns":[],"alias":[]}],"alia":[],"pop":100.0,"st":0,"rt":null,"fee":0,"v":6,"crbt":null,"cf":"","al":{"id":73384943,"name":"我会遇见谁","picUrl":"http://p1.music.126.net/PcsarVsYE-N30JW-6ClLHQ==/109951163556829480.jpg","tns":[],"pic_str":"109951163556829480","pic":109951163556829480},"dt":255124,"h":{"br":320000,"fid":0,"size":10207652,"vd":0.0},"m":{"br":192000,"fid":0,"size":6124609,"vd":0.0},"l":{"br":128000,"fid":0,"size":4083087,"vd":0.0},"a":null,"cd":"","no":1,"rtUrl":null,"ftype":0,"rtUrls":[],"djId":0,"copyright":0,"s_id":0,"mst":9,"cp":0,"mv":0,"rtype":0,"rurl":null,"publishTime":1537372800000},{"name":"Havana (Live)","id":1311696795,"pst":0,"t":0,"ar":[{"id":12136039,"name":"Camila Cabello","tns":[],"alias":[]}],"alia":[],"pop":0.0,"st":0,"rt":null,"fee":8,"v":3,"crbt":null,"cf":"","al":{"id":73515520,"name":"Havana (Live)","picUrl":"http://p1.music.126.net/d5zRK4chmdFVg6-iUtWs_Q==/109951163561484878.jpg","tns":[],"pic_str":"109951163561484878","pic":109951163561484878},"dt":248633,"h":{"br":320000,"fid":0,"size":9945382,"vd":-1.0},"m":{"br":192000,"fid":0,"size":5967247,"vd":-1.0},"l":{"br":128000,"fid":0,"size":3978179,"vd":-1.0},"a":null,"cd":"1","no":1,"rtUrl":null,"ftype":0,"rtUrls":[],"djId":0,"copyright":1,"s_id":0,"mst":9,"cp":7001,"mv":0,"rtype":0,"rurl":null,"publishTime":1537459200007},{"name":"O.M.T","id":1308778604,"pst":0,"t":0,"ar":[{"id":13058506,"name":"周彦辰","tns":[],"alias":[]}],"alia":[],"pop":100.0,"st":0,"rt":null,"fee":8,"v":1,"crbt":null,"cf":"","al":{"id":72798034,"name":"O.M.T","picUrl":"http://p1.music.126.net/4Cc0holAXbuGTSpWHWKgdQ==/109951163547575230.jpg","tns":[],"pic_str":"109951163547575230","pic":109951163547575230},"dt":227277,"h":{"br":320000,"fid":0,"size":9093791,"vd":-2.0},"m":{"br":192000,"fid":0,"size":5456292,"vd":-2.0},"l":{"br":128000,"fid":0,"size":3637542,"vd":-2.0},"a":null,"cd":"","no":1,"rtUrl":null,"ftype":0,"rtUrls":[],"djId":0,"copyright":0,"s_id":0,"mst":9,"cp":1380821,"mv":0,"rtype":0,"rurl":null,"publishTime":1536854400007},{"name":"飞太远 (Live)","id":1306497050,"pst":0,"t":0,"ar":[{"id":6453,"name":"张震岳","tns":[],"alias":[]},{"id":4479,"name":"MC Hotdog","tns":[],"alias":[]},{"id":12119618,"name":"派克特（PACT）","tns":[],"alias":[]},{"id":12453329,"name":"功夫胖KungFuPen","tns":[],"alias":[]},{"id":1124151,"name":"刘柏辛Lexie","tns":[],"alias":[]}],"alia":[],"pop":100.0,"st":0,"rt":null,"fee":0,"v":3,"crbt":null,"cf":"","al":{"id":72797621,"name":"中国新说唱 第8期","picUrl":"http://p1.music.126.net/rq-UPiSvde8PUUDgw7iUzw==/109951163528111375.jpg","tns":[],"pic_str":"109951163528111375","pic":109951163528111375},"dt":260310,"h":{"br":320000,"fid":0,"size":10414542,"vd":-3.0},"m":{"br":192000,"fid":0,"size":6248742,"vd":-2.0},"l":{"br":128000,"fid":0,"size":4165843,"vd":-2.0},"a":null,"cd":"","no":3,"rtUrl":null,"ftype":0,"rtUrls":[],"djId":0,"copyright":2,"s_id":0,"mst":9,"cp":1376818,"mv":0,"rtype":0,"rurl":null,"publishTime":1535731200007},{"name":"Imaginary Friend","id":1311434543,"pst":0,"t":0,"ar":[{"id":783150,"name":"MØ","tns":[],"alias":[]}],"alia":[],"pop":5.0,"st":0,"rt":null,"fee":8,"v":3,"crbt":null,"cf":"","al":{"id":73478308,"name":"Imaginary Friend","picUrl":"http://p1.music.126.net/eVdSTH8aRw9XqLXyyi5Q9g==/109951163559833520.jpg","tns":[],"pic_str":"109951163559833520","pic":109951163559833520},"dt":227474,"h":{"br":320000,"fid":0,"size":9100060,"vd":0.0},"m":{"br":192000,"fid":0,"size":5460053,"vd":0.0},"l":{"br":128000,"fid":0,"size":3640050,"vd":0.0},"a":null,"cd":"1","no":1,"rtUrl":null,"ftype":0,"rtUrls":[],"djId":0,"copyright":1,"s_id":0,"mst":9,"cp":7001,"mv":10799107,"rtype":0,"rurl":null,"publishTime":1537459200007},{"name":"Space Oddity","id":1311132052,"pst":0,"t":0,"ar":[{"id":166018,"name":"吉克隽逸","tns":[],"alias":[]}],"alia":[],"pop":100.0,"st":0,"rt":null,"fee":8,"v":1,"crbt":null,"cf":"","al":{"id":73445621,"name":"Space Oddity","picUrl":"http://p1.music.126.net/4GtKwIDp5D3bHdv1jw9LJw==/109951163557994040.jpg","tns":[],"pic_str":"109951163557994040","pic":109951163557994040},"dt":220213,"h":{"br":320000,"fid":0,"size":8811668,"vd":-2.0},"m":{"br":192000,"fid":0,"size":5287018,"vd":-2.0},"l":{"br":128000,"fid":0,"size":3524693,"vd":-2.0},"a":null,"cd":"","no":0,"rtUrl":null,"ftype":0,"rtUrls":[],"djId":0,"copyright":2,"s_id":0,"mst":9,"cp":646012,"mv":0,"rtype":0,"rurl":null,"publishTime":1537372800007},{"name":"简秋与私语","id":1311886013,"pst":0,"t":0,"ar":[{"id":4621,"name":"闫东炜","tns":[],"alias":[]}],"alia":[],"pop":0.0,"st":0,"rt":null,"fee":0,"v":4,"crbt":null,"cf":"","al":{"id":73485816,"name":"简秋与私语","picUrl":"http://p1.music.126.net/71h7r64-heFer9xGYR2UBA==/109951163562527236.jpg","tns":[],"pic_str":"109951163562527236","pic":109951163562527236},"dt":236111,"h":{"br":320000,"fid":0,"size":9446966,"vd":0.0},"m":{"br":192000,"fid":0,"size":5668197,"vd":0.0},"l":{"br":128000,"fid":0,"size":3778813,"vd":0.0},"a":null,"cd":"","no":1,"rtUrl":null,"ftype":0,"rtUrls":[],"djId":0,"copyright":0,"s_id":0,"mst":9,"cp":0,"mv":0,"rtype":0,"rurl":null,"publishTime":1537545600000},{"name":"三千","id":1305073611,"pst":0,"t":0,"ar":[{"id":12598950,"name":"RA","tns":[],"alias":[]},{"id":0,"name":"Will Jay","tns":[],"alias":[]}],"alia":[],"pop":100.0,"st":0,"rt":null,"fee":0,"v":9,"crbt":null,"cf":"","al":{"id":72455437,"name":"三千","picUrl":"http://p1.music.126.net/c3gkYCpC5eITNHTEwCb5EQ==/109951163519773361.jpg","tns":[],"pic_str":"109951163519773361","pic":109951163519773361},"dt":267575,"h":{"br":320000,"fid":0,"size":10706068,"vd":0.0},"m":{"br":192000,"fid":0,"size":6423658,"vd":0.0},"l":{"br":128000,"fid":0,"size":4282453,"vd":0.0},"a":null,"cd":"","no":1,"rtUrl":null,"ftype":0,"rtUrls":[],"djId":0,"copyright":0,"s_id":0,"mst":9,"cp":0,"mv":0,"rtype":0,"rurl":null,"publishTime":1535086800000},{"name":"Bae","id":1305342119,"pst":0,"t":0,"ar":[{"id":12570622,"name":"Q-T.","tns":[],"alias":[]}],"alia":[],"pop":100.0,"st":0,"rt":null,"fee":0,"v":5,"crbt":null,"cf":"","al":{"id":72560219,"name":"Nuna","picUrl":"http://p1.music.126.net/PgsLXvAkU46UxVetH6pV-Q==/109951163516342233.jpg","tns":[],"pic_str":"109951163516342233","pic":109951163516342233},"dt":229172,"h":{"br":320000,"fid":0,"size":9169023,"vd":0.0},"m":{"br":192000,"fid":0,"size":5501431,"vd":0.0},"l":{"br":128000,"fid":0,"size":3667635,"vd":0.0},"a":null,"cd":"","no":1,"rtUrl":null,"ftype":0,"rtUrls":[],"djId":0,"copyright":0,"s_id":0,"mst":9,"cp":0,"mv":0,"rtype":0,"rurl":null,"publishTime":1536883200000},{"name":"寄无书","id":1310176387,"pst":0,"t":0,"ar":[{"id":12085569,"name":"李蚊香","tns":[],"alias":[]},{"id":12093063,"name":"云雀Cream","tns":[],"alias":[]},{"id":12083425,"name":"此间不语制作组","tns":[],"alias":[]}],"alia":[],"pop":100.0,"st":0,"rt":null,"fee":0,"v":3,"crbt":null,"cf":"","al":{"id":73297127,"name":"寄无书","picUrl":"http://p1.music.126.net/QZPKqdehdq5msdS6L9DZfw==/109951163551582370.jpg","tns":[],"pic_str":"109951163551582370","pic":109951163551582370},"dt":231600,"h":{"br":320000,"fid":0,"size":9266199,"vd":0.0},"m":{"br":192000,"fid":0,"size":5559737,"vd":0.0},"l":{"br":128000,"fid":0,"size":3706506,"vd":0.0},"a":null,"cd":"","no":1,"rtUrl":null,"ftype":0,"rtUrls":[],"djId":0,"copyright":0,"s_id":0,"mst":9,"cp":0,"mv":0,"rtype":0,"rurl":null,"publishTime":1536969600000},{"name":"等我赴约","id":1311346155,"pst":0,"t":0,"ar":[{"id":12264255,"name":"代鑫","tns":[],"alias":[]},{"id":30004203,"name":"孔一蝉","tns":[],"alias":[]}],"alia":[],"pop":0.0,"st":0,"rt":null,"fee":0,"v":4,"crbt":null,"cf":"","al":{"id":73470651,"name":"等我赴约","picUrl":"http://p1.music.126.net/oDx_xdNt14mfb_yHGcFjuQ==/109951163559572598.jpg","tns":[],"pic_str":"109951163559572598","pic":109951163559572598},"dt":312547,"h":{"br":320000,"fid":0,"size":12504338,"vd":0.0},"m":{"br":192000,"fid":0,"size":7502620,"vd":0.0},"l":{"br":128000,"fid":0,"size":5001761,"vd":0.0},"a":null,"cd":"","no":0,"rtUrl":null,"ftype":0,"rtUrls":[],"djId":0,"copyright":0,"s_id":0,"mst":9,"cp":0,"mv":0,"rtype":0,"rurl":null,"publishTime":1537545600007},{"name":"We Young (Chinese Ver.)","id":1309814349,"pst":0,"t":0,"ar":[{"id":1011017,"name":"灿烈","tns":[],"alias":[]},{"id":1124559,"name":"世勋","tns":[],"alias":[]}],"alia":[],"pop":100.0,"st":0,"rt":null,"fee":8,"v":8,"crbt":null,"cf":"","al":{"id":73257034,"name":"We Young","picUrl":"http://p1.music.126.net/GVUuvkkTcev0bMhAxiOttg==/109951163549594106.jpg","tns":[],"pic_str":"109951163549594106","pic":109951163549594106},"dt":181161,"h":{"br":320000,"fid":0,"size":7249546,"vd":-2.0},"m":{"br":192000,"fid":0,"size":4349745,"vd":-1.0},"l":{"br":128000,"fid":0,"size":2899844,"vd":-1.0},"a":null,"cd":"1","no":2,"rtUrl":null,"ftype":0,"rtUrls":[],"djId":0,"copyright":0,"s_id":0,"mst":9,"cp":0,"mv":0,"rtype":0,"rurl":null,"publishTime":1536854400000},{"name":"飞驰于你","id":1309642305,"pst":0,"t":0,"ar":[{"id":5771,"name":"许嵩","tns":[],"alias":[]}],"alia":["QQ飞车手游敦煌版本主题曲"],"pop":100.0,"st":0,"rt":null,"fee":8,"v":1,"crbt":null,"cf":"","al":{"id":73292879,"name":"飞驰于你","picUrl":"http://p1.music.126.net/mqglcaHq7jPUWwT0ZeiEsw==/109951163547853880.jpg","tns":[],"pic_str":"109951163547853880","pic":109951163547853880},"dt":244137,"h":{"br":320000,"fid":0,"size":9767750,"vd":-2.0},"m":{"br":192000,"fid":0,"size":5860667,"vd":-1.0},"l":{"br":128000,"fid":0,"size":3907126,"vd":-1.0},"a":null,"cd":"1","no":1,"rtUrl":null,"ftype":0,"rtUrls":[],"djId":0,"copyright":1,"s_id":0,"mst":9,"cp":14026,"mv":0,"rtype":0,"rurl":null,"publishTime":1536854400007},{"name":"再见青春","id":1309394162,"pst":0,"t":0,"ar":[{"id":1054159,"name":"任素汐","tns":[],"alias":[]}],"alia":["电影《悲伤逆流成河》插曲"],"pop":100.0,"st":0,"rt":null,"fee":0,"v":11,"crbt":null,"cf":"","al":{"id":73256760,"name":"再见青春","picUrl":"http://p1.music.126.net/VfL1yDDtIL-GCH_Zt4a9NQ==/109951163547493452.jpg","tns":[],"pic_str":"109951163547493452","pic":109951163547493452},"dt":281305,"h":{"br":320000,"fid":0,"size":11254640,"vd":0.0},"m":{"br":192000,"fid":0,"size":6752801,"vd":0.0},"l":{"br":128000,"fid":0,"size":4501882,"vd":0.0},"a":null,"cd":"1","no":1,"rtUrl":null,"ftype":0,"rtUrls":[],"djId":0,"copyright":0,"s_id":0,"mst":9,"cp":422032,"mv":10787040,"rtype":0,"rurl":null,"publishTime":1536768000000},{"name":"十七","id":1305366827,"pst":0,"t":0,"ar":[{"id":12709,"name":"S.H.E","tns":[],"alias":[]}],"alia":[],"pop":100.0,"st":0,"rt":null,"fee":4,"v":3,"crbt":null,"cf":"","al":{"id":72709860,"name":"十七","picUrl":"http://p1.music.126.net/qBdTIChSGEnOVCtaVmUUHA==/109951163523994505.jpg","tns":[],"pic_str":"109951163523994505","pic":109951163523994505},"dt":308693,"h":{"br":320000,"fid":0,"size":12350738,"vd":-2.0},"m":{"br":192000,"fid":0,"size":7410460,"vd":-1.0},"l":{"br":128000,"fid":0,"size":4940321,"vd":-1.0},"a":null,"cd":"1","no":1,"rtUrl":null,"ftype":0,"rtUrls":[],"djId":0,"copyright":1,"s_id":0,"mst":9,"cp":677020,"mv":10779177,"rtype":0,"rurl":null,"publishTime":1535558400007},{"name":"Save Yourself","id":1304757715,"pst":0,"t":0,"ar":[{"id":893484,"name":"The Chainsmokers","tns":[],"alias":[]},{"id":1105063,"name":"NGHTMRE","tns":[],"alias":[]}],"alia":[],"pop":100.0,"st":0,"rt":null,"fee":8,"v":3,"crbt":null,"cf":"","al":{"id":72565911,"name":"Sick Boy...Save Yourself","picUrl":"http://p1.music.126.net/uz76mgdzso_zal7QwynoZQ==/109951163510308910.jpg","tns":[],"pic_str":"109951163510308910","pic":109951163510308910},"dt":210677,"h":{"br":320000,"fid":0,"size":8428191,"vd":-1.0},"m":{"br":192000,"fid":0,"size":5056932,"vd":-1.0},"l":{"br":128000,"fid":0,"size":3371302,"vd":-1.0},"a":null,"cd":"1","no":2,"rtUrl":null,"ftype":0,"rtUrls":[],"djId":0,"copyright":1,"s_id":0,"mst":9,"cp":7001,"mv":10761146,"rtype":0,"rurl":null,"publishTime":1535040000007},{"name":"失眠记忆","id":1309903520,"pst":0,"t":0,"ar":[{"id":1132749,"name":"Shang","tns":[],"alias":[]}],"alia":[],"pop":100.0,"st":0,"rt":null,"fee":8,"v":1,"crbt":null,"cf":"","al":{"id":72796273,"name":"失眠记忆","picUrl":"http://p1.music.126.net/yIxPVCp_TbS1kIyPj5JFZQ==/109951163556616283.jpg","tns":[],"pic_str":"109951163556616283","pic":109951163556616283},"dt":250475,"h":{"br":320000,"fid":0,"size":10021660,"vd":0.0},"m":{"br":192000,"fid":0,"size":6013013,"vd":0.0},"l":{"br":128000,"fid":0,"size":4008690,"vd":0.0},"a":null,"cd":"","no":0,"rtUrl":null,"ftype":0,"rtUrls":[],"djId":0,"copyright":0,"s_id":0,"mst":9,"cp":530019,"mv":0,"rtype":0,"rurl":null,"publishTime":1537286400007},{"name":"我的爱","id":1303026566,"pst":0,"t":0,"ar":[{"id":5770,"name":"许巍","tns":[],"alias":[]}],"alia":[],"pop":100.0,"st":0,"rt":null,"fee":8,"v":5,"crbt":null,"cf":"","al":{"id":72384822,"name":"我的爱","picUrl":"http://p1.music.126.net/QAh2LRdcJUsp12hNhJIKKg==/109951163509463684.jpg","tns":[],"pic_str":"109951163509463684","pic":109951163509463684},"dt":212029,"h":{"br":320000,"fid":0,"size":8483570,"vd":0.0},"m":{"br":192000,"fid":0,"size":5090160,"vd":0.0},"l":{"br":128000,"fid":0,"size":3393454,"vd":0.0},"a":null,"cd":"","no":0,"rtUrl":null,"ftype":0,"rtUrls":[],"djId":0,"copyright":0,"s_id":0,"mst":9,"cp":22001,"mv":5966839,"rtype":0,"rurl":null,"publishTime":1535040000007},{"name":"Rap Devil","id":1308194194,"pst":0,"t":0,"ar":[{"id":40329,"name":"Machine Gun Kelly","tns":[],"alias":[]}],"alia":[],"pop":100.0,"st":0,"rt":null,"fee":8,"v":3,"crbt":null,"cf":"","al":{"id":73157472,"name":"Rap Devil","picUrl":"http://p1.music.126.net/pJ2RZl7FVhzbpfL3XMDCQg==/109951163538929947.jpg","tns":[],"pic_str":"109951163538929947","pic":109951163538929947},"dt":286145,"h":{"br":320000,"fid":0,"size":11446901,"vd":-1.0},"m":{"br":192000,"fid":0,"size":6868158,"vd":-1.0},"l":{"br":128000,"fid":0,"size":4578786,"vd":-1.0},"a":null,"cd":"1","no":1,"rtUrl":null,"ftype":0,"rtUrls":[],"djId":0,"copyright":1,"s_id":0,"mst":9,"cp":7003,"mv":10777079,"rtype":0,"rurl":null,"publishTime":1536336000007},{"name":"如果我们相爱","id":1311133213,"pst":0,"t":0,"ar":[{"id":12091129,"name":"孟慧圆","tns":[],"alias":[]},{"id":166016,"name":"张赫宣","tns":[],"alias":[]}],"alia":["《凉生，我们可不可以不忧伤》情感插曲"],"pop":5.0,"st":0,"rt":null,"fee":8,"v":1,"crbt":null,"cf":"","al":{"id":73443656,"name":"如果我们相爱","picUrl":"http://p1.music.126.net/zFcPJcNj7TPlvWUKjRovUg==/109951163559452160.jpg","tns":[],"pic_str":"109951163559452160","pic":109951163559452160},"dt":232270,"h":{"br":320000,"fid":0,"size":9293366,"vd":-2.0},"m":{"br":192000,"fid":0,"size":5576037,"vd":-2.0},"l":{"br":128000,"fid":0,"size":3717373,"vd":-2.0},"a":null,"cd":"","no":0,"rtUrl":null,"ftype":0,"rtUrls":[],"djId":0,"copyright":0,"s_id":0,"mst":9,"cp":707010,"mv":0,"rtype":0,"rurl":null,"publishTime":1537459200007},{"name":"贫穷或富有","id":1305547844,"pst":0,"t":0,"ar":[{"id":4292,"name":"李荣浩","tns":[],"alias":[]}],"alia":[],"pop":100.0,"st":0,"rt":null,"fee":8,"v":1,"crbt":null,"cf":"","al":{"id":72743373,"name":"贫穷或富有","picUrl":"http://p1.music.126.net/PliM6jpbBYGnfeoyzAMPMg==/109951163520107896.jpg","tns":[],"pic_str":"109951163520107896","pic":109951163520107896},"dt":296620,"h":{"br":320000,"fid":0,"size":11865905,"vd":0.0},"m":{"br":192000,"fid":0,"size":7119560,"vd":0.0},"l":{"br":128000,"fid":0,"size":4746388,"vd":0.0},"a":null,"cd":"1","no":1,"rtUrl":null,"ftype":0,"rtUrls":[],"djId":0,"copyright":1,"s_id":0,"mst":9,"cp":7002,"mv":0,"rtype":0,"rurl":null,"publishTime":1535558400007},{"name":"给你煮面","id":1309120729,"pst":0,"t":0,"ar":[{"id":187903,"name":"Mc光光","tns":[],"alias":[]}],"alia":[],"pop":100.0,"st":0,"rt":null,"fee":0,"v":12,"crbt":null,"cf":"","al":{"id":73151463,"name":"卧室 2.0","picUrl":"http://p1.music.126.net/T8cmfSyW3fUrbFnPILDHkw==/109951163546033856.jpg","tns":[],"pic_str":"109951163546033856","pic":109951163546033856},"dt":257787,"h":{"br":320000,"fid":0,"size":10314231,"vd":-2.0},"m":{"br":192000,"fid":0,"size":6188556,"vd":-2.0},"l":{"br":128000,"fid":0,"size":4125719,"vd":-2.0},"a":null,"cd":"","no":1,"rtUrl":null,"ftype":0,"rtUrls":[],"djId":0,"copyright":0,"s_id":0,"mst":9,"cp":0,"mv":10780291,"rtype":0,"rurl":null,"publishTime":1536595200000}],"trackIds":[{"id":553755659,"v":17,"lr":0},{"id":1308818967,"v":9,"lr":1},{"id":1309866644,"v":1,"lr":3},{"id":1311090148,"v":3,"lr":2},{"id":1306431916,"v":9,"lr":4},{"id":1310728498,"v":17,"lr":5},{"id":1308818966,"v":9,"lr":6},{"id":573843002,"v":12,"lr":7},{"id":1311076476,"v":3,"lr":8},{"id":1298219148,"v":50,"lr":16},{"id":1306498832,"v":1,"lr":13},{"id":1306507665,"v":3,"lr":9},{"id":1311363493,"v":7,"lr":10},{"id":1304920094,"v":23,"lr":15},{"id":1311134034,"v":3,"lr":12},{"id":1308818970,"v":9,"lr":17},{"id":1306497931,"v":1,"lr":22},{"id":1309814348,"v":12,"lr":23},{"id":1306498681,"v":11,"lr":20},{"id":1310906489,"v":8,"lr":18},{"id":1311346362,"v":19},{"id":1309901661,"v":4,"lr":11},{"id":1306498831,"v":1,"lr":21},{"id":1311535712,"v":5,"lr":24},{"id":1308819790,"v":3,"lr":26},{"id":1305366556,"v":1,"lr":25},{"id":1308782761,"v":5,"lr":19},{"id":1306496991,"v":2,"lr":27},{"id":1311346364,"v":19},{"id":1311434003,"v":6,"lr":30},{"id":1308782890,"v":1,"lr":29},{"id":1308818630,"v":1,"lr":32},{"id":1303019637,"v":6,"lr":33},{"id":1311021714,"v":6,"lr":28},{"id":1308818527,"v":1,"lr":35},{"id":1311345342,"v":19},{"id":1300595161,"v":35,"lr":39},{"id":1309814826,"v":8,"lr":41},{"id":1309903584,"v":1,"lr":31},{"id":1300423074,"v":4,"lr":38},{"id":1308818167,"v":1,"lr":37},{"id":1311319238,"v":1},{"id":1311132031,"v":3,"lr":42},{"id":1307376239,"v":16,"lr":36},{"id":1306496592,"v":1,"lr":40},{"id":1307186114,"v":3},{"id":1311243743,"v":15,"lr":34},{"id":1308818968,"v":9,"lr":47},{"id":1306498829,"v":1,"lr":46},{"id":1306507727,"v":8,"lr":52},{"id":1304882671,"v":19,"lr":50},{"id":1309901384,"v":1,"lr":49},{"id":1308782980,"v":3,"lr":53},{"id":1306496744,"v":3,"lr":58},{"id":1309415528,"v":1,"lr":57},{"id":1306853204,"v":7,"lr":51},{"id":1305366734,"v":5,"lr":63},{"id":1309903082,"v":9,"lr":65},{"id":1308782053,"v":2,"lr":64},{"id":1308819693,"v":10,"lr":59},{"id":1311345134,"v":3,"lr":43},{"id":1311347329,"v":1},{"id":1311347322,"v":6,"lr":70},{"id":1310100235,"v":6,"lr":69},{"id":1306498048,"v":3,"lr":67},{"id":1311134208,"v":2,"lr":61},{"id":1311319061,"v":5,"lr":44},{"id":1311569845,"v":3,"lr":48},{"id":1311133182,"v":1,"lr":55},{"id":1306496053,"v":3,"lr":72},{"id":1307411242,"v":12,"lr":74},{"id":1310337558,"v":6,"lr":76},{"id":1306507878,"v":11},{"id":1306887189,"v":11,"lr":83},{"id":1308782725,"v":3,"lr":82},{"id":1306436071,"v":11,"lr":79},{"id":1311365417,"v":1,"lr":54},{"id":1309814819,"v":8,"lr":78},{"id":1310946389,"v":6,"lr":71},{"id":1311696795,"v":3},{"id":1308778604,"v":1,"lr":81},{"id":1306497050,"v":3,"lr":84},{"id":1311434543,"v":3,"lr":56},{"id":1311132052,"v":1,"lr":66},{"id":1311886013,"v":4},{"id":1305073611,"v":9},{"id":1305342119,"v":5,"lr":94},{"id":1310176387,"v":3,"lr":90},{"id":1311346155,"v":4},{"id":1309814349,"v":8},{"id":1309642305,"v":1,"lr":73},{"id":1309394162,"v":11},{"id":1305366827,"v":3,"lr":80},{"id":1304757715,"v":3},{"id":1309903520,"v":1},{"id":1303026566,"v":5},{"id":1308194194,"v":3,"lr":98},{"id":1311133213,"v":1,"lr":93},{"id":1305547844,"v":1,"lr":96},{"id":1309120729,"v":12}],"ordered":true,"subscribedCount":1024138,"adType":0,"trackNumberUpdateTime":1537662157337,"privacy":0,"newImported":false,"coverImgId":18713687906568048,"updateTime":1537662157449,"userId":1,"status":0,"trackUpdateTime":1537676557547,"trackCount":100,"commentThreadId":"A_PL_0_3779629","cloudTrackCount":0,"specialType":10,"playCount":844259328,"coverImgUrl":"http://p3.music.126.net/N2HO5xfYEqyQ8q6oxCw8IQ==/18713687906568048.jpg","createTime":1378721398225,"highQuality":false,"description":"云音乐新歌榜：云音乐用户一周内收听所有新歌（一月内最新发行） 官方TOP排行榜，每天更新。","tags":[],"name":"云音乐新歌榜","id":3779629,"shareCount":5472,"coverImgId_str":"18713687906568048","ToplistType":"N","commentCount":103918},"code":200,"privileges":[{"id":553755659,"fee":8,"payed":0,"st":0,"pl":128000,"dl":0,"sp":7,"cp":1,"subp":1,"cs":false,"maxbr":999000,"fl":128000,"toast":false,"flag":0,"preSell":false},{"id":1308818967,"fee":0,"payed":0,"st":0,"pl":320000,"dl":320000,"sp":7,"cp":1,"subp":1,"cs":false,"maxbr":999000,"fl":320000,"toast":false,"flag":128,"preSell":false},{"id":1309866644,"fee":8,"payed":0,"st":0,"pl":128000,"dl":0,"sp":7,"cp":1,"subp":1,"cs":false,"maxbr":320000,"fl":128000,"toast":false,"flag":4,"preSell":false},{"id":1311090148,"fee":0,"payed":0,"st":0,"pl":320000,"dl":320000,"sp":7,"cp":1,"subp":1,"cs":false,"maxbr":999000,"fl":320000,"toast":false,"flag":0,"preSell":false},{"id":1306431916,"fee":0,"payed":0,"st":0,"pl":320000,"dl":320000,"sp":7,"cp":1,"subp":1,"cs":false,"maxbr":320000,"fl":320000,"toast":false,"flag":128,"preSell":false},{"id":1310728498,"fee":8,"payed":0,"st":0,"pl":128000,"dl":0,"sp":7,"cp":1,"subp":1,"cs":false,"maxbr":999000,"fl":128000,"toast":false,"flag":128,"preSell":false},{"id":1308818966,"fee":0,"payed":0,"st":0,"pl":320000,"dl":320000,"sp":7,"cp":1,"subp":1,"cs":false,"maxbr":999000,"fl":320000,"toast":false,"flag":128,"preSell":false},{"id":573843002,"fee":8,"payed":0,"st":0,"pl":128000,"dl":0,"sp":7,"cp":1,"subp":1,"cs":false,"maxbr":999000,"fl":128000,"toast":false,"flag":0,"preSell":false},{"id":1311076476,"fee":8,"payed":0,"st":0,"pl":128000,"dl":0,"sp":7,"cp":1,"subp":1,"cs":false,"maxbr":320000,"fl":128000,"toast":false,"flag":4,"preSell":false},{"id":1298219148,"fee":8,"payed":0,"st":0,"pl":128000,"dl":0,"sp":7,"cp":1,"subp":1,"cs":false,"maxbr":999000,"fl":128000,"toast":false,"flag":0,"preSell":false},{"id":1306498832,"fee":0,"payed":0,"st":0,"pl":320000,"dl":320000,"sp":7,"cp":1,"subp":1,"cs":false,"maxbr":999000,"fl":320000,"toast":false,"flag":128,"preSell":false},{"id":1306507665,"fee":8,"payed":0,"st":0,"pl":128000,"dl":0,"sp":7,"cp":1,"subp":1,"cs":false,"maxbr":999000,"fl":128000,"toast":false,"flag":128,"preSell":false},{"id":1311363493,"fee":8,"payed":0,"st":0,"pl":128000,"dl":0,"sp":7,"cp":1,"subp":1,"cs":false,"maxbr":999000,"fl":128000,"toast":false,"flag":0,"preSell":false},{"id":1304920094,"fee":0,"payed":0,"st":0,"pl":320000,"dl":320000,"sp":7,"cp":1,"subp":1,"cs":false,"maxbr":999000,"fl":320000,"toast":false,"flag":128,"preSell":false},{"id":1311134034,"fee":8,"payed":0,"st":0,"pl":128000,"dl":0,"sp":7,"cp":1,"subp":1,"cs":false,"maxbr":999000,"fl":128000,"toast":false,"flag":0,"preSell":false},{"id":1308818970,"fee":1,"payed":0,"st":0,"pl":0,"dl":0,"sp":0,"cp":0,"subp":0,"cs":false,"maxbr":999000,"fl":0,"toast":false,"flag":0,"preSell":false},{"id":1306497931,"fee":8,"payed":0,"st":0,"pl":128000,"dl":0,"sp":7,"cp":1,"subp":1,"cs":false,"maxbr":999000,"fl":128000,"toast":false,"flag":0,"preSell":false},{"id":1309814348,"fee":8,"payed":0,"st":0,"pl":128000,"dl":0,"sp":7,"cp":1,"subp":1,"cs":false,"maxbr":999000,"fl":128000,"toast":false,"flag":128,"preSell":false},{"id":1306498681,"fee":0,"payed":0,"st":0,"pl":320000,"dl":320000,"sp":7,"cp":1,"subp":1,"cs":false,"maxbr":999000,"fl":320000,"toast":false,"flag":128,"preSell":false},{"id":1310906489,"fee":8,"payed":0,"st":0,"pl":128000,"dl":0,"sp":7,"cp":1,"subp":1,"cs":false,"maxbr":320000,"fl":128000,"toast":false,"flag":260,"preSell":false},{"id":1311346362,"fee":0,"payed":0,"st":0,"pl":320000,"dl":320000,"sp":7,"cp":1,"subp":1,"cs":false,"maxbr":999000,"fl":320000,"toast":false,"flag":128,"preSell":false},{"id":1309901661,"fee":0,"payed":0,"st":0,"pl":320000,"dl":320000,"sp":7,"cp":1,"subp":1,"cs":false,"maxbr":999000,"fl":320000,"toast":false,"flag":0,"preSell":false},{"id":1306498831,"fee":0,"payed":0,"st":0,"pl":320000,"dl":320000,"sp":7,"cp":1,"subp":1,"cs":false,"maxbr":999000,"fl":320000,"toast":false,"flag":128,"preSell":false},{"id":1311535712,"fee":1,"payed":0,"st":0,"pl":0,"dl":0,"sp":0,"cp":0,"subp":0,"cs":false,"maxbr":320000,"fl":0,"toast":false,"flag":4,"preSell":false},{"id":1308819790,"fee":8,"payed":0,"st":0,"pl":128000,"dl":0,"sp":7,"cp":1,"subp":1,"cs":false,"maxbr":999000,"fl":128000,"toast":false,"flag":0,"preSell":false},{"id":1305366556,"fee":8,"payed":0,"st":0,"pl":128000,"dl":0,"sp":7,"cp":1,"subp":1,"cs":false,"maxbr":999000,"fl":128000,"toast":false,"flag":0,"preSell":false},{"id":1308782761,"fee":0,"payed":0,"st":0,"pl":320000,"dl":320000,"sp":7,"cp":1,"subp":1,"cs":false,"maxbr":999000,"fl":320000,"toast":false,"flag":128,"preSell":false},{"id":1306496991,"fee":8,"payed":0,"st":0,"pl":128000,"dl":0,"sp":7,"cp":1,"subp":1,"cs":false,"maxbr":999000,"fl":128000,"toast":false,"flag":0,"preSell":false},{"id":1311346364,"fee":0,"payed":0,"st":0,"pl":320000,"dl":320000,"sp":7,"cp":1,"subp":1,"cs":false,"maxbr":999000,"fl":320000,"toast":false,"flag":128,"preSell":false},{"id":1311434003,"fee":8,"payed":0,"st":0,"pl":128000,"dl":0,"sp":7,"cp":1,"subp":1,"cs":false,"maxbr":320000,"fl":128000,"toast":false,"flag":260,"preSell":false},{"id":1308782890,"fee":8,"payed":0,"st":0,"pl":128000,"dl":0,"sp":7,"cp":1,"subp":1,"cs":false,"maxbr":999000,"fl":128000,"toast":false,"flag":128,"preSell":false},{"id":1308818630,"fee":8,"payed":0,"st":0,"pl":128000,"dl":0,"sp":7,"cp":1,"subp":1,"cs":false,"maxbr":999000,"fl":128000,"toast":false,"flag":0,"preSell":false},{"id":1303019637,"fee":8,"payed":0,"st":0,"pl":128000,"dl":0,"sp":7,"cp":1,"subp":1,"cs":false,"maxbr":999000,"fl":128000,"toast":false,"flag":2,"preSell":false},{"id":1311021714,"fee":0,"payed":0,"st":0,"pl":320000,"dl":0,"sp":7,"cp":1,"subp":1,"cs":false,"maxbr":320000,"fl":128000,"toast":false,"flag":0,"preSell":false},{"id":1308818527,"fee":8,"payed":0,"st":0,"pl":128000,"dl":0,"sp":7,"cp":1,"subp":1,"cs":false,"maxbr":999000,"fl":128000,"toast":false,"flag":0,"preSell":false},{"id":1311345342,"fee":0,"payed":0,"st":0,"pl":320000,"dl":320000,"sp":7,"cp":1,"subp":1,"cs":false,"maxbr":999000,"fl":320000,"toast":false,"flag":128,"preSell":false},{"id":1300595161,"fee":8,"payed":0,"st":0,"pl":128000,"dl":0,"sp":7,"cp":1,"subp":1,"cs":false,"maxbr":999000,"fl":128000,"toast":false,"flag":0,"preSell":false},{"id":1309814826,"fee":8,"payed":0,"st":0,"pl":128000,"dl":0,"sp":7,"cp":1,"subp":1,"cs":false,"maxbr":999000,"fl":128000,"toast":false,"flag":0,"preSell":false},{"id":1309903584,"fee":8,"payed":0,"st":0,"pl":128000,"dl":0,"sp":7,"cp":1,"subp":1,"cs":false,"maxbr":999000,"fl":128000,"toast":false,"flag":128,"preSell":false},{"id":1300423074,"fee":0,"payed":0,"st":0,"pl":320000,"dl":0,"sp":7,"cp":1,"subp":1,"cs":false,"maxbr":320000,"fl":128000,"toast":false,"flag":4,"preSell":false},{"id":1308818167,"fee":8,"payed":0,"st":0,"pl":128000,"dl":0,"sp":7,"cp":1,"subp":1,"cs":false,"maxbr":999000,"fl":128000,"toast":false,"flag":0,"preSell":false},{"id":1311319238,"fee":8,"payed":0,"st":0,"pl":128000,"dl":0,"sp":7,"cp":1,"subp":1,"cs":false,"maxbr":999000,"fl":128000,"toast":false,"flag":128,"preSell":false},{"id":1311132031,"fee":8,"payed":0,"st":0,"pl":128000,"dl":0,"sp":7,"cp":1,"subp":1,"cs":false,"maxbr":999000,"fl":128000,"toast":false,"flag":0,"preSell":false},{"id":1307376239,"fee":8,"payed":0,"st":0,"pl":128000,"dl":0,"sp":7,"cp":1,"subp":1,"cs":false,"maxbr":999000,"fl":128000,"toast":false,"flag":256,"preSell":false},{"id":1306496592,"fee":8,"payed":0,"st":0,"pl":128000,"dl":0,"sp":7,"cp":1,"subp":1,"cs":false,"maxbr":999000,"fl":128000,"toast":false,"flag":0,"preSell":false},{"id":1307186114,"fee":0,"payed":0,"st":0,"pl":320000,"dl":320000,"sp":7,"cp":1,"subp":1,"cs":false,"maxbr":999000,"fl":320000,"toast":false,"flag":128,"preSell":false},{"id":1311243743,"fee":8,"payed":0,"st":0,"pl":128000,"dl":0,"sp":7,"cp":1,"subp":1,"cs":false,"maxbr":999000,"fl":128000,"toast":false,"flag":4,"preSell":false},{"id":1308818968,"fee":0,"payed":0,"st":0,"pl":320000,"dl":320000,"sp":7,"cp":1,"subp":1,"cs":false,"maxbr":999000,"fl":320000,"toast":false,"flag":128,"preSell":false},{"id":1306498829,"fee":0,"payed":0,"st":0,"pl":320000,"dl":320000,"sp":7,"cp":1,"subp":1,"cs":false,"maxbr":999000,"fl":320000,"toast":false,"flag":128,"preSell":false},{"id":1306507727,"fee":8,"payed":0,"st":0,"pl":128000,"dl":0,"sp":7,"cp":1,"subp":1,"cs":false,"maxbr":999000,"fl":128000,"toast":false,"flag":0,"preSell":false},{"id":1304882671,"fee":0,"payed":0,"st":0,"pl":320000,"dl":320000,"sp":7,"cp":1,"subp":1,"cs":false,"maxbr":320000,"fl":320000,"toast":false,"flag":128,"preSell":false},{"id":1309901384,"fee":0,"payed":0,"st":0,"pl":320000,"dl":320000,"sp":7,"cp":1,"subp":1,"cs":false,"maxbr":999000,"fl":320000,"toast":false,"flag":0,"preSell":false},{"id":1308782980,"fee":0,"payed":0,"st":0,"pl":320000,"dl":320000,"sp":7,"cp":1,"subp":1,"cs":false,"maxbr":999000,"fl":320000,"toast":false,"flag":128,"preSell":false},{"id":1306496744,"fee":8,"payed":0,"st":0,"pl":128000,"dl":0,"sp":7,"cp":1,"subp":1,"cs":false,"maxbr":999000,"fl":128000,"toast":false,"flag":0,"preSell":false},{"id":1309415528,"fee":8,"payed":0,"st":0,"pl":128000,"dl":0,"sp":7,"cp":1,"subp":1,"cs":false,"maxbr":999000,"fl":128000,"toast":false,"flag":256,"preSell":false},{"id":1306853204,"fee":8,"payed":0,"st":0,"pl":128000,"dl":0,"sp":7,"cp":1,"subp":1,"cs":false,"maxbr":999000,"fl":128000,"toast":false,"flag":128,"preSell":false},{"id":1305366734,"fee":8,"payed":0,"st":0,"pl":128000,"dl":0,"sp":7,"cp":1,"subp":1,"cs":false,"maxbr":999000,"fl":128000,"toast":false,"flag":0,"preSell":false},{"id":1309903082,"fee":0,"payed":0,"st":0,"pl":320000,"dl":320000,"sp":7,"cp":1,"subp":1,"cs":false,"maxbr":999000,"fl":320000,"toast":false,"flag":128,"preSell":false},{"id":1308782053,"fee":8,"payed":0,"st":0,"pl":128000,"dl":0,"sp":7,"cp":1,"subp":1,"cs":false,"maxbr":999000,"fl":128000,"toast":false,"flag":2,"preSell":false},{"id":1308819693,"fee":8,"payed":0,"st":0,"pl":128000,"dl":0,"sp":7,"cp":1,"subp":1,"cs":false,"maxbr":320000,"fl":128000,"toast":false,"flag":260,"preSell":false},{"id":1311345134,"fee":0,"payed":0,"st":0,"pl":320000,"dl":320000,"sp":7,"cp":1,"subp":1,"cs":false,"maxbr":320000,"fl":320000,"toast":false,"flag":0,"preSell":false},{"id":1311347329,"fee":0,"payed":0,"st":0,"pl":320000,"dl":320000,"sp":7,"cp":1,"subp":1,"cs":false,"maxbr":999000,"fl":320000,"toast":false,"flag":128,"preSell":false},{"id":1311347322,"fee":0,"payed":0,"st":0,"pl":320000,"dl":320000,"sp":7,"cp":1,"subp":1,"cs":false,"maxbr":999000,"fl":320000,"toast":false,"flag":128,"preSell":false},{"id":1310100235,"fee":0,"payed":0,"st":0,"pl":320000,"dl":320000,"sp":7,"cp":1,"subp":1,"cs":false,"maxbr":999000,"fl":320000,"toast":false,"flag":128,"preSell":false},{"id":1306498048,"fee":0,"payed":0,"st":0,"pl":320000,"dl":320000,"sp":7,"cp":1,"subp":1,"cs":false,"maxbr":999000,"fl":320000,"toast":false,"flag":128,"preSell":false},{"id":1311134208,"fee":8,"payed":0,"st":0,"pl":128000,"dl":0,"sp":7,"cp":1,"subp":1,"cs":false,"maxbr":999000,"fl":128000,"toast":false,"flag":0,"preSell":false},{"id":1311319061,"fee":0,"payed":0,"st":0,"pl":320000,"dl":320000,"sp":7,"cp":1,"subp":1,"cs":false,"maxbr":999000,"fl":320000,"toast":false,"flag":0,"preSell":false},{"id":1311569845,"fee":0,"payed":0,"st":0,"pl":320000,"dl":320000,"sp":7,"cp":1,"subp":1,"cs":false,"maxbr":999000,"fl":320000,"toast":false,"flag":128,"preSell":false},{"id":1311133182,"fee":8,"payed":0,"st":0,"pl":128000,"dl":0,"sp":7,"cp":1,"subp":1,"cs":false,"maxbr":999000,"fl":128000,"toast":false,"flag":128,"preSell":false},{"id":1306496053,"fee":0,"payed":0,"st":0,"pl":320000,"dl":320000,"sp":7,"cp":1,"subp":1,"cs":false,"maxbr":999000,"fl":320000,"toast":false,"flag":128,"preSell":false},{"id":1307411242,"fee":0,"payed":0,"st":0,"pl":320000,"dl":320000,"sp":7,"cp":1,"subp":1,"cs":false,"maxbr":999000,"fl":320000,"toast":false,"flag":128,"preSell":false},{"id":1310337558,"fee":0,"payed":0,"st":0,"pl":320000,"dl":320000,"sp":7,"cp":1,"subp":1,"cs":false,"maxbr":320000,"fl":320000,"toast":false,"flag":128,"preSell":false},{"id":1306507878,"fee":8,"payed":0,"st":0,"pl":128000,"dl":0,"sp":7,"cp":1,"subp":1,"cs":false,"maxbr":999000,"fl":128000,"toast":false,"flag":0,"preSell":false},{"id":1306887189,"fee":0,"payed":0,"st":0,"pl":320000,"dl":320000,"sp":7,"cp":1,"subp":1,"cs":false,"maxbr":320000,"fl":320000,"toast":false,"flag":128,"preSell":false},{"id":1308782725,"fee":8,"payed":0,"st":0,"pl":128000,"dl":0,"sp":7,"cp":1,"subp":1,"cs":false,"maxbr":999000,"fl":128000,"toast":false,"flag":0,"preSell":false},{"id":1306436071,"fee":0,"payed":0,"st":0,"pl":320000,"dl":320000,"sp":7,"cp":1,"subp":1,"cs":false,"maxbr":320000,"fl":320000,"toast":false,"flag":128,"preSell":false},{"id":1311365417,"fee":8,"payed":0,"st":0,"pl":128000,"dl":0,"sp":7,"cp":1,"subp":1,"cs":false,"maxbr":320000,"fl":128000,"toast":false,"flag":261,"preSell":false},{"id":1309814819,"fee":8,"payed":0,"st":0,"pl":128000,"dl":0,"sp":7,"cp":1,"subp":1,"cs":false,"maxbr":999000,"fl":128000,"toast":false,"flag":0,"preSell":false},{"id":1310946389,"fee":0,"payed":0,"st":0,"pl":320000,"dl":320000,"sp":7,"cp":1,"subp":1,"cs":false,"maxbr":999000,"fl":320000,"toast":false,"flag":130,"preSell":false},{"id":1311696795,"fee":8,"payed":0,"st":0,"pl":128000,"dl":0,"sp":7,"cp":1,"subp":1,"cs":false,"maxbr":320000,"fl":128000,"toast":false,"flag":260,"preSell":false},{"id":1308778604,"fee":8,"payed":0,"st":0,"pl":128000,"dl":0,"sp":7,"cp":1,"subp":1,"cs":false,"maxbr":999000,"fl":128000,"toast":false,"flag":0,"preSell":false},{"id":1306497050,"fee":0,"payed":0,"st":0,"pl":320000,"dl":320000,"sp":7,"cp":1,"subp":1,"cs":false,"maxbr":999000,"fl":320000,"toast":false,"flag":128,"preSell":false},{"id":1311434543,"fee":8,"payed":0,"st":0,"pl":128000,"dl":0,"sp":7,"cp":1,"subp":1,"cs":false,"maxbr":320000,"fl":128000,"toast":false,"flag":260,"preSell":false},{"id":1311132052,"fee":8,"payed":0,"st":0,"pl":128000,"dl":0,"sp":7,"cp":1,"subp":1,"cs":false,"maxbr":999000,"fl":128000,"toast":false,"flag":0,"preSell":false},{"id":1311886013,"fee":0,"payed":0,"st":0,"pl":320000,"dl":320000,"sp":7,"cp":1,"subp":1,"cs":false,"maxbr":999000,"fl":320000,"toast":false,"flag":128,"preSell":false},{"id":1305073611,"fee":0,"payed":0,"st":0,"pl":320000,"dl":320000,"sp":7,"cp":1,"subp":1,"cs":false,"maxbr":999000,"fl":320000,"toast":false,"flag":128,"preSell":false},{"id":1305342119,"fee":0,"payed":0,"st":0,"pl":320000,"dl":320000,"sp":7,"cp":1,"subp":1,"cs":false,"maxbr":320000,"fl":320000,"toast":false,"flag":128,"preSell":false},{"id":1310176387,"fee":0,"payed":0,"st":0,"pl":320000,"dl":320000,"sp":7,"cp":1,"subp":1,"cs":false,"maxbr":999000,"fl":320000,"toast":false,"flag":128,"preSell":false},{"id":1311346155,"fee":0,"payed":0,"st":0,"pl":320000,"dl":320000,"sp":7,"cp":1,"subp":1,"cs":false,"maxbr":999000,"fl":320000,"toast":false,"flag":128,"preSell":false},{"id":1309814349,"fee":8,"payed":0,"st":0,"pl":128000,"dl":0,"sp":7,"cp":1,"subp":1,"cs":false,"maxbr":999000,"fl":128000,"toast":false,"flag":128,"preSell":false},{"id":1309642305,"fee":8,"payed":0,"st":0,"pl":128000,"dl":0,"sp":7,"cp":1,"subp":1,"cs":false,"maxbr":999000,"fl":128000,"toast":false,"flag":256,"preSell":false},{"id":1309394162,"fee":0,"payed":0,"st":0,"pl":320000,"dl":320000,"sp":7,"cp":1,"subp":1,"cs":false,"maxbr":999000,"fl":320000,"toast":false,"flag":0,"preSell":false},{"id":1305366827,"fee":4,"payed":0,"st":0,"pl":0,"dl":0,"sp":0,"cp":0,"subp":0,"cs":false,"maxbr":999000,"fl":0,"toast":false,"flag":0,"preSell":false},{"id":1304757715,"fee":8,"payed":0,"st":0,"pl":128000,"dl":0,"sp":7,"cp":1,"subp":1,"cs":false,"maxbr":320000,"fl":128000,"toast":false,"flag":261,"preSell":false},{"id":1309903520,"fee":8,"payed":0,"st":0,"pl":128000,"dl":0,"sp":7,"cp":1,"subp":1,"cs":false,"maxbr":999000,"fl":128000,"toast":false,"flag":0,"preSell":false},{"id":1303026566,"fee":8,"payed":0,"st":0,"pl":128000,"dl":0,"sp":7,"cp":1,"subp":1,"cs":false,"maxbr":999000,"fl":128000,"toast":false,"flag":0,"preSell":false},{"id":1308194194,"fee":8,"payed":0,"st":0,"pl":128000,"dl":0,"sp":7,"cp":1,"subp":1,"cs":false,"maxbr":320000,"fl":128000,"toast":false,"flag":4,"preSell":false},{"id":1311133213,"fee":8,"payed":0,"st":0,"pl":128000,"dl":0,"sp":7,"cp":1,"subp":1,"cs":false,"maxbr":999000,"fl":128000,"toast":false,"flag":0,"preSell":false},{"id":1305547844,"fee":8,"payed":0,"st":0,"pl":128000,"dl":0,"sp":7,"cp":1,"subp":1,"cs":false,"maxbr":320000,"fl":128000,"toast":false,"flag":4,"preSell":false},{"id":1309120729,"fee":0,"payed":0,"st":0,"pl":320000,"dl":320000,"sp":7,"cp":1,"subp":1,"cs":false,"maxbr":999000,"fl":320000,"toast":false,"flag":0,"preSell":false}]}