{"playlist":{"subscribers":[],"subscribed":false,"creator":{"defaultAvatar":false,"province":370000,"authStatus":0,"followed":false,"avatarUrl":"http://p1.music.126.net/Juhx9PoRjtl4pIp1YrDbng==/109951163554409858.jpg","accountStatus":0,"gender":2,"city":370200,"birthday":-2209017600000,"userId":59291942,"userType":200,"nickname":"可爱如-猪","signature":"不懂怎么表现温柔的我们","description":"","detailDescription":"","avatarImgId":109951163554409858,"backgroundImgId":109951163445516793,"backgroundUrl":"http://p1.music.126.net/DqUaVtB3AKhWCLzSvpEv0w==/109951163445516793.jpg","authority":0,"mutual":false,"expertTags":["华语","流行"],"experts":null,"djStatus":0,"vipType":0,"remarkName":null,"avatarImgIdStr":"109951163554409858","backgroundImgIdStr":"109951163445516793","avatarImgId_str":"109951163554409858"},"tracks":[{"name":"大约在冬季","id":143474,"pst":0,"t":0,"ar":[{"id":4813,"name":"齐秦","tns":[],"alias":[]}],"alia":[],"pop":95.0,"st":0,"rt":"600902000009078067","fee":0,"v":23,"crbt":"c1f1a06916d63431c23cb95430a57614","cf":"","al":{"id":14305,"name":"冬雨","picUrl":"http://p1.music.126.net/ximNApLXC0YmsxsT2289ww==/109951163021193903.jpg","tns":[],"pic_str":"109951163021193903","pic":109951163021193903},"dt":234475,"h":{"br":320000,"fid":0,"size":9410093,"vd":0.0},"m":{"br":160000,"fid":0,"size":4724772,"vd":0.0},"l":{"br":96000,"fid":0,"size":2850225,"vd":0.0},"a":null,"cd":"1","no":8,"rtUrl":null,"ftype":0,"rtUrls":[],"djId":0,"copyright":1,"s_id":0,"mv":5496426,"rtype":0,"rurl":null,"mst":9,"cp":7003,"publishTime":539107200000},{"name":"童年","id":108597,"pst":0,"t":0,"ar":[{"id":3686,"name":"罗大佑","tns":[],"alias":[]}],"alia":[],"pop":95.0,"st":0,"rt":"","fee":0,"v":33,"crbt":null,"cf":"","al":{"id":10782,"name":"罗大佑自选辑","picUrl":"http://p1.music.126.net/yWwFlvCzHD2LSqDFkUH0Gw==/109951163069123701.jpg","tns":[],"pic_str":"109951163069123701","pic":109951163069123701},"dt":235233,"h":{"br":320000,"fid":0,"size":9413054,"vd":-2.65076E-4},"m":{"br":160000,"fid":0,"size":4712581,"vd":0.163223},"l":{"br":96000,"fid":0,"size":2831974,"vd":0.372354},"a":null,"cd":"1","no":3,"rtUrl":null,"ftype":0,"rtUrls":[],"djId":0,"copyright":2,"s_id":0,"mv":0,"rtype":0,"rurl":null,"mst":9,"cp":489023,"publishTime":817747200000},{"name":"失恋","id":349079,"pst":0,"t":0,"ar":[{"id":11265,"name":"草蜢","tns":[],"alias":[]}],"alia":[],"pop":100.0,"st":0,"rt":"600902000006280972","fee":8,"v":19,"crbt":"456ec1e6ea336c625d5e94c24b5ca47f","cf":"","al":{"id":34407,"name":"我们的草蜢","picUrl":"http://p1.music.126.net/fXNOlC8FZTL2qpOdt_lHfg==/109951163023777432.jpg","tns":[],"pic_str":"109951163023777432","pic":109951163023777432},"dt":173218,"h":{"br":320000,"fid":0,"size":6960101,"vd":-1.01},"m":{"br":160000,"fid":0,"size":3498877,"vd":-0.6},"l":{"br":96000,"fid":0,"size":2113969,"vd":-0.65},"a":null,"cd":"1","no":10,"rtUrl":null,"ftype":0,"rtUrls":[],"djId":0,"copyright":1,"s_id":0,"mv":0,"rtype":0,"rurl":null,"mst":9,"cp":7003,"publishTime":1128096000000},{"name":"星星点灯","id":190352,"pst":0,"t":0,"ar":[{"id":6468,"name":"郑智化","tns":[],"alias":[]}],"alia":[],"pop":100.0,"st":0,"rt":"600902000000149510","fee":8,"v":27,"crbt":null,"cf":"","al":{"id":19235,"name":"星星点灯","picUrl":"http://p1.music.126.net/5HgfyC4-6rfZZyN7Z8RMqQ==/109951163449879350.jpg","tns":[],"pic_str":"109951163449879350","pic":109951163449879350},"dt":303334,"h":{"br":320000,"fid":0,"size":12148305,"vd":0.15},"m":{"br":160000,"fid":0,"size":6087375,"vd":0.357978},"l":{"br":96000,"fid":0,"size":3662585,"vd":-2.65076E-4},"a":null,"cd":"1","no":1,"rtUrl":null,"ftype":0,"rtUrls":[],"djId":0,"copyright":0,"s_id":0,"mv":5308957,"rtype":0,"rurl":null,"mst":9,"cp":32003,"publishTime":724262400007},{"name":"风雨彩虹铿锵玫瑰","id":293769,"pst":0,"t":0,"ar":[{"id":9488,"name":"田震","tns":[],"alias":[]}],"alia":[],"pop":100.0,"st":0,"rt":"600902000006265352","fee":0,"v":12,"crbt":"e4be588565bde1452fefee4a16a60f0e","cf":"","al":{"id":29172,"name":"风雨彩虹铿锵玫瑰","picUrl":"http://p1.music.126.net/buz4u88ak6530YkRmBgYTw==/732274744111061.jpg","tns":[],"pic":732274744111061},"dt":231105,"h":{"br":224000,"fid":0,"size":6493360,"vd":-1.41},"m":{"br":160000,"fid":0,"size":4646607,"vd":-1.02},"l":{"br":96000,"fid":0,"size":2798392,"vd":-1.07},"a":null,"cd":"1","no":1,"rtUrl":null,"ftype":0,"rtUrls":[],"djId":0,"copyright":1,"s_id":0,"mv":5564651,"rtype":0,"rurl":null,"mst":9,"cp":5003,"publishTime":1043942400000},{"name":"哭砂","id":240055,"pst":0,"t":0,"ar":[{"id":7903,"name":"黄莺莺","tns":[],"alias":[]}],"alia":[],"pop":100.0,"st":0,"rt":"600902000005314235","fee":8,"v":6,"crbt":null,"cf":"","al":{"id":24069,"name":"红粉知己","picUrl":"http://p1.music.126.net/PjNMYtMpEzABaAmWhghheQ==/102254581399158.jpg","tns":[],"pic":102254581399158},"dt":278152,"h":{"br":320000,"fid":0,"size":11131453,"vd":0.203834},"m":{"br":160000,"fid":0,"size":5573642,"vd":0.49019},"l":{"br":96000,"fid":0,"size":3350099,"vd":-2.65076E-4},"a":null,"cd":"1","no":1,"rtUrl":null,"ftype":0,"rtUrls":[],"djId":0,"copyright":1,"s_id":0,"mv":0,"rtype":0,"rurl":null,"mst":9,"cp":7002,"publishTime":904579200000},{"name":"朋友","id":28306412,"pst":0,"t":0,"ar":[{"id":6456,"name":"周华健","tns":[],"alias":[]}],"alia":[],"pop":100.0,"st":0,"rt":"","fee":8,"v":671,"crbt":"cf38577235b36e077a8245f6b0699b40","cf":"","al":{"id":2767992,"name":"不朽之名曲 （第三期）","picUrl":"http://p1.music.126.net/z8Gs7LqN3zIxciQjM6tqEQ==/6022025185423506.jpg","tns":[],"pic":6022025185423506},"dt":269583,"h":{"br":320000,"fid":0,"size":10809587,"vd":-2.65076E-4},"m":{"br":160000,"fid":0,"size":5421049,"vd":-2.65076E-4},"l":{"br":96000,"fid":0,"size":3265634,"vd":-2.65076E-4},"a":null,"cd":"1","no":1,"rtUrl":null,"ftype":0,"rtUrls":[],"djId":0,"copyright":2,"s_id":0,"mv":0,"rtype":0,"rurl":null,"mst":9,"cp":0,"publishTime":1394985600007},{"name":"红蜻蜓","id":387980,"pst":0,"t":0,"ar":[{"id":13286,"name":"小虎队","tns":[],"alias":[]}],"alia":[],"pop":100.0,"st":0,"rt":"600902000007947517","fee":8,"v":27,"crbt":"7cd0398efc00aa96555a639c2aa2089b","cf":"","al":{"id":38433,"name":"红蜻蜓","picUrl":"http://p1.music.126.net/rR-oWvbceQy0IovDPpbMbw==/105553116282102.jpg","tns":[],"pic":105553116282102},"dt":288209,"h":{"br":320000,"fid":0,"size":11552069,"vd":0.167005},"m":{"br":160000,"fid":0,"size":5793115,"vd":0.352179},"l":{"br":96000,"fid":0,"size":3489115,"vd":0.225027},"a":null,"cd":"1","no":1,"rtUrl":null,"ftype":0,"rtUrls":[],"djId":0,"copyright":0,"s_id":0,"mv":0,"rtype":0,"rurl":null,"mst":9,"cp":490016,"publishTime":635616000000},{"name":"突然的自我","id":156374,"pst":0,"t":0,"ar":[{"id":5354,"name":"伍佰","tns":[],"alias":[]}],"alia":[],"pop":100.0,"st":0,"rt":"","fee":8,"v":25,"crbt":null,"cf":"","al":{"id":15751,"name":"忘情1015精选辑","picUrl":"http://p1.music.126.net/SppwwRJuQ2f3Gi6DYTxCAg==/923589767332100.jpg","tns":[],"pic":923589767332100},"dt":215213,"h":{"br":320000,"fid":0,"size":8611124,"vd":-1.08},"m":{"br":160000,"fid":0,"size":4305623,"vd":-0.65},"l":{"br":96000,"fid":0,"size":2583422,"vd":-0.69},"a":null,"cd":"1","no":22,"rtUrl":null,"ftype":0,"rtUrls":[],"djId":0,"copyright":2,"s_id":0,"mv":5343934,"rtype":0,"rurl":null,"mst":9,"cp":489015,"publishTime":1180627200000},{"name":"火柴天堂","id":142944,"pst":0,"t":0,"ar":[{"id":4813,"name":"齐秦","tns":[],"alias":[]}],"alia":[],"pop":90.0,"st":0,"rt":"600902000009086531","fee":0,"v":13,"crbt":"2bfa19fbea2630a4679b6dc1de33a0f8","cf":"","al":{"id":14234,"name":"丝路","picUrl":"http://p1.music.126.net/yXP2lwxS1sJDpZb9T5kTFg==/19064432114268925.jpg","tns":[],"pic_str":"19064432114268925","pic":19064432114268925},"dt":286616,"h":{"br":320000,"fid":0,"size":11479532,"vd":0.0},"m":{"br":160000,"fid":0,"size":5752447,"vd":-2.65076E-4},"l":{"br":96000,"fid":0,"size":3461195,"vd":-2.65076E-4},"a":null,"cd":"1","no":9,"rtUrl":null,"ftype":0,"rtUrls":[],"djId":0,"copyright":1,"s_id":0,"mv":0,"rtype":0,"rurl":null,"mst":9,"cp":29002,"publishTime":862416000000},{"name":"光阴的故事","id":109299,"pst":0,"t":0,"ar":[{"id":3686,"name":"罗大佑","tns":[],"alias":[]}],"alia":[],"pop":80.0,"st":0,"rt":"","fee":0,"v":25,"crbt":"a6975ed8fea0555b8c0d0e69449ba5fe","cf":"","al":{"id":10833,"name":"情歌 闪亮的日子(1974-1981)","picUrl":"http://p1.music.126.net/nod2yDucrY8xIbhfkjPVZw==/100055558128433.jpg","tns":[],"pic":100055558128433},"dt":221492,"h":{"br":320000,"fid":0,"size":8891819,"vd":-0.79},"m":{"br":160000,"fid":0,"size":4466155,"vd":-0.37},"l":{"br":96000,"fid":0,"size":2695471,"vd":-0.42},"a":null,"cd":"1","no":7,"rtUrl":null,"ftype":0,"rtUrls":[],"djId":0,"copyright":0,"s_id":0,"mv":0,"rtype":0,"rurl":null,"mst":9,"cp":375016,"publishTime":628444800000},{"name":"牵手","id":287752,"pst":0,"t":0,"ar":[{"id":9274,"name":"苏芮","tns":[],"alias":[]}],"alia":["电影《喜宴》片尾曲"],"pop":100.0,"st":0,"rt":"600902000006265692","fee":8,"v":17,"crbt":"4d7585e9250434837a512816460e6ef2","cf":"","al":{"id":28563,"name":"牵手","picUrl":"http://p1.music.126.net/vmeVBBqf89a0kZ1MEB79iw==/106652627911513.jpg","tns":[],"pic":106652627911513},"dt":345574,"h":{"br":320000,"fid":0,"size":13827262,"vd":-2.65076E-4},"m":{"br":160000,"fid":0,"size":6922055,"vd":0.251728},"l":{"br":96000,"fid":0,"size":4159553,"vd":-2.65076E-4},"a":null,"cd":"1","no":1,"rtUrl":null,"ftype":0,"rtUrls":[],"djId":0,"copyright":1,"s_id":0,"mv":5365539,"rtype":0,"rurl":null,"mst":9,"cp":7002,"publishTime":732384000000},{"name":"蝴蝶飞呀","id":387934,"pst":0,"t":0,"ar":[{"id":13286,"name":"小虎队","tns":[],"alias":[]}],"alia":[],"pop":95.0,"st":0,"rt":"600902000007947761","fee":8,"v":37,"crbt":"7cd0398efc00aa96b4e8d133873b1a06","cf":"","al":{"id":38429,"name":"爱","picUrl":"http://p1.music.126.net/Jtu3sxp_0vWqCzFDZZgTfQ==/79164837216132.jpg","tns":[],"pic":79164837216132},"dt":274416,"h":{"br":320000,"fid":0,"size":11000712,"vd":0.0916697},"m":{"br":160000,"fid":0,"size":5517611,"vd":0.389526},"l":{"br":96000,"fid":0,"size":3323952,"vd":0.204106},"a":null,"cd":"1","no":1,"rtUrl":null,"ftype":0,"rtUrls":[],"djId":0,"copyright":0,"s_id":0,"mv":5564136,"rtype":0,"rurl":null,"mst":9,"cp":22027,"publishTime":680972400000},{"name":"逝去的爱","id":5265183,"pst":0,"t":0,"ar":[{"id":229274,"name":"郑海龙","tns":[],"alias":[]}],"alia":[],"pop":100.0,"st":0,"rt":"","fee":8,"v":670,"crbt":null,"cf":"","al":{"id":512657,"name":"男孩女孩","picUrl":"http://p1.music.126.net/Lrw4iLUA42TfnHERVWLKmw==/105553116283765.jpg","tns":[],"pic":105553116283765},"dt":255712,"h":{"br":192000,"fid":0,"size":6158160,"vd":-4.33},"m":{"br":160000,"fid":0,"size":5137817,"vd":-3.9},"l":{"br":96000,"fid":0,"size":3094624,"vd":-3.98},"a":null,"cd":"1","no":4,"rtUrl":null,"ftype":0,"rtUrls":[],"djId":0,"copyright":2,"s_id":0,"mv":0,"rtype":0,"rurl":null,"mst":9,"cp":12001,"publishTime":1103817600000},{"name":"红日","id":115502,"pst":0,"t":0,"ar":[{"id":3699,"name":"李克勤","tns":[],"alias":[]}],"alia":["电视剧《他来自天堂》主题曲"],"pop":100.0,"st":0,"rt":"600902000007957393","fee":8,"v":33,"crbt":null,"cf":"","al":{"id":11307,"name":"红日","picUrl":"http://p1.music.126.net/ZJvsIcd51VAZx3-YuEAcFQ==/18612532836965764.jpg","tns":[],"pic_str":"18612532836965764","pic":18612532836965764},"dt":287173,"h":{"br":320000,"fid":0,"size":11489852,"vd":-2.65076E-4},"m":{"br":160000,"fid":0,"size":5745004,"vd":-2.65076E-4},"l":{"br":96000,"fid":0,"size":3447064,"vd":-2.65076E-4},"a":null,"cd":"1","no":4,"rtUrl":null,"ftype":0,"rtUrls":[],"djId":0,"copyright":1,"s_id":0,"mv":5308823,"rtype":0,"rurl":null,"mst":9,"cp":7003,"publishTime":694195200004},{"name":"酒干倘卖无","id":288218,"pst":0,"t":0,"ar":[{"id":9274,"name":"苏芮","tns":[],"alias":[]}],"alia":["电影《搭错车》主题曲"],"pop":100.0,"st":0,"rt":"","fee":8,"v":15,"crbt":null,"cf":"","al":{"id":28597,"name":"酒干倘卖无/优柔的执着","picUrl":"http://p1.music.126.net/mVNrdOS67BUJIbqX3Y7wFg==/40681930244540.jpg","tns":[],"pic":40681930244540},"dt":279458,"h":{"br":320000,"fid":0,"size":11199410,"vd":-2.65076E-4},"m":{"br":160000,"fid":0,"size":5615476,"vd":-2.65076E-4},"l":{"br":96000,"fid":0,"size":3381484,"vd":-2.65076E-4},"a":null,"cd":"1","no":3,"rtUrl":null,"ftype":0,"rtUrls":[],"djId":0,"copyright":2,"s_id":0,"mv":5501363,"rtype":0,"rurl":null,"mst":9,"cp":7002,"publishTime":549471600000},{"name":"水手","id":190381,"pst":0,"t":0,"ar":[{"id":6468,"name":"郑智化","tns":[],"alias":[]}],"alia":[],"pop":100.0,"st":0,"rt":"600902000000149517","fee":8,"v":25,"crbt":null,"cf":"","al":{"id":19238,"name":"私房歌","picUrl":"http://p1.music.126.net/xv-3emr0E933jxuarRCSIg==/109951163449493273.jpg","tns":[],"pic_str":"109951163449493273","pic":109951163449493273},"dt":298214,"h":{"br":320000,"fid":0,"size":11952535,"vd":0.193257},"m":{"br":160000,"fid":0,"size":5993483,"vd":0.406454},"l":{"br":96000,"fid":0,"size":3609443,"vd":0.129794},"a":null,"cd":"1","no":1,"rtUrl":null,"ftype":0,"rtUrls":[],"djId":0,"copyright":0,"s_id":0,"mv":5308228,"rtype":0,"rurl":null,"mst":9,"cp":7002,"publishTime":703699200007},{"name":"男儿当自强","id":92428,"pst":0,"t":0,"ar":[{"id":3706,"name":"林子祥","tns":[],"alias":[]}],"alia":["电影《黄飞鸿》主题曲"],"pop":100.0,"st":0,"rt":"600902000006762837","fee":8,"v":31,"crbt":"3a87a1a1fd1a0e6ff674cfec3baff00d","cf":"","al":{"id":9075,"name":"笑傲歌坛 传世经典","picUrl":"http://p1.music.126.net/Qbm5xA7zKTuFVKWufgk8Mg==/80264348840397.jpg","tns":[],"pic":80264348840397},"dt":261277,"h":{"br":320000,"fid":0,"size":10458349,"vd":-0.77},"m":{"br":160000,"fid":0,"size":5237517,"vd":-0.33},"l":{"br":96000,"fid":0,"size":3148766,"vd":-0.34},"a":null,"cd":"1","no":49,"rtUrl":null,"ftype":0,"rtUrls":[],"djId":0,"copyright":1,"s_id":0,"mv":5336189,"rtype":0,"rurl":null,"mst":9,"cp":7002,"publishTime":1101830400000},{"name":"千千阙歌","id":212233,"pst":0,"t":0,"ar":[{"id":7225,"name":"陈慧娴","tns":[],"alias":[]}],"alia":[],"pop":100.0,"st":0,"rt":"","fee":8,"v":27,"crbt":null,"cf":"","al":{"id":21506,"name":"千千阙歌","picUrl":"http://p1.music.126.net/tzmGFZ0-DPOulXS97H5rmA==/18712588395102549.jpg","tns":[],"pic_str":"18712588395102549","pic":18712588395102549},"dt":299106,"h":{"br":320000,"fid":0,"size":11967354,"vd":-1.39},"m":{"br":160000,"fid":0,"size":5983747,"vd":-0.97},"l":{"br":96000,"fid":0,"size":3590303,"vd":-1.05},"a":null,"cd":"1","no":16,"rtUrl":null,"ftype":0,"rtUrls":[],"djId":0,"copyright":1,"s_id":0,"mv":5308821,"rtype":0,"rurl":null,"mst":9,"cp":7003,"publishTime":788889600000},{"name":"光辉岁月","id":346576,"pst":0,"t":0,"ar":[{"id":11127,"name":"Beyond","tns":[],"alias":[]}],"alia":[],"pop":100.0,"st":0,"rt":"600902000005267437","fee":8,"v":29,"crbt":null,"cf":"","al":{"id":34147,"name":"光辉岁月十五年","picUrl":"http://p1.music.126.net/JOJvZc_7SqQjKf8TktQ_bw==/29686813951246.jpg","tns":[],"pic":29686813951246},"dt":299154,"h":{"br":320000,"fid":0,"size":11991814,"vd":-3.25},"m":{"br":160000,"fid":0,"size":6013954,"vd":-2.82},"l":{"br":96000,"fid":0,"size":3622391,"vd":-2.84},"a":null,"cd":"1","no":6,"rtUrl":null,"ftype":0,"rtUrls":[],"djId":0,"copyright":1,"s_id":0,"mv":28005,"rtype":0,"rurl":null,"mst":9,"cp":7003,"publishTime":930758400000},{"name":"海阔天空","id":400162138,"pst":0,"t":0,"ar":[{"id":11127,"name":"Beyond","tns":[],"alias":[]}],"alia":[],"pop":100.0,"st":0,"rt":null,"fee":8,"v":8,"crbt":null,"cf":"","al":{"id":34430029,"name":"华纳23周年纪念精选系列","picUrl":"http://p1.music.126.net/a9oLdcFPhqQyuouJzG2mAQ==/3273246124149810.jpg","tns":[],"pic":3273246124149810},"dt":323693,"h":{"br":320000,"fid":0,"size":12950508,"vd":-1.11},"m":{"br":160000,"fid":0,"size":6475276,"vd":-0.69},"l":{"br":96000,"fid":0,"size":3885183,"vd":-0.72},"a":null,"cd":"1","no":4,"rtUrl":null,"ftype":0,"rtUrls":[],"djId":0,"copyright":1,"s_id":0,"mv":0,"rtype":0,"rurl":null,"mst":9,"cp":7002,"publishTime":1452847401169},{"name":"有多少爱可以重来","id":77131,"pst":0,"t":0,"ar":[{"id":2516,"name":"迪克牛仔","tns":[],"alias":[]}],"alia":[],"pop":100.0,"st":0,"rt":"600902000001024393","fee":8,"v":11,"crbt":"f19d61838088a52eb25ad3e61c3fe7ce","cf":"","al":{"id":7576,"name":"黄金十载全精选","picUrl":"http://p1.music.126.net/TIQMdKKvWY0dDr-yKBaBeQ==/19000660439853455.jpg","tns":[],"pic_str":"19000660439853455","pic":19000660439853455},"dt":294635,"h":{"br":320000,"fid":0,"size":11814195,"vd":-2.65076E-4},"m":{"br":160000,"fid":0,"size":5926718,"vd":-2.65076E-4},"l":{"br":96000,"fid":0,"size":3571309,"vd":-2.65076E-4},"a":null,"cd":"1","no":16,"rtUrl":null,"ftype":0,"rtUrls":[],"djId":0,"copyright":1,"s_id":0,"mv":0,"rtype":0,"rurl":null,"mst":9,"cp":7003,"publishTime":1078070400000},{"name":"你是风儿我是沙","id":4878608,"pst":0,"t":0,"ar":[{"id":8362,"name":"林心如","tns":[],"alias":[]},{"id":203451,"name":"周杰","tns":[],"alias":[]}],"alia":[],"pop":100.0,"st":0,"rt":"","fee":1,"v":893,"crbt":null,"cf":"","al":{"id":490132,"name":"还珠格格 音乐全记录","picUrl":"http://p1.music.126.net/yeVyzcyqy3zkWK3FA4rrMg==/109951163117122135.jpg","tns":[],"pic_str":"109951163117122135","pic":109951163117122135},"dt":281760,"h":{"br":320000,"fid":0,"size":11273448,"vd":0.0},"m":{"br":192000,"fid":0,"size":6764086,"vd":0.0},"l":{"br":128000,"fid":0,"size":4509405,"vd":0.0},"a":null,"cd":"1","no":1,"rtUrl":null,"ftype":0,"rtUrls":[],"djId":0,"copyright":2,"s_id":0,"mv":5307096,"rtype":0,"rurl":null,"mst":9,"cp":643015,"publishTime":932745600000},{"name":"野百合也有春天","id":281828,"pst":0,"t":0,"ar":[{"id":9109,"name":"潘越云","tns":[],"alias":[]}],"alia":["电影《野雀高飞》插曲"],"pop":75.0,"st":0,"rt":"600902000007993885","fee":8,"v":22,"crbt":null,"cf":"","al":{"id":27991,"name":"潘越云 同名专辑","picUrl":"http://p1.music.126.net/tDo9DprFILNAc-tqbT7ppg==/109951163251782603.jpg","tns":[],"pic_str":"109951163251782603","pic":109951163251782603},"dt":205113,"h":{"br":320000,"fid":0,"size":8222729,"vd":-1.71},"m":{"br":160000,"fid":0,"size":4124118,"vd":-1.28},"l":{"br":96000,"fid":0,"size":2484255,"vd":-1.26},"a":null,"cd":"1","no":4,"rtUrl":null,"ftype":0,"rtUrls":[],"djId":0,"copyright":2,"s_id":0,"mv":0,"rtype":0,"rurl":null,"mst":9,"cp":684010,"publishTime":1185897600000},{"name":"一场游戏一场梦","id":158924,"pst":0,"t":0,"ar":[{"id":5358,"name":"王杰","tns":[],"alias":[]}],"alia":["电影《黄色故事》插曲"],"pop":100.0,"st":0,"rt":"600902000005313003","fee":8,"v":35,"crbt":"39b0d0b85393f16c0fae99f91e6974d8","cf":"","al":{"id":15964,"name":"一场游戏一场梦","picUrl":"http://p1.music.126.net/rE9zmPhDR8Kxk_eJMexVug==/18690598162553431.jpg","tns":[],"pic_str":"18690598162553431","pic":18690598162553431},"dt":258168,"h":{"br":320000,"fid":0,"size":10335459,"vd":-2.65076E-4},"m":{"br":160000,"fid":0,"size":5176799,"vd":0.252001},"l":{"br":96000,"fid":0,"size":3112916,"vd":0.20492},"a":null,"cd":"1","no":1,"rtUrl":null,"ftype":0,"rtUrls":[],"djId":0,"copyright":1,"s_id":0,"mv":0,"rtype":0,"rurl":null,"mst":9,"cp":7002,"publishTime":566841600000},{"name":"十七岁的雨季","id":114442,"pst":0,"t":0,"ar":[{"id":3704,"name":"林志颖","tns":[],"alias":[]}],"alia":[],"pop":100.0,"st":0,"rt":"","fee":0,"v":6,"crbt":null,"cf":"","al":{"id":11231,"name":"别了，晴雨的回忆","picUrl":"http://p1.music.126.net/rXVOIbqVrwPQ_y5hKbsdsQ==/123145302324051.jpg","tns":[],"pic":123145302324051},"dt":310674,"h":{"br":320000,"fid":0,"size":12448903,"vd":-2.65076E-4},"m":{"br":160000,"fid":0,"size":6241165,"vd":-2.65076E-4},"l":{"br":96000,"fid":0,"size":3757652,"vd":-2.65076E-4},"a":null,"cd":"1","no":2,"rtUrl":null,"ftype":0,"rtUrls":[],"djId":0,"copyright":2,"s_id":0,"mv":5309081,"rtype":0,"rurl":null,"mst":9,"cp":0,"publishTime":757353600004},{"name":"挪威的森林","id":27867372,"pst":0,"t":0,"ar":[{"id":5354,"name":"伍佰","tns":[],"alias":[]}],"alia":[],"pop":100.0,"st":0,"rt":"","fee":8,"v":158,"crbt":null,"cf":"","al":{"id":2685336,"name":"生命的现场","picUrl":"http://p1.music.126.net/6Lod8Ys5E6fiKZ9xrqCXug==/109951163100347037.jpg","tns":[],"pic_str":"109951163100347037","pic":109951163100347037},"dt":223529,"h":{"br":320000,"fid":0,"size":8942280,"vd":0.0},"m":{"br":192000,"fid":0,"size":5365386,"vd":0.0},"l":{"br":128000,"fid":0,"size":3576938,"vd":0.0},"a":null,"cd":"1","no":16,"rtUrl":null,"ftype":0,"rtUrls":[],"djId":0,"copyright":1,"s_id":0,"mv":0,"rtype":0,"rurl":null,"mst":9,"cp":7003,"publishTime":1356048000000},{"name":"青苹果乐园","id":388068,"pst":0,"t":0,"ar":[{"id":13286,"name":"小虎队","tns":[],"alias":[]}],"alia":[],"pop":100.0,"st":0,"rt":"","fee":8,"v":27,"crbt":null,"cf":"","al":{"id":38439,"name":"新年快乐","picUrl":"http://p1.music.126.net/i4HRPA6EL1uj7kOod2Y9mg==/39582418614561.jpg","tns":[],"pic":39582418614561},"dt":227161,"h":{"br":320000,"fid":0,"size":9111995,"vd":0.0143261},"m":{"br":160000,"fid":0,"size":4571782,"vd":0.184046},"l":{"br":96000,"fid":0,"size":2755750,"vd":0.423693},"a":null,"cd":"1","no":2,"rtUrl":null,"ftype":0,"rtUrls":[],"djId":0,"copyright":0,"s_id":0,"mv":814,"rtype":0,"rurl":null,"mst":9,"cp":22027,"publishTime":601574400000},{"name":"我只在乎你","id":229010,"pst":0,"t":0,"ar":[{"id":7570,"name":"邓丽君","tns":[],"alias":[]}],"alia":[],"pop":100.0,"st":0,"rt":"600902000005274939","fee":8,"v":48,"crbt":null,"cf":"","al":{"id":23054,"name":"我只在乎你","picUrl":"http://p1.music.126.net/FguePtCh6LY7yk4ZN07P7A==/109951163088040353.jpg","tns":[],"pic_str":"109951163088040353","pic":109951163088040353},"dt":254880,"h":{"br":320000,"fid":0,"size":10198373,"vd":-2.17},"m":{"br":160000,"fid":0,"size":5099272,"vd":-1.73},"l":{"br":96000,"fid":0,"size":3059631,"vd":-1.75},"a":null,"cd":"1","no":10,"rtUrl":null,"ftype":0,"rtUrls":[],"djId":0,"copyright":1,"s_id":0,"mv":5570718,"rtype":0,"rurl":null,"mst":9,"cp":7003,"publishTime":544204800007},{"name":"你把我灌醉","id":93492,"pst":0,"t":0,"ar":[{"id":3068,"name":"黄大炜","tns":[],"alias":[]}],"alia":[],"pop":100.0,"st":0,"rt":"600902000005311859","fee":8,"v":11,"crbt":"500e3b6c5ed025f510deb52b9cb38435","cf":"","al":{"id":9176,"name":"手下留情","picUrl":"http://p1.music.126.net/YdY0KPnXKF-ys5C_70O4fA==/125344325579597.jpg","tns":[],"pic":125344325579597},"dt":311866,"h":{"br":320000,"fid":0,"size":12477169,"vd":0.0857781},"m":{"br":160000,"fid":0,"size":6238607,"vd":0.464984},"l":{"br":96000,"fid":0,"size":3743182,"vd":0.144067},"a":null,"cd":"1","no":1,"rtUrl":null,"ftype":0,"rtUrls":[],"djId":0,"copyright":2,"s_id":0,"mv":0,"rtype":0,"rurl":null,"mst":9,"cp":7001,"publishTime":783619200000},{"name":"宝贝对不起","id":349628,"pst":0,"t":0,"ar":[{"id":11265,"name":"草蜢","tns":[],"alias":[]}],"alia":[],"pop":100.0,"st":0,"rt":"600902000005157451","fee":8,"v":211,"crbt":null,"cf":"","al":{"id":34454,"name":"宝贝 对不起","picUrl":"http://p1.music.126.net/mddN4i0E1efovCzl-2oCjw==/1697645953307199.jpg","tns":[],"pic":1697645953307199},"dt":258840,"h":{"br":320000,"fid":0,"size":10356027,"vd":0.0},"m":{"br":192000,"fid":0,"size":6213634,"vd":0.0},"l":{"br":128000,"fid":0,"size":4142437,"vd":0.0},"a":null,"cd":"1","no":1,"rtUrl":null,"ftype":0,"rtUrls":[],"djId":0,"copyright":2,"s_id":0,"mv":5501496,"rtype":0,"rurl":null,"mst":9,"cp":7003,"publishTime":733593600000},{"name":"潇洒走一回","id":5281237,"pst":0,"t":0,"ar":[{"id":10209,"name":"叶蒨文","tns":[],"alias":[]}],"alia":["电影《京城四少》主题曲"],"pop":100.0,"st":0,"rt":"","fee":0,"v":669,"crbt":null,"cf":"","al":{"id":513668,"name":"飞碟发烧电视剧主题曲精选集 一","picUrl":"http://p1.music.126.net/O0vbbSivkJgmsNl3OX-6Zw==/125344325584395.jpg","tns":[],"pic":125344325584395},"dt":249783,"h":{"br":320000,"fid":0,"size":10023516,"vd":-0.33},"m":{"br":160000,"fid":0,"size":5032562,"vd":-2.65076E-4},"l":{"br":96000,"fid":0,"size":3035762,"vd":-2.65076E-4},"a":null,"cd":"1","no":4,"rtUrl":null,"ftype":0,"rtUrls":[],"djId":0,"copyright":0,"s_id":0,"mv":0,"rtype":0,"rurl":null,"mst":9,"cp":5003,"publishTime":760118400000},{"name":"爱如潮水","id":186345,"pst":0,"t":0,"ar":[{"id":6454,"name":"张信哲","tns":[],"alias":[]}],"alia":[],"pop":100.0,"st":0,"rt":"600902000005316339","fee":8,"v":15,"crbt":"093358f325ac2cc4a1430935dffc3ade","cf":"","al":{"id":18933,"name":"张信哲精选","picUrl":"http://p1.music.126.net/D0e4NZrx_0ArL5FhIXpJww==/109951163511560406.jpg","tns":[],"pic_str":"109951163511560406","pic":109951163511560406},"dt":272506,"h":{"br":320000,"fid":0,"size":10930405,"vd":-2.65076E-4},"m":{"br":160000,"fid":0,"size":5478651,"vd":0.00450754},"l":{"br":96000,"fid":0,"size":3297949,"vd":0.0},"a":null,"cd":"1","no":1,"rtUrl":null,"ftype":0,"rtUrls":[],"djId":0,"copyright":1,"s_id":0,"mv":5361650,"rtype":0,"rurl":null,"mst":9,"cp":7001,"publishTime":962380800000},{"name":"张三的歌","id":113914,"pst":0,"t":0,"ar":[{"id":3703,"name":"李寿全","tns":[],"alias":[]}],"alia":["电影《父子关系》主题曲"],"pop":100.0,"st":0,"rt":"","fee":8,"v":11,"crbt":null,"cf":"","al":{"id":11183,"name":"8又二分之一","picUrl":"http://p1.music.126.net/EkNdcIdZQ7pbmU4udDk_Pw==/73667279073709.jpg","tns":[],"pic":73667279073709},"dt":238498,"h":{"br":320000,"fid":0,"size":9558661,"vd":0.257187},"m":{"br":160000,"fid":0,"size":4792227,"vd":0.774419},"l":{"br":96000,"fid":0,"size":2885706,"vd":0.635847},"a":null,"cd":"1","no":2,"rtUrl":null,"ftype":0,"rtUrls":[],"djId":0,"copyright":1,"s_id":0,"mv":0,"rtype":0,"rurl":null,"mst":9,"cp":7002,"publishTime":523206000000},{"name":"雨一直下","id":190495,"pst":0,"t":0,"ar":[{"id":6469,"name":"张宇","tns":[],"alias":[]}],"alia":["台视《情深到来生》片头主题曲"],"pop":100.0,"st":0,"rt":"600902000005436476","fee":8,"v":37,"crbt":"b22bf03548f1da6b1d979ff067af9984","cf":"","al":{"id":19247,"name":"雨一直下","picUrl":"http://p1.music.126.net/otCQ-2wUgLaEN2_W8Nf_DA==/57174604656249.jpg","tns":[],"pic":57174604656249},"dt":295001,"h":{"br":320000,"fid":0,"size":11791682,"vd":0.06},"m":{"br":160000,"fid":0,"size":5896369,"vd":-2.65076E-4},"l":{"br":96000,"fid":0,"size":3538243,"vd":-2.65076E-4},"a":null,"cd":"1","no":1,"rtUrl":null,"ftype":0,"rtUrls":[],"djId":0,"copyright":2,"s_id":0,"mv":0,"rtype":0,"rurl":null,"mst":9,"cp":7002,"publishTime":936115200000},{"name":"梦醒时分","id":77127,"pst":0,"t":0,"ar":[{"id":2516,"name":"迪克牛仔","tns":[],"alias":[]}],"alia":[],"pop":100.0,"st":0,"rt":"600902000005274577","fee":8,"v":11,"crbt":"456ec1e6ea336c62cff9617c4e94d190","cf":"","al":{"id":7576,"name":"黄金十载全精选","picUrl":"http://p1.music.126.net/TIQMdKKvWY0dDr-yKBaBeQ==/19000660439853455.jpg","tns":[],"pic_str":"19000660439853455","pic":19000660439853455},"dt":267494,"h":{"br":320000,"fid":0,"size":10729583,"vd":-0.93},"m":{"br":160000,"fid":0,"size":5384408,"vd":-0.5},"l":{"br":96000,"fid":0,"size":3245920,"vd":-0.53},"a":null,"cd":"1","no":15,"rtUrl":null,"ftype":0,"rtUrls":[],"djId":0,"copyright":1,"s_id":0,"mv":0,"rtype":0,"rurl":null,"mst":9,"cp":7003,"publishTime":1078070400000},{"name":"稻香","id":185709,"pst":0,"t":0,"ar":[{"id":6452,"name":"周杰伦","tns":[],"alias":[]}],"alia":[],"pop":100.0,"st":0,"rt":"600902000006889008","fee":0,"v":133,"crbt":"8a289b307a82998e10179dd2c3b34813","cf":"","al":{"id":18877,"name":"魔杰座","picUrl":"http://p1.music.126.net/HBanuZpt8SD2kf15AFa6Og==/109951163200234839.jpg","tns":[],"pic_str":"109951163200234839","pic":109951163200234839},"dt":223452,"h":{"br":320000,"fid":0,"size":8941341,"vd":-1.66},"m":{"br":160000,"fid":0,"size":4470746,"vd":-1.26},"l":{"br":96000,"fid":0,"size":2682507,"vd":-1.31},"a":null,"cd":"1","no":11,"rtUrl":null,"ftype":0,"rtUrls":[],"djId":0,"copyright":0,"s_id":0,"mv":506121,"rtype":0,"rurl":null,"mst":9,"cp":1007,"publishTime":1224000000000},{"name":"执着","id":293852,"pst":0,"t":0,"ar":[{"id":9488,"name":"田震","tns":[],"alias":[]}],"alia":[],"pop":100.0,"st":0,"rt":"600902000000025945","fee":0,"v":9,"crbt":null,"cf":"","al":{"id":29179,"name":"20世纪中华歌坛名人百集珍藏版","picUrl":"http://p1.music.126.net/qszIPKuDjq-aI99PZIMDvA==/590437744127836.jpg","tns":[],"pic":590437744127836},"dt":233900,"h":{"br":320000,"fid":0,"size":9384305,"vd":1.50662},"m":{"br":160000,"fid":0,"size":4710477,"vd":1.75642},"l":{"br":96000,"fid":0,"size":2840528,"vd":2.22883},"a":null,"cd":"1","no":4,"rtUrl":null,"ftype":0,"rtUrls":[],"djId":0,"copyright":2,"s_id":0,"mv":5343523,"rtype":0,"rurl":null,"mst":9,"cp":14008,"publishTime":915120000004},{"name":"野花","id":293927,"pst":0,"t":0,"ar":[{"id":9488,"name":"田震","tns":[],"alias":[]}],"alia":[],"pop":100.0,"st":0,"rt":"600902000000025955","fee":8,"v":13,"crbt":"4a7800486a78c3ef9153aad9a68466da","cf":"","al":{"id":29189,"name":"野花(田震同名专辑)","picUrl":"http://p1.music.126.net/BhIViNoIpXUG1FbLPdgiMQ==/109951163239131022.jpg","tns":[],"pic_str":"109951163239131022","pic":109951163239131022},"dt":231602,"h":{"br":320000,"fid":0,"size":9290216,"vd":0.720971},"m":{"br":160000,"fid":0,"size":4662364,"vd":1.13991},"l":{"br":96000,"fid":0,"size":2810804,"vd":1.13779},"a":null,"cd":"1","no":1,"rtUrl":null,"ftype":0,"rtUrls":[],"djId":0,"copyright":2,"s_id":0,"mv":5307825,"rtype":0,"rurl":null,"mst":9,"cp":12001,"publishTime":825609600000},{"name":"吻别","id":190449,"pst":0,"t":0,"ar":[{"id":6460,"name":"张学友","tns":[],"alias":[]}],"alia":[],"pop":100.0,"st":0,"rt":"600902000001024405","fee":8,"v":30,"crbt":"835fbd444d38c4f4ce5c44adbe4a69f9","cf":"","al":{"id":19243,"name":"吻别","picUrl":"http://p1.music.126.net/636SSPpKW0avAqkK1QgzgQ==/43980465112096.jpg","tns":[],"pic":43980465112096},"dt":306160,"h":{"br":320000,"fid":0,"size":12249483,"vd":0.292756},"m":{"br":160000,"fid":0,"size":6124815,"vd":0.63157},"l":{"br":96000,"fid":0,"size":3674947,"vd":0.378166},"a":null,"cd":"1","no":1,"rtUrl":null,"ftype":0,"rtUrls":[],"djId":0,"copyright":1,"s_id":0,"mv":5307209,"rtype":0,"rurl":null,"mst":9,"cp":7003,"publishTime":730915200000},{"name":"春泥","id":176813,"pst":0,"t":0,"ar":[{"id":6075,"name":"庾澄庆","tns":[],"alias":[]}],"alia":["韩剧《背叛爱情》片头曲"],"pop":100.0,"st":0,"rt":"600902000005327978","fee":0,"v":57,"crbt":"093358f325ac2cc43a475b689c3b3ddf","cf":"","al":{"id":17904,"name":"哈林天堂","picUrl":"http://p1.music.126.net/toJ0h84eKJyDa_H2AnzrZA==/109951163117112071.jpg","tns":[],"pic_str":"109951163117112071","pic":109951163117112071},"dt":256287,"h":{"br":320000,"fid":0,"size":10271483,"vd":-0.78},"m":{"br":160000,"fid":0,"size":5150439,"vd":-0.35},"l":{"br":96000,"fid":0,"size":3101603,"vd":-0.36},"a":null,"cd":"1","no":2,"rtUrl":null,"ftype":0,"rtUrls":[],"djId":0,"copyright":0,"s_id":0,"mv":0,"rtype":0,"rurl":null,"mst":9,"cp":7001,"publishTime":1054396800000},{"name":"听海","id":25657148,"pst":0,"t":0,"ar":[{"id":10559,"name":"张惠妹","tns":[],"alias":[]}],"alia":[],"pop":95.0,"st":0,"rt":"600902000009487390","fee":8,"v":8,"crbt":"2bfa19fbea2630a4af1e243ccaac4386","cf":"","al":{"id":2270031,"name":"A-mei Acoustic Best","picUrl":"http://p1.music.126.net/pD2OAoAB-Z1N33dkdbdGhw==/1769114209097062.jpg","tns":[],"pic":1769114209097062},"dt":319791,"h":{"br":320000,"fid":0,"size":12813687,"vd":0.0},"m":{"br":160000,"fid":0,"size":6423092,"vd":0.0},"l":{"br":96000,"fid":0,"size":3866436,"vd":-2.65076E-4},"a":null,"cd":"1","no":4,"rtUrl":null,"ftype":0,"rtUrls":[],"djId":0,"copyright":2,"s_id":0,"mv":0,"rtype":0,"rurl":null,"mst":9,"cp":588012,"publishTime":1323187200007},{"name":"我期待","id":187104,"pst":0,"t":0,"ar":[{"id":6459,"name":"张雨生","tns":[],"alias":[]}],"alia":[],"pop":100.0,"st":0,"rt":"600902000005312103","fee":8,"v":14,"crbt":"4d7585e925043483c57d5132d8449e72","cf":"","al":{"id":18966,"name":"如燕盘旋而来的思念","picUrl":"http://p1.music.126.net/4vuaCmNxbFl1GVJfiSwyrw==/86861418607098.jpg","tns":[],"pic":86861418607098},"dt":351687,"h":{"br":320000,"fid":0,"size":14082070,"vd":-2.82},"m":{"br":160000,"fid":0,"size":7054610,"vd":-2.39},"l":{"br":96000,"fid":0,"size":4243207,"vd":-2.42},"a":null,"cd":"1","no":98,"rtUrl":null,"ftype":0,"rtUrls":[],"djId":0,"copyright":1,"s_id":0,"mv":5643854,"rtype":0,"rurl":null,"mst":9,"cp":1010,"publishTime":1204041600000},{"name":"我的未来不是梦","id":5279696,"pst":0,"t":0,"ar":[{"id":6459,"name":"张雨生","tns":[],"alias":[]}],"alia":[],"pop":100.0,"st":0,"rt":"600902000009555941","fee":0,"v":669,"crbt":null,"cf":"","al":{"id":513560,"name":"惊世记录Ⅱ","picUrl":"http://p1.music.126.net/qVUJ9aDeRop5pj3QDixIsQ==/109951163353510177.jpg","tns":[],"pic_str":"109951163353510177","pic":109951163353510177},"dt":313339,"h":{"br":320000,"fid":0,"size":12574421,"vd":-2.65076E-4},"m":{"br":160000,"fid":0,"size":6313393,"vd":0.0675927},"l":{"br":96000,"fid":0,"size":3808564,"vd":-2.65076E-4},"a":null,"cd":"1","no":8,"rtUrl":null,"ftype":0,"rtUrls":[],"djId":0,"copyright":1,"s_id":0,"mv":5347065,"rtype":0,"rurl":null,"mst":9,"cp":5003,"publishTime":799603200000},{"name":"大海","id":188057,"pst":0,"t":0,"ar":[{"id":6459,"name":"张雨生","tns":[],"alias":[]}],"alia":[],"pop":100.0,"st":0,"rt":"600902000005320211","fee":8,"v":105,"crbt":null,"cf":"","al":{"id":19049,"name":"大海","picUrl":"http://p1.music.126.net/rTmIXtO0oWpu4RBT2wYTNg==/106652627906340.jpg","tns":[],"pic":106652627906340},"dt":280346,"h":{"br":320000,"fid":0,"size":11235608,"vd":0.296321},"m":{"br":160000,"fid":0,"size":5633910,"vd":0.644978},"l":{"br":96000,"fid":0,"size":3392813,"vd":0.1854},"a":null,"cd":"1","no":6,"rtUrl":null,"ftype":0,"rtUrls":[],"djId":0,"copyright":0,"s_id":0,"mv":5308820,"rtype":0,"rurl":null,"mst":9,"cp":7002,"publishTime":720547200000},{"name":"红豆","id":299936,"pst":0,"t":0,"ar":[{"id":9621,"name":"王菲","tns":[],"alias":[]}],"alia":[],"pop":100.0,"st":0,"rt":"600902000009274126","fee":8,"v":73,"crbt":"6c2c328d5bf86c7d848d12ba17aa125e","cf":"","al":{"id":29725,"name":"唱游","picUrl":"http://p1.music.126.net/GRcctSEQLu6uRBJDrEpbFg==/18581746511427306.jpg","tns":[],"pic_str":"18581746511427306","pic":18581746511427306},"dt":256026,"h":{"br":320000,"fid":0,"size":10244223,"vd":0.0021209},"m":{"br":160000,"fid":0,"size":5122134,"vd":0.130332},"l":{"br":96000,"fid":0,"size":3073298,"vd":-2.65076E-4},"a":null,"cd":"1","no":9,"rtUrl":null,"ftype":0,"rtUrls":[],"djId":0,"copyright":2,"s_id":0,"mv":5436053,"rtype":0,"rurl":null,"mst":9,"cp":600011,"publishTime":907257600007},{"name":"过火","id":186560,"pst":0,"t":0,"ar":[{"id":6454,"name":"张信哲","tns":[],"alias":[]}],"alia":[],"pop":100.0,"st":0,"rt":"600902000006709107","fee":8,"v":233,"crbt":null,"cf":"","al":{"id":18947,"name":"选哲","picUrl":"http://p1.music.126.net/BbtqIF_OYpDk21lqTKROCQ==/638816255750141.jpg","tns":[],"pic":638816255750141},"dt":302577,"h":{"br":320000,"fid":0,"size":12106231,"vd":0.0},"m":{"br":192000,"fid":0,"size":7263756,"vd":0.0},"l":{"br":128000,"fid":0,"size":4842519,"vd":0.0},"a":null,"cd":"1","no":3,"rtUrl":null,"ftype":0,"rtUrls":[],"djId":0,"copyright":1,"s_id":0,"mv":5347337,"rtype":0,"rurl":null,"mst":9,"cp":35015,"publishTime":891360000000},{"name":"狼","id":143554,"pst":0,"t":0,"ar":[{"id":4813,"name":"齐秦","tns":[],"alias":[]}],"alia":[],"pop":100.0,"st":0,"rt":"600902000009125775","fee":0,"v":7,"crbt":"c1f1a06916d6343152caaf6f0796b671","cf":"","al":{"id":14319,"name":"狼的专辑","picUrl":"http://p1.music.126.net/8RDbW7fsmKrn7DvknLjaEA==/19212866184018100.jpg","tns":[],"pic_str":"19212866184018100","pic":19212866184018100},"dt":333427,"h":{"br":320000,"fid":0,"size":13357304,"vd":-2.65076E-4},"m":{"br":160000,"fid":0,"size":6695036,"vd":0.0257509},"l":{"br":96000,"fid":0,"size":4029710,"vd":-2.65076E-4},"a":null,"cd":"1","no":1,"rtUrl":null,"ftype":0,"rtUrls":[],"djId":0,"copyright":2,"s_id":0,"mv":0,"rtype":0,"rurl":null,"mst":9,"cp":0,"publishTime":483724800000},{"name":"矜持","id":300129,"pst":0,"t":0,"ar":[{"id":9621,"name":"王菲","tns":[],"alias":[]}],"alia":[],"pop":100.0,"st":0,"rt":"600902000005378226","fee":8,"v":25,"crbt":null,"cf":"","al":{"id":29744,"name":"菲卖品 王菲精选","picUrl":"http://p1.music.126.net/wpFM4MfDBuCFCPY5r-YULg==/19008357021272098.jpg","tns":[],"pic_str":"19008357021272098","pic":19008357021272098},"dt":281731,"h":{"br":320000,"fid":0,"size":11293602,"vd":0.373461},"m":{"br":160000,"fid":0,"size":5664215,"vd":0.907584},"l":{"br":96000,"fid":0,"size":3412042,"vd":0.82266},"a":null,"cd":"1","no":15,"rtUrl":null,"ftype":0,"rtUrls":[],"djId":0,"copyright":1,"s_id":0,"mv":0,"rtype":0,"rurl":null,"mst":9,"cp":7003,"publishTime":857145600000},{"name":"喜欢你","id":346073,"pst":0,"t":0,"ar":[{"id":11127,"name":"Beyond","tns":[],"alias":[]}],"alia":[],"pop":100.0,"st":0,"rt":"600902000005286912","fee":8,"v":32,"crbt":null,"cf":"","al":{"id":34110,"name":"25周年精选","picUrl":"http://p1.music.126.net/ghmbmEQS-IJfZPjdA3KGxg==/82463372084291.jpg","tns":[],"pic":82463372084291},"dt":273773,"h":{"br":320000,"fid":0,"size":10953774,"vd":-2.48},"m":{"br":160000,"fid":0,"size":5476942,"vd":-2.06},"l":{"br":96000,"fid":0,"size":3286209,"vd":-2.06},"a":null,"cd":"1","no":25,"rtUrl":null,"ftype":0,"rtUrls":[],"djId":0,"copyright":1,"s_id":0,"mv":5336880,"rtype":0,"rurl":null,"mst":9,"cp":7003,"publishTime":1205164800000},{"name":"至少还有你","id":256468,"pst":0,"t":0,"ar":[{"id":8336,"name":"林忆莲","tns":[],"alias":[]}],"alia":[],"pop":100.0,"st":0,"rt":"600907000000277868","fee":8,"v":27,"crbt":"ae8f6552dd2de58dd8cfcbb026e6538f","cf":"","al":{"id":25600,"name":"属于我的林忆莲","picUrl":"http://p1.music.126.net/xEyRt-hCsxf0qGahe4x_cQ==/6667438510890773.jpg","tns":[],"pic":6667438510890773},"dt":275905,"h":{"br":320000,"fid":0,"size":11027864,"vd":-2.23},"m":{"br":160000,"fid":0,"size":5514461,"vd":-1.79},"l":{"br":96000,"fid":0,"size":3309099,"vd":-1.83},"a":null,"cd":"1","no":1,"rtUrl":null,"ftype":0,"rtUrls":[],"djId":0,"copyright":1,"s_id":0,"mv":5307498,"rtype":0,"rurl":null,"mst":9,"cp":13009,"publishTime":1020182400000},{"name":"特别的爱给特别的你","id":5257380,"pst":0,"t":0,"ar":[{"id":5357,"name":"伍思凯","tns":[],"alias":[]}],"alia":[],"pop":85.0,"st":0,"rt":"","fee":0,"v":682,"crbt":null,"cf":"","al":{"id":512189,"name":"被遗忘的时光","picUrl":"http://p1.music.126.net/XmO9qAnorsMO4QUkkHGBbQ==/109951163376778417.jpg","tns":[],"pic_str":"109951163376778417","pic":109951163376778417},"dt":300565,"h":{"br":320000,"fid":0,"size":12030238,"vd":-2.65076E-4},"m":{"br":160000,"fid":0,"size":6024688,"vd":0.282344},"l":{"br":96000,"fid":0,"size":3622049,"vd":0.251728},"a":null,"cd":"1","no":10,"rtUrl":null,"ftype":0,"rtUrls":[],"djId":0,"copyright":1,"s_id":0,"mv":5308230,"rtype":0,"rurl":null,"mst":9,"cp":375014,"publishTime":1169740800000},{"name":"月亮惹的祸","id":190526,"pst":0,"t":0,"ar":[{"id":6469,"name":"张宇","tns":[],"alias":[]}],"alia":[],"pop":100.0,"st":0,"rt":"600902000005653853","fee":8,"v":29,"crbt":"b22bf03548f1da6b0416cc813fe218de","cf":"","al":{"id":19250,"name":"月亮 太阳","picUrl":"http://p1.music.126.net/fVz94sxcIiQDXlgLWWMcWA==/18872017579409966.jpg","tns":[],"pic_str":"18872017579409966","pic":18872017579409966},"dt":262766,"h":{"br":320000,"fid":0,"size":10503325,"vd":-0.41},"m":{"br":160000,"fid":0,"size":5252191,"vd":0.0},"l":{"br":96000,"fid":0,"size":3151737,"vd":-0.06},"a":null,"cd":"1","no":1,"rtUrl":null,"ftype":0,"rtUrls":[],"djId":0,"copyright":2,"s_id":0,"mv":0,"rtype":0,"rurl":null,"mst":9,"cp":7002,"publishTime":912441600000},{"name":"寂寞沙洲冷","id":189688,"pst":0,"t":0,"ar":[{"id":6652,"name":"周传雄","tns":[],"alias":[]}],"alia":[],"pop":100.0,"st":0,"rt":"600902000005651425","fee":8,"v":337,"crbt":null,"cf":"","al":{"id":19174,"name":"星空下的传说","picUrl":"http://p1.music.126.net/lzxE9m7tJ5aHgqyuoaey9Q==/109951163434363994.jpg","tns":[],"pic_str":"109951163434363994","pic":109951163434363994},"dt":274600,"h":{"br":320000,"fid":0,"size":10987146,"vd":-2.0},"m":{"br":192000,"fid":0,"size":6592305,"vd":-2.0},"l":{"br":128000,"fid":0,"size":4394884,"vd":-1.0},"a":null,"cd":"1","no":3,"rtUrl":null,"ftype":0,"rtUrls":[],"djId":0,"copyright":1,"s_id":0,"mv":5307845,"rtype":0,"rurl":null,"mst":9,"cp":7003,"publishTime":1117555200000},{"name":"一生有你","id":376417,"pst":0,"t":0,"ar":[{"id":12712,"name":"水木年华","tns":[],"alias":[]}],"alia":[],"pop":100.0,"st":0,"rt":"","fee":8,"v":43,"crbt":null,"cf":"","al":{"id":37243,"name":"一生有你","picUrl":"http://p1.music.126.net/4Tz-EfqUy0mbz6rJFRtrnA==/120946279073830.jpg","tns":[],"pic":120946279073830},"dt":258133,"h":{"br":320000,"fid":0,"size":10327815,"vd":0.0},"m":{"br":192000,"fid":0,"size":6196706,"vd":0.0},"l":{"br":128000,"fid":0,"size":4131152,"vd":0.0},"a":null,"cd":"1","no":1,"rtUrl":null,"ftype":0,"rtUrls":[],"djId":0,"copyright":0,"s_id":0,"mv":5393028,"rtype":0,"rurl":null,"mst":9,"cp":495011,"publishTime":1001865600000},{"name":"爱","id":387948,"pst":0,"t":0,"ar":[{"id":13286,"name":"小虎队","tns":[],"alias":[]}],"alia":[],"pop":100.0,"st":0,"rt":"600902000007947765","fee":8,"v":37,"crbt":"7cd0398efc00aa963b343770a62d82c4","cf":"","al":{"id":38429,"name":"爱","picUrl":"http://p1.music.126.net/Jtu3sxp_0vWqCzFDZZgTfQ==/79164837216132.jpg","tns":[],"pic":79164837216132},"dt":269584,"h":{"br":320000,"fid":0,"size":10808444,"vd":-2.65076E-4},"m":{"br":160000,"fid":0,"size":5421474,"vd":-2.65076E-4},"l":{"br":96000,"fid":0,"size":3266267,"vd":-2.65076E-4},"a":null,"cd":"1","no":6,"rtUrl":null,"ftype":0,"rtUrls":[],"djId":0,"copyright":0,"s_id":0,"mv":5496868,"rtype":0,"rurl":null,"mst":9,"cp":490016,"publishTime":680972400000},{"name":"同桌的你","id":5281327,"pst":0,"t":0,"ar":[{"id":3682,"name":"老狼","tns":[],"alias":[]}],"alia":[],"pop":100.0,"st":0,"rt":"600902000000025943","fee":8,"v":707,"crbt":"4a7800486a78c3efeaf4352a9b52a565","cf":"","al":{"id":513675,"name":"校园民谣 1","picUrl":"http://p1.music.126.net/bmNjNkwo8JftUADlFT_SRg==/109951163351799393.jpg","tns":[],"pic_str":"109951163351799393","pic":109951163351799393},"dt":224305,"h":{"br":320000,"fid":0,"size":8974672,"vd":0.0},"m":{"br":192000,"fid":0,"size":5384821,"vd":0.0},"l":{"br":128000,"fid":0,"size":3589895,"vd":0.0},"a":null,"cd":"1","no":1,"rtUrl":null,"ftype":0,"rtUrls":[],"djId":0,"copyright":0,"s_id":0,"mv":5436819,"rtype":0,"rurl":null,"mst":9,"cp":490027,"publishTime":757440000000}],"trackIds":[{"id":143474,"v":23},{"id":108597,"v":33},{"id":349079,"v":19},{"id":190352,"v":27},{"id":293769,"v":12},{"id":240055,"v":6},{"id":28306412,"v":671},{"id":387980,"v":27},{"id":156374,"v":25},{"id":142944,"v":13},{"id":109299,"v":25},{"id":287752,"v":17},{"id":387934,"v":37},{"id":5265183,"v":670},{"id":115502,"v":33},{"id":288218,"v":15},{"id":190381,"v":25},{"id":92428,"v":31},{"id":212233,"v":27},{"id":346576,"v":29},{"id":400162138,"v":8},{"id":77131,"v":11},{"id":4878608,"v":893},{"id":281828,"v":22},{"id":158924,"v":35},{"id":114442,"v":6},{"id":27867372,"v":158},{"id":388068,"v":27},{"id":229010,"v":48},{"id":93492,"v":11},{"id":349628,"v":211},{"id":5281237,"v":669},{"id":186345,"v":15},{"id":113914,"v":11},{"id":190495,"v":37},{"id":77127,"v":11},{"id":185709,"v":133},{"id":293852,"v":9},{"id":293927,"v":13},{"id":190449,"v":30},{"id":176813,"v":57},{"id":25657148,"v":8},{"id":187104,"v":14},{"id":5279696,"v":669},{"id":188057,"v":105},{"id":299936,"v":73},{"id":186560,"v":233},{"id":143554,"v":7},{"id":300129,"v":25},{"id":346073,"v":32},{"id":256468,"v":27},{"id":5257380,"v":682},{"id":190526,"v":29},{"id":189688,"v":337},{"id":376417,"v":43},{"id":387948,"v":37},{"id":5281327,"v":707}],"description":"歌还是老的好，前奏就是情怀满满—— 封面：|微博|呼葱觅蒜","ordered":true,"subscribedCount":64283,"cloudTrackCount":0,"coverImgUrl":"http://p3.music.126.net/11Tw_r2wCvMZY--TtTvuGw==/1416170990976003.jpg","status":0,"userId":59291942,"playCount":4892541,"trackCount":57,"coverImgId":1416170990976003,"createTime":1470735278599,"updateTime":1492180804187,"specialType":0,"privacy":0,"newImported":false,"tags":["华语","粤语","经典"],"commentThreadId":"A_PL_0_440103454","trackUpdateTime":1537506233403,"highQuality":false,"trackNumberUpdateTime":1492180791389,"adType":0,"name":"|经典怀旧|老留声机里的深情往事","id":440103454,"shareCount":799,"commentCount":638},"code":200,"privileges":[{"id":143474,"fee":0,"payed":0,"st":-200,"pl":0,"dl":0,"sp":0,"cp":0,"subp":0,"cs":false,"maxbr":320000,"fl":0,"toast":false,"flag":4,"preSell":false},{"id":108597,"fee":0,"payed":0,"st":-200,"pl":0,"dl":0,"sp":0,"cp":0,"subp":0,"cs":false,"maxbr":320000,"fl":0,"toast":false,"flag":0,"preSell":false},{"id":349079,"fee":8,"payed":0,"st":0,"pl":128000,"dl":0,"sp":7,"cp":1,"subp":1,"cs":false,"maxbr":320000,"fl":128000,"toast":false,"flag":4,"preSell":false},{"id":190352,"fee":8,"payed":0,"st":0,"pl":128000,"dl":0,"sp":7,"cp":1,"subp":1,"cs":false,"maxbr":320000,"fl":128000,"toast":false,"flag":4,"preSell":false},{"id":293769,"fee":0,"payed":0,"st":0,"pl":192000,"dl":192000,"sp":7,"cp":1,"subp":1,"cs":false,"maxbr":192000,"fl":320000,"toast":false,"flag":128,"preSell":false},{"id":240055,"fee":8,"payed":0,"st":0,"pl":128000,"dl":0,"sp":7,"cp":1,"subp":1,"cs":false,"maxbr":320000,"fl":128000,"toast":false,"flag":0,"preSell":false},{"id":28306412,"fee":8,"payed":0,"st":0,"pl":128000,"dl":0,"sp":7,"cp":1,"subp":1,"cs":false,"maxbr":320000,"fl":128000,"toast":false,"flag":0,"preSell":false},{"id":387980,"fee":8,"payed":0,"st":0,"pl":128000,"dl":0,"sp":7,"cp":1,"subp":1,"cs":false,"maxbr":320000,"fl":128000,"toast":false,"flag":0,"preSell":false},{"id":156374,"fee":8,"payed":0,"st":0,"pl":128000,"dl":0,"sp":7,"cp":1,"subp":1,"cs":false,"maxbr":999000,"fl":128000,"toast":false,"flag":128,"preSell":false},{"id":142944,"fee":0,"payed":0,"st":-200,"pl":0,"dl":0,"sp":0,"cp":0,"subp":0,"cs":false,"maxbr":320000,"fl":0,"toast":false,"flag":0,"preSell":false},{"id":109299,"fee":0,"payed":0,"st":-200,"pl":0,"dl":0,"sp":0,"cp":0,"subp":0,"cs":false,"maxbr":320000,"fl":0,"toast":false,"flag":0,"preSell":false},{"id":287752,"fee":8,"payed":0,"st":0,"pl":128000,"dl":0,"sp":7,"cp":1,"subp":1,"cs":false,"maxbr":320000,"fl":128000,"toast":false,"flag":4,"preSell":false},{"id":387934,"fee":8,"payed":0,"st":0,"pl":128000,"dl":0,"sp":7,"cp":1,"subp":1,"cs":false,"maxbr":320000,"fl":128000,"toast":false,"flag":0,"preSell":false},{"id":5265183,"fee":8,"payed":0,"st":0,"pl":128000,"dl":0,"sp":7,"cp":1,"subp":1,"cs":false,"maxbr":128000,"fl":128000,"toast":false,"flag":128,"preSell":false},{"id":115502,"fee":8,"payed":0,"st":0,"pl":128000,"dl":0,"sp":7,"cp":1,"subp":1,"cs":false,"maxbr":999000,"fl":128000,"toast":false,"flag":4,"preSell":false},{"id":288218,"fee":8,"payed":0,"st":0,"pl":128000,"dl":0,"sp":7,"cp":1,"subp":1,"cs":false,"maxbr":320000,"fl":128000,"toast":false,"flag":0,"preSell":false},{"id":190381,"fee":8,"payed":0,"st":0,"pl":128000,"dl":0,"sp":7,"cp":1,"subp":1,"cs":false,"maxbr":320000,"fl":128000,"toast":false,"flag":4,"preSell":false},{"id":92428,"fee":8,"payed":0,"st":0,"pl":128000,"dl":0,"sp":7,"cp":1,"subp":1,"cs":false,"maxbr":320000,"fl":128000,"toast":false,"flag":0,"preSell":false},{"id":212233,"fee":8,"payed":0,"st":0,"pl":128000,"dl":0,"sp":7,"cp":1,"subp":1,"cs":false,"maxbr":999000,"fl":128000,"toast":false,"flag":4,"preSell":false},{"id":346576,"fee":8,"payed":0,"st":0,"pl":128000,"dl":0,"sp":7,"cp":1,"subp":1,"cs":false,"maxbr":320000,"fl":128000,"toast":false,"flag":4,"preSell":false},{"id":400162138,"fee":8,"payed":0,"st":0,"pl":128000,"dl":0,"sp":7,"cp":1,"subp":1,"cs":false,"maxbr":999000,"fl":128000,"toast":false,"flag":4,"preSell":false},{"id":77131,"fee":8,"payed":0,"st":0,"pl":128000,"dl":0,"sp":7,"cp":1,"subp":1,"cs":false,"maxbr":320000,"fl":128000,"toast":false,"flag":4,"preSell":false},{"id":4878608,"fee":1,"payed":0,"st":0,"pl":0,"dl":0,"sp":0,"cp":0,"subp":0,"cs":false,"maxbr":999000,"fl":0,"toast":false,"flag":0,"preSell":false},{"id":281828,"fee":8,"payed":0,"st":0,"pl":128000,"dl":0,"sp":7,"cp":1,"subp":1,"cs":false,"maxbr":320000,"fl":128000,"toast":false,"flag":0,"preSell":false},{"id":158924,"fee":8,"payed":0,"st":0,"pl":128000,"dl":0,"sp":7,"cp":1,"subp":1,"cs":false,"maxbr":320000,"fl":128000,"toast":false,"flag":0,"preSell":false},{"id":114442,"fee":0,"payed":0,"st":0,"pl":320000,"dl":320000,"sp":7,"cp":1,"subp":1,"cs":false,"maxbr":320000,"fl":320000,"toast":false,"flag":128,"preSell":false},{"id":27867372,"fee":8,"payed":0,"st":0,"pl":128000,"dl":0,"sp":7,"cp":1,"subp":1,"cs":false,"maxbr":320000,"fl":128000,"toast":false,"flag":4,"preSell":false},{"id":388068,"fee":8,"payed":0,"st":0,"pl":128000,"dl":0,"sp":7,"cp":1,"subp":1,"cs":false,"maxbr":320000,"fl":128000,"toast":false,"flag":128,"preSell":false},{"id":229010,"fee":8,"payed":0,"st":0,"pl":128000,"dl":0,"sp":7,"cp":1,"subp":1,"cs":false,"maxbr":999000,"fl":128000,"toast":false,"flag":4,"preSell":false},{"id":93492,"fee":8,"payed":0,"st":0,"pl":128000,"dl":0,"sp":7,"cp":1,"subp":1,"cs":false,"maxbr":999000,"fl":128000,"toast":false,"flag":0,"preSell":false},{"id":349628,"fee":8,"payed":0,"st":0,"pl":128000,"dl":0,"sp":7,"cp":1,"subp":1,"cs":false,"maxbr":999000,"fl":128000,"toast":false,"flag":4,"preSell":false},{"id":5281237,"fee":0,"payed":0,"st":0,"pl":320000,"dl":320000,"sp":7,"cp":1,"subp":1,"cs":false,"maxbr":320000,"fl":320000,"toast":false,"flag":128,"preSell":false},{"id":186345,"fee":8,"payed":0,"st":0,"pl":128000,"dl":0,"sp":7,"cp":1,"subp":1,"cs":false,"maxbr":999000,"fl":128000,"toast":false,"flag":128,"preSell":false},{"id":113914,"fee":8,"payed":0,"st":0,"pl":128000,"dl":0,"sp":7,"cp":1,"subp":1,"cs":false,"maxbr":320000,"fl":128000,"toast":false,"flag":0,"preSell":false},{"id":190495,"fee":8,"payed":0,"st":0,"pl":128000,"dl":0,"sp":7,"cp":1,"subp":1,"cs":false,"maxbr":999000,"fl":128000,"toast":false,"flag":4,"preSell":false},{"id":77127,"fee":8,"payed":0,"st":0,"pl":128000,"dl":0,"sp":7,"cp":1,"subp":1,"cs":false,"maxbr":320000,"fl":128000,"toast":false,"flag":4,"preSell":false},{"id":185709,"fee":0,"payed":0,"st":-200,"pl":0,"dl":0,"sp":0,"cp":0,"subp":0,"cs":false,"maxbr":999000,"fl":0,"toast":false,"flag":0,"preSell":false},{"id":293852,"fee":0,"payed":0,"st":0,"pl":320000,"dl":320000,"sp":7,"cp":1,"subp":1,"cs":false,"maxbr":320000,"fl":320000,"toast":false,"flag":128,"preSell":false},{"id":293927,"fee":8,"payed":0,"st":0,"pl":128000,"dl":0,"sp":7,"cp":1,"subp":1,"cs":false,"maxbr":320000,"fl":128000,"toast":false,"flag":0,"preSell":false},{"id":190449,"fee":8,"payed":0,"st":0,"pl":128000,"dl":0,"sp":7,"cp":1,"subp":1,"cs":false,"maxbr":999000,"fl":128000,"toast":false,"flag":4,"preSell":false},{"id":176813,"fee":0,"payed":0,"st":-200,"pl":0,"dl":0,"sp":0,"cp":0,"subp":0,"cs":false,"maxbr":320000,"fl":0,"toast":false,"flag":128,"preSell":false},{"id":25657148,"fee":8,"payed":0,"st":0,"pl":128000,"dl":0,"sp":7,"cp":1,"subp":1,"cs":false,"maxbr":320000,"fl":128000,"toast":false,"flag":0,"preSell":false},{"id":187104,"fee":8,"payed":0,"st":0,"pl":128000,"dl":0,"sp":7,"cp":1,"subp":1,"cs":false,"maxbr":320000,"fl":128000,"toast":false,"flag":0,"preSell":false},{"id":5279696,"fee":0,"payed":0,"st":0,"pl":320000,"dl":320000,"sp":7,"cp":1,"subp":1,"cs":false,"maxbr":320000,"fl":320000,"toast":false,"flag":0,"preSell":false},{"id":188057,"fee":8,"payed":0,"st":0,"pl":128000,"dl":0,"sp":7,"cp":1,"subp":1,"cs":false,"maxbr":320000,"fl":128000,"toast":false,"flag":4,"preSell":false},{"id":299936,"fee":8,"payed":0,"st":0,"pl":128000,"dl":0,"sp":7,"cp":1,"subp":1,"cs":false,"maxbr":999000,"fl":128000,"toast":false,"flag":128,"preSell":false},{"id":186560,"fee":8,"payed":0,"st":0,"pl":128000,"dl":0,"sp":7,"cp":1,"subp":1,"cs":false,"maxbr":999000,"fl":128000,"toast":false,"flag":0,"preSell":false},{"id":143554,"fee":0,"payed":0,"st":0,"pl":320000,"dl":320000,"sp":7,"cp":1,"subp":1,"cs":false,"maxbr":320000,"fl":320000,"toast":false,"flag":128,"preSell":false},{"id":300129,"fee":8,"payed":0,"st":0,"pl":128000,"dl":0,"sp":7,"cp":1,"subp":1,"cs":false,"maxbr":320000,"fl":128000,"toast":false,"flag":4,"preSell":false},{"id":346073,"fee":8,"payed":0,"st":0,"pl":128000,"dl":0,"sp":7,"cp":1,"subp":1,"cs":false,"maxbr":999000,"fl":128000,"toast":false,"flag":4,"preSell":false},{"id":256468,"fee":8,"payed":0,"st":0,"pl":128000,"dl":0,"sp":7,"cp":1,"subp":1,"cs":false,"maxbr":999000,"fl":128000,"toast":false,"flag":0,"preSell":false},{"id":5257380,"fee":0,"payed":0,"st":-200,"pl":0,"dl":0,"sp":0,"cp":0,"subp":0,"cs":false,"maxbr":320000,"fl":0,"toast":false,"flag":0,"preSell":false},{"id":190526,"fee":8,"payed":0,"st":0,"pl":128000,"dl":0,"sp":7,"cp":1,"subp":1,"cs":false,"maxbr":999000,"fl":128000,"toast":false,"flag":4,"preSell":false},{"id":189688,"fee":8,"payed":0,"st":0,"pl":128000,"dl":0,"sp":7,"cp":1,"subp":1,"cs":false,"maxbr":999000,"fl":128000,"toast":false,"flag":4,"preSell":false},{"id":376417,"fee":8,"payed":0,"st":0,"pl":128000,"dl":0,"sp":7,"cp":1,"subp":1,"cs":false,"maxbr":999000,"fl":128000,"toast":false,"flag":128,"preSell":false},{"id":387948,"fee":8,"payed":0,"st":0,"pl":128000,"dl":0,"sp":7,"cp":1,"subp":1,"cs":false,"maxbr":320000,"fl":128000,"toast":false,"flag":0,"preSell":false},{"id":5281327,"fee":8,"payed":0,"st":0,"pl":128000,"dl":0,"sp":7,"cp":1,"subp":1,"cs":false,"maxbr":999000,"fl":128000,"toast":false,"flag":128,"preSell":false}]}