{"playlist":{"subscribers":[],"subscribed":false,"creator":{"defaultAvatar":false,"province":440000,"authStatus":1,"followed":false,"avatarUrl":"http://p1.music.126.net/ps6WTvt1FnbOoYvUPDdzOA==/3394192433248383.jpg","accountStatus":0,"gender":2,"city":440100,"birthday":1347033600000,"userId":201586,"userType":4,"nickname":"原创君","signature":"关注我，聆听更多有质感的原创音乐。点击专栏可浏览更多音乐人精彩专题和独家专访。想要成为网易音乐人？在云音乐网页版导航点击音乐人进入申请即可。","description":"","detailDescription":"","avatarImgId":3394192433248383,"backgroundImgId":109951163521987363,"backgroundUrl":"http://p1.music.126.net/6WOd8M2uPlfuu9TCiBCSMw==/109951163521987363.jpg","authority":0,"mutual":false,"expertTags":null,"experts":null,"djStatus":0,"vipType":11,"remarkName":null,"avatarImgIdStr":"3394192433248383","backgroundImgIdStr":"109951163521987363"},"tracks":[{"name":"从头","id":1308818167,"pst":0,"t":0,"ar":[{"id":1007170,"name":"陈粒","tns":[],"alias":[]}],"alia":[],"pop":100.0,"st":0,"rt":null,"fee":8,"v":1,"crbt":null,"cf":"","al":{"id":72794957,"name":"从头","picUrl":"http://p1.music.126.net/ewafe5uApGKwX7o9c8Ygag==/109951163544830874.jpg","tns":[],"pic_str":"109951163544830874","pic":109951163544830874},"dt":208370,"h":{"br":320000,"fid":0,"size":8337285,"vd":-4.0},"m":{"br":192000,"fid":0,"size":5002388,"vd":-3.0},"l":{"br":128000,"fid":0,"size":3334940,"vd":-3.0},"a":null,"cd":"","no":0,"rtUrl":null,"ftype":0,"rtUrls":[],"djId":0,"copyright":0,"s_id":0,"rtype":0,"rurl":null,"mst":9,"cp":723017,"mv":0,"publishTime":1536681600007},{"name":"不相忘","id":1308782890,"pst":0,"t":0,"ar":[{"id":12270575,"name":"孟凡明","tns":[],"alias":[]}],"alia":[],"pop":100.0,"st":0,"rt":null,"fee":8,"v":1,"crbt":null,"cf":"","al":{"id":72798110,"name":"不相忘","picUrl":"http://p1.music.126.net/_aL-MLu2acps10hFPXFomQ==/109951163549448466.jpg","tns":[],"pic_str":"109951163549448466","pic":109951163549448466},"dt":242165,"h":{"br":320000,"fid":0,"size":9689382,"vd":0.0},"m":{"br":192000,"fid":0,"size":5813647,"vd":0.0},"l":{"br":128000,"fid":0,"size":3875779,"vd":0.0},"a":null,"cd":"","no":1,"rtUrl":null,"ftype":0,"rtUrls":[],"djId":0,"copyright":0,"s_id":0,"rtype":0,"rurl":null,"mst":9,"cp":0,"mv":0,"publishTime":1537113600007},{"name":"霓虹","id":1306496592,"pst":0,"t":0,"ar":[{"id":1197168,"name":"徐秉龙","tns":[],"alias":[]}],"alia":[],"pop":100.0,"st":0,"rt":null,"fee":8,"v":1,"crbt":null,"cf":"","al":{"id":72796777,"name":"霓虹","picUrl":"http://p1.music.126.net/4mZ_5xDnkK4o9mrNlifUzQ==/109951163535069615.jpg","tns":[],"pic_str":"109951163535069615","pic":109951163535069615},"dt":280375,"h":{"br":320000,"fid":0,"size":11218068,"vd":-2.0},"m":{"br":192000,"fid":0,"size":6730858,"vd":-2.0},"l":{"br":128000,"fid":0,"size":4487253,"vd":-2.0},"a":null,"cd":"","no":0,"rtUrl":null,"ftype":0,"rtUrls":[],"djId":0,"copyright":0,"s_id":0,"rtype":0,"rurl":null,"mst":9,"cp":0,"mv":0,"publishTime":1536422400007},{"name":"醒来","id":1308818704,"pst":0,"t":0,"ar":[{"id":12356252,"name":"臧鸿飞","tns":[],"alias":[]}],"alia":[],"pop":100.0,"st":0,"rt":null,"fee":8,"v":1,"crbt":null,"cf":"","al":{"id":72796137,"name":"醒来","picUrl":"http://p1.music.126.net/wuC86565mkvprwuweCIAXg==/109951163548997665.jpg","tns":[],"pic_str":"109951163548997665","pic":109951163548997665},"dt":190344,"h":{"br":320000,"fid":0,"size":7616305,"vd":-2.0},"m":{"br":192000,"fid":0,"size":4569800,"vd":-2.0},"l":{"br":128000,"fid":0,"size":3046548,"vd":-2.0},"a":null,"cd":"","no":1,"rtUrl":null,"ftype":0,"rtUrls":[],"djId":0,"copyright":2,"s_id":0,"rtype":0,"rurl":null,"mst":9,"cp":456010,"mv":0,"publishTime":1536940800007},{"name":"唱给你的歌","id":1306496074,"pst":0,"t":0,"ar":[{"id":1197118,"name":"大宽","tns":[],"alias":[]},{"id":12386886,"name":"余声乐队","tns":[],"alias":[]}],"alia":[],"pop":100.0,"st":0,"rt":null,"fee":8,"v":8,"crbt":null,"cf":"","al":{"id":72797633,"name":"唱给你的歌","picUrl":"http://p1.music.126.net/SUzn2C3AVJXk9pXmInlVoQ==/109951163531545697.jpg","tns":[],"pic_str":"109951163531545697","pic":109951163531545697},"dt":267373,"h":{"br":320000,"fid":0,"size":10697709,"vd":0.0},"m":{"br":192000,"fid":0,"size":6418643,"vd":0.0},"l":{"br":128000,"fid":0,"size":4279110,"vd":0.0},"a":null,"cd":"","no":1,"rtUrl":null,"ftype":0,"rtUrls":[],"djId":0,"copyright":1,"s_id":0,"rtype":0,"rurl":null,"mst":9,"cp":0,"mv":0,"publishTime":1536249600007},{"name":"英雄结局","id":1303027044,"pst":0,"t":0,"ar":[{"id":12038239,"name":"裘德","tns":[],"alias":[]}],"alia":[],"pop":100.0,"st":0,"rt":null,"fee":8,"v":11,"crbt":null,"cf":"","al":{"id":72385622,"name":"科幻男孩","picUrl":"http://p1.music.126.net/qEy9AH57_kNISZkGVTQgeA==/109951163470718747.jpg","tns":[],"pic_str":"109951163470718747","pic":109951163470718747},"dt":275407,"h":{"br":320000,"fid":0,"size":11018493,"vd":0.0},"m":{"br":192000,"fid":0,"size":6611113,"vd":0.0},"l":{"br":128000,"fid":0,"size":4407423,"vd":0.0},"a":null,"cd":"","no":2,"rtUrl":null,"ftype":0,"rtUrls":[],"djId":0,"copyright":2,"s_id":0,"rtype":0,"rurl":null,"mst":9,"cp":0,"mv":0,"publishTime":1534780800007},{"name":"晓","id":1309175483,"pst":0,"t":0,"ar":[{"id":12328188,"name":"夏小桐","tns":[],"alias":[]}],"alia":[],"pop":100.0,"st":0,"rt":null,"fee":0,"v":5,"crbt":null,"cf":"","al":{"id":73167390,"name":"晓","picUrl":"http://p1.music.126.net/658-DYWE63RUtTel-78JhQ==/109951163545295936.jpg","tns":[],"pic_str":"109951163545295936","pic":109951163545295936},"dt":300009,"h":{"br":320000,"fid":0,"size":12002787,"vd":0.0},"m":{"br":192000,"fid":0,"size":7201689,"vd":0.0},"l":{"br":128000,"fid":0,"size":4801141,"vd":0.0},"a":null,"cd":"","no":1,"rtUrl":null,"ftype":0,"rtUrls":[],"djId":0,"copyright":0,"s_id":0,"rtype":0,"rurl":null,"mst":9,"cp":0,"mv":0,"publishTime":1536710400000},{"name":"成片白鸥掠过","id":1308782384,"pst":0,"t":0,"ar":[{"id":975482,"name":"燕池","tns":[],"alias":[]}],"alia":["电影《爱猫之城》中文宣传曲"],"pop":100.0,"st":0,"rt":null,"fee":8,"v":4,"crbt":null,"cf":"","al":{"id":72795004,"name":"成片白鸥掠过","picUrl":"http://p1.music.126.net/mpcdKWJ9s2F_uooeRqRoDw==/109951163546310534.jpg","tns":[],"pic_str":"109951163546310534","pic":109951163546310534},"dt":280261,"h":{"br":320000,"fid":0,"size":11212844,"vd":0.0},"m":{"br":192000,"fid":0,"size":6727724,"vd":0.0},"l":{"br":128000,"fid":0,"size":4485164,"vd":0.0},"a":null,"cd":"","no":0,"rtUrl":null,"ftype":0,"rtUrls":[],"djId":0,"copyright":0,"s_id":0,"rtype":0,"rurl":null,"mst":9,"cp":0,"mv":0,"publishTime":1536681600007},{"name":"桂花陈酒","id":1310937368,"pst":0,"t":0,"ar":[{"id":12099108,"name":"司徒骏文","tns":[],"alias":[]}],"alia":[],"pop":100.0,"st":0,"rt":null,"fee":0,"v":3,"crbt":null,"cf":"","al":{"id":73396763,"name":"桂花陈酒","picUrl":"http://p1.music.126.net/EnitCxLvjzgm-YOt6JCjdw==/109951163556772183.jpg","tns":[],"pic_str":"109951163556772183","pic":109951163556772183},"dt":381178,"h":{"br":320000,"fid":0,"size":15249285,"vd":-1.0},"m":{"br":192000,"fid":0,"size":9149588,"vd":-1.0},"l":{"br":128000,"fid":0,"size":6099740,"vd":-1.0},"a":null,"cd":"","no":1,"rtUrl":null,"ftype":0,"rtUrls":[],"djId":0,"copyright":0,"s_id":0,"rtype":0,"rurl":null,"mst":9,"cp":0,"mv":0,"publishTime":1537200000000},{"name":"身份","id":1307633091,"pst":0,"t":0,"ar":[{"id":12027337,"name":"许任一","tns":[],"alias":[]}],"alia":[],"pop":100.0,"st":0,"rt":null,"fee":8,"v":12,"crbt":null,"cf":"","al":{"id":72941168,"name":"身份 Identity","picUrl":"http://p1.music.126.net/JtkH0WFkL9NFpH79SQpTTw==/109951163535118651.jpg","tns":[],"pic_str":"109951163535118651","pic":109951163535118651},"dt":257580,"h":{"br":320000,"fid":0,"size":10305872,"vd":-2.0},"m":{"br":192000,"fid":0,"size":6183541,"vd":-2.0},"l":{"br":128000,"fid":0,"size":4122375,"vd":-2.0},"a":null,"cd":"","no":1,"rtUrl":null,"ftype":0,"rtUrls":[],"djId":0,"copyright":0,"s_id":0,"rtype":0,"rurl":null,"mst":9,"cp":0,"mv":0,"publishTime":1536073200000},{"name":"哑巴","id":1308782053,"pst":0,"t":0,"ar":[{"id":1032247,"name":"赵钶","tns":[],"alias":[]}],"alia":[],"pop":100.0,"st":0,"rt":null,"fee":8,"v":2,"crbt":null,"cf":"","al":{"id":72796931,"name":"哑巴","picUrl":"http://p1.music.126.net/0KEmpRgT4Isp4hsyLxsrYw==/109951163543382263.jpg","tns":[],"pic_str":"109951163543382263","pic":109951163543382263},"dt":323206,"h":{"br":320000,"fid":0,"size":12930656,"vd":-1.0},"m":{"br":192000,"fid":0,"size":7758411,"vd":-1.0},"l":{"br":128000,"fid":0,"size":5172288,"vd":0.0},"a":null,"cd":"","no":0,"rtUrl":null,"ftype":0,"rtUrls":[],"djId":0,"copyright":0,"s_id":0,"rtype":0,"rurl":null,"mst":9,"cp":760012,"mv":0,"publishTime":1536508800007},{"name":"多嘴 (Live)","id":1309901038,"pst":0,"t":0,"ar":[{"id":1058228,"name":"陈鸿宇","tns":[],"alias":[]}],"alia":[],"pop":100.0,"st":0,"rt":null,"fee":0,"v":3,"crbt":null,"cf":"","al":{"id":73327621,"name":"2018与荒野音乐会LIVE专辑","picUrl":"http://p1.music.126.net/mbQ_rbmhQcpPFR8rUXxlWA==/109951163549581981.jpg","tns":[],"pic_str":"109951163549581981","pic":109951163549581981},"dt":236800,"h":{"br":320000,"fid":0,"size":9474133,"vd":0.0},"m":{"br":192000,"fid":0,"size":5684497,"vd":0.0},"l":{"br":128000,"fid":0,"size":3789679,"vd":0.0},"a":null,"cd":"","no":3,"rtUrl":null,"ftype":0,"rtUrls":[],"djId":0,"copyright":0,"s_id":0,"rtype":0,"rurl":null,"mst":9,"cp":414011,"mv":10781521,"publishTime":1537113600007},{"name":"给你煮面","id":1309120729,"pst":0,"t":0,"ar":[{"id":187903,"name":"Mc光光","tns":[],"alias":[]}],"alia":[],"pop":100.0,"st":0,"rt":null,"fee":0,"v":12,"crbt":null,"cf":"","al":{"id":73151463,"name":"卧室 2.0","picUrl":"http://p1.music.126.net/T8cmfSyW3fUrbFnPILDHkw==/109951163546033856.jpg","tns":[],"pic_str":"109951163546033856","pic":109951163546033856},"dt":257787,"h":{"br":320000,"fid":0,"size":10314231,"vd":-2.0},"m":{"br":192000,"fid":0,"size":6188556,"vd":-2.0},"l":{"br":128000,"fid":0,"size":4125719,"vd":-2.0},"a":null,"cd":"","no":1,"rtUrl":null,"ftype":0,"rtUrls":[],"djId":0,"copyright":0,"s_id":0,"rtype":0,"rurl":null,"mst":9,"cp":0,"mv":10780291,"publishTime":1536595200000},{"name":"固执的青春","id":1309730928,"pst":0,"t":0,"ar":[{"id":13111159,"name":"姜铭杨","tns":[],"alias":[]}],"alia":[],"pop":100.0,"st":0,"rt":null,"fee":0,"v":5,"crbt":null,"cf":"","al":{"id":73297747,"name":"固执的青春","picUrl":"http://p1.music.126.net/Ub8uyRROGmWLS0Dz2hzlbA==/109951163549063401.jpg","tns":[],"pic_str":"109951163549063401","pic":109951163549063401},"dt":196113,"h":{"br":320000,"fid":0,"size":7847227,"vd":0.0},"m":{"br":192000,"fid":0,"size":4708354,"vd":0.0},"l":{"br":128000,"fid":0,"size":3138917,"vd":0.0},"a":null,"cd":"","no":1,"rtUrl":null,"ftype":0,"rtUrls":[],"djId":0,"copyright":0,"s_id":0,"rtype":0,"rurl":null,"mst":9,"cp":0,"mv":0,"publishTime":1536854400000},{"name":"情书","id":1310971373,"pst":0,"t":0,"ar":[{"id":12059017,"name":"雷智皓","tns":[],"alias":[]}],"alia":[],"pop":100.0,"st":0,"rt":null,"fee":0,"v":8,"crbt":null,"cf":"","al":{"id":73396811,"name":"情书(Single album)","picUrl":"http://p1.music.126.net/c7FtanZ2cKFH4Z4fCNISjA==/109951163557022505.jpg","tns":[],"pic_str":"109951163557022505","pic":109951163557022505},"dt":213514,"h":{"br":320000,"fid":0,"size":8543129,"vd":0.0},"m":{"br":192000,"fid":0,"size":5125895,"vd":0.0},"l":{"br":128000,"fid":0,"size":3417278,"vd":0.0},"a":null,"cd":"","no":1,"rtUrl":null,"ftype":0,"rtUrls":[],"djId":0,"copyright":0,"s_id":0,"rtype":0,"rurl":null,"mst":9,"cp":0,"mv":0,"publishTime":1537228800000},{"name":"给我来点辣","id":1309397439,"pst":0,"t":0,"ar":[{"id":12084020,"name":"嘿人李逵Noisemakers","tns":[],"alias":[]},{"id":12964721,"name":"Dracula.zy","tns":[],"alias":[]}],"alia":[],"pop":95.0,"st":0,"rt":null,"fee":8,"v":7,"crbt":null,"cf":"","al":{"id":73259628,"name":"给我来点辣","picUrl":"http://p1.music.126.net/-r9-I9fh_Xex1Mwasgi_6Q==/109951163546492519.jpg","tns":[],"pic_str":"109951163546492519","pic":109951163546492519},"dt":217849,"h":{"br":320000,"fid":0,"size":8716582,"vd":-1.0},"m":{"br":192000,"fid":0,"size":5229967,"vd":-1.0},"l":{"br":128000,"fid":0,"size":3486659,"vd":-1.0},"a":null,"cd":"","no":1,"rtUrl":null,"ftype":0,"rtUrls":[],"djId":0,"copyright":0,"s_id":0,"rtype":0,"rurl":null,"mst":9,"cp":0,"mv":0,"publishTime":1536681600000},{"name":"盛开生命的花朵","id":1309396042,"pst":0,"t":0,"ar":[{"id":1132727,"name":"翻糖乐队","tns":[],"alias":[]}],"alia":[],"pop":100.0,"st":0,"rt":null,"fee":0,"v":4,"crbt":null,"cf":"","al":{"id":73167576,"name":"盛开生命的花朵","picUrl":"http://p1.music.126.net/3XVM4SvcPbmmfv4SczekLA==/109951163546455469.jpg","tns":[],"pic_str":"109951163546455469","pic":109951163546455469},"dt":366585,"h":{"br":320000,"fid":0,"size":14666231,"vd":-1.0},"m":{"br":192000,"fid":0,"size":8799756,"vd":-1.0},"l":{"br":128000,"fid":0,"size":5866519,"vd":-1.0},"a":null,"cd":"","no":1,"rtUrl":null,"ftype":0,"rtUrls":[],"djId":0,"copyright":0,"s_id":0,"rtype":0,"rurl":null,"mst":9,"cp":0,"mv":0,"publishTime":1536710400000},{"name":"泡面宣言","id":1309901384,"pst":0,"t":0,"ar":[{"id":7122,"name":"阿肆","tns":[],"alias":[]}],"alia":["汤达人元气音乐节主题曲"],"pop":100.0,"st":0,"rt":null,"fee":0,"v":1,"crbt":null,"cf":"","al":{"id":73327697,"name":"泡面宣言","picUrl":"http://p1.music.126.net/hWSuUiGHy2h7dw0P2s-ydQ==/109951163555337978.jpg","tns":[],"pic_str":"109951163555337978","pic":109951163555337978},"dt":197738,"h":{"br":320000,"fid":0,"size":7912011,"vd":-1.0},"m":{"br":192000,"fid":0,"size":4747224,"vd":-1.0},"l":{"br":128000,"fid":0,"size":3164831,"vd":-1.0},"a":null,"cd":"","no":0,"rtUrl":null,"ftype":0,"rtUrls":[],"djId":0,"copyright":0,"s_id":0,"rtype":0,"rurl":null,"mst":9,"cp":1405819,"mv":0,"publishTime":1537200000007},{"name":"通过验证","id":1306496663,"pst":0,"t":0,"ar":[{"id":12127564,"name":"艾福杰尼","tns":[],"alias":[]}],"alia":[],"pop":100.0,"st":0,"rt":null,"fee":0,"v":1,"crbt":null,"cf":"","al":{"id":72797791,"name":"通过验证","picUrl":"http://p1.music.126.net/IRWuy_vihVj6CX9o9AKcmQ==/109951163536411219.jpg","tns":[],"pic_str":"109951163536411219","pic":109951163536411219},"dt":217981,"h":{"br":320000,"fid":0,"size":8721807,"vd":-1.0},"m":{"br":192000,"fid":0,"size":5233102,"vd":-1.0},"l":{"br":128000,"fid":0,"size":3488749,"vd":-1.0},"a":null,"cd":"","no":0,"rtUrl":null,"ftype":0,"rtUrls":[],"djId":0,"copyright":0,"s_id":0,"rtype":0,"rurl":null,"mst":9,"cp":659011,"mv":0,"publishTime":1536249600007,"tns":["She Answered"]},{"name":"盗将行","id":574566207,"pst":0,"t":0,"ar":[{"id":8103,"name":"花粥","tns":[],"alias":[]},{"id":826336,"name":"马雨阳","tns":[],"alias":[]}],"alia":[],"pop":100.0,"st":0,"rt":null,"fee":8,"v":8,"crbt":null,"cf":"","al":{"id":39752444,"name":"粥请客（二）","picUrl":"http://p1.music.126.net/-qHPT3rhxDlu5zQV9NcQ-A==/109951163555860423.jpg","tns":[],"pic_str":"109951163555860423","pic":109951163555860423},"dt":198126,"h":{"br":320000,"fid":0,"size":7927685,"vd":-2.0},"m":{"br":192000,"fid":0,"size":4756628,"vd":-2.0},"l":{"br":128000,"fid":0,"size":3171100,"vd":-2.0},"a":null,"cd":"","no":1,"rtUrl":null,"ftype":0,"rtUrls":[],"djId":0,"copyright":0,"s_id":0,"rtype":0,"rurl":null,"mst":9,"cp":0,"mv":0,"publishTime":1529366400000},{"name":"可能否","id":569214126,"pst":0,"t":0,"ar":[{"id":12037229,"name":"木小雅","tns":[],"alias":[]}],"alia":[],"pop":100.0,"st":0,"rt":null,"fee":8,"v":12,"crbt":null,"cf":"","al":{"id":39483016,"name":"可能否","picUrl":"http://p1.music.126.net/SJYnDay7wgewU3O7tPfmOQ==/109951163322541581.jpg","tns":[],"pic_str":"109951163322541581","pic":109951163322541581},"dt":227899,"h":{"br":320000,"fid":0,"size":9118868,"vd":0.0},"m":{"br":192000,"fid":0,"size":5471338,"vd":0.0},"l":{"br":128000,"fid":0,"size":3647573,"vd":0.0},"a":null,"cd":"","no":1,"rtUrl":null,"ftype":0,"rtUrls":[],"djId":0,"copyright":2,"s_id":0,"rtype":0,"rurl":null,"mst":9,"cp":748010,"mv":0,"publishTime":1527609600007},{"name":"往后余生","id":557584888,"pst":0,"t":0,"ar":[{"id":13609637,"name":"马良","tns":[],"alias":[]}],"alia":[],"pop":100.0,"st":0,"rt":null,"fee":8,"v":3,"crbt":null,"cf":"","al":{"id":38594296,"name":"往后余生","picUrl":"http://p1.music.126.net/VY-LfiQZZNjtDBHGmEu85A==/109951163300149472.jpg","tns":[],"pic_str":"109951163300149472","pic":109951163300149472},"dt":195925,"h":{"br":320000,"fid":0,"size":7839913,"vd":-1.0},"m":{"br":192000,"fid":0,"size":4703965,"vd":-1.0},"l":{"br":128000,"fid":0,"size":3135991,"vd":0.0},"a":null,"cd":"","no":0,"rtUrl":null,"ftype":0,"rtUrls":[],"djId":0,"copyright":2,"s_id":0,"rtype":0,"rurl":null,"mst":9,"cp":0,"mv":0,"publishTime":1526400000007},{"name":"给陌生的你听 ","id":562594322,"pst":0,"t":0,"ar":[{"id":12050057,"name":"G.G(张思源)","tns":[],"alias":[]}],"alia":[],"pop":100.0,"st":0,"rt":null,"fee":8,"v":6,"crbt":null,"cf":"","al":{"id":38983111,"name":"给陌生的你听 ","picUrl":"http://p1.music.126.net/LMPuItVrjn1Vi5c8vZZ90Q==/109951163309729098.jpg","tns":[],"pic_str":"109951163309729098","pic":109951163309729098},"dt":196407,"h":{"br":320000,"fid":0,"size":7858721,"vd":-1.0},"m":{"br":192000,"fid":0,"size":4715250,"vd":-1.0},"l":{"br":128000,"fid":0,"size":3143515,"vd":-1.0},"a":null,"cd":"","no":0,"rtUrl":null,"ftype":0,"rtUrls":[],"djId":0,"copyright":0,"s_id":0,"rtype":0,"rurl":null,"mst":9,"cp":760012,"mv":0,"publishTime":1526918400007},{"name":"醒着醉","id":571338083,"pst":0,"t":0,"ar":[{"id":13609637,"name":"马良","tns":[],"alias":[]}],"alia":[],"pop":100.0,"st":0,"rt":null,"fee":8,"v":1,"crbt":null,"cf":"","al":{"id":39591023,"name":"醒着醉","picUrl":"http://p1.music.126.net/g-tbzhZCU2opvigyB2g_Qg==/109951163334448121.jpg","tns":[],"pic_str":"109951163334448121","pic":109951163334448121},"dt":228864,"h":{"br":320000,"fid":0,"size":9157529,"vd":0.0},"m":{"br":192000,"fid":0,"size":5494535,"vd":0.0},"l":{"br":128000,"fid":0,"size":3663038,"vd":0.0},"a":null,"cd":"","no":0,"rtUrl":null,"ftype":0,"rtUrls":[],"djId":0,"copyright":0,"s_id":0,"rtype":0,"rurl":null,"mst":9,"cp":0,"mv":0,"publishTime":1528214400007},{"name":"心事","id":1294899029,"pst":0,"t":0,"ar":[{"id":1197168,"name":"徐秉龙","tns":[],"alias":[]}],"alia":[],"pop":100.0,"st":0,"rt":null,"fee":8,"v":11,"crbt":null,"cf":"","al":{"id":71855800,"name":"零零","picUrl":"http://p1.music.126.net/UsKpjjfYFBRz9FH_FyWL3w==/109951163414549268.jpg","tns":[],"pic_str":"109951163414549268","pic":109951163414549268},"dt":224000,"h":{"br":320000,"fid":0,"size":8962133,"vd":-1.0},"m":{"br":192000,"fid":0,"size":5377297,"vd":-1.0},"l":{"br":128000,"fid":0,"size":3584879,"vd":-1.0},"a":null,"cd":"","no":1,"rtUrl":null,"ftype":0,"rtUrls":[],"djId":0,"copyright":0,"s_id":0,"rtype":0,"rurl":null,"mst":9,"cp":0,"mv":10752156,"publishTime":1532102400007},{"name":"说书人","id":1303019637,"pst":0,"t":0,"ar":[{"id":1198010,"name":"暗杠","tns":[],"alias":[]},{"id":28868804,"name":"寅子","tns":[],"alias":[]}],"alia":[],"pop":100.0,"st":0,"rt":null,"fee":8,"v":6,"crbt":null,"cf":"","al":{"id":72385845,"name":"说书人","picUrl":"http://p1.music.126.net/X9-wFEy1DfWOx5R2iCXqIg==/109951163509761545.jpg","tns":[],"pic_str":"109951163509761545","pic":109951163509761545},"dt":179200,"h":{"br":320000,"fid":0,"size":7170133,"vd":-1.0},"m":{"br":192000,"fid":0,"size":4302097,"vd":-1.0},"l":{"br":128000,"fid":0,"size":2868079,"vd":-1.0},"a":null,"cd":"","no":1,"rtUrl":null,"ftype":0,"rtUrls":[],"djId":0,"copyright":1,"s_id":0,"rtype":0,"rurl":null,"mst":9,"cp":0,"mv":10770032,"publishTime":1535040000007},{"name":"房间 (新版)","id":562598081,"pst":0,"t":0,"ar":[{"id":840134,"name":"刘瑞琦","tns":[],"alias":[]}],"alia":["电影《超时空同居》插曲"],"pop":100.0,"st":0,"rt":null,"fee":8,"v":8,"crbt":null,"cf":"","al":{"id":38983034,"name":"房间 (新版)","picUrl":"http://p1.music.126.net/F5x7VgIRu_awduoWu2sDeA==/109951163302871673.jpg","tns":[],"pic_str":"109951163302871673","pic":109951163302871673},"dt":241904,"h":{"br":320000,"fid":0,"size":9678933,"vd":0.0},"m":{"br":192000,"fid":0,"size":5807377,"vd":0.0},"l":{"br":128000,"fid":0,"size":3871599,"vd":0.0},"a":null,"cd":"","no":1,"rtUrl":null,"ftype":0,"rtUrls":[],"djId":0,"copyright":0,"s_id":0,"rtype":0,"rurl":null,"mst":9,"cp":405024,"mv":5913083,"publishTime":1526572800007},{"name":"梦回神都","id":1309903374,"pst":0,"t":0,"ar":[{"id":1030001,"name":"周深","tns":[],"alias":[]}],"alia":["《神都夜行录》游戏宣传曲"],"pop":100.0,"st":0,"rt":null,"fee":0,"v":13,"crbt":null,"cf":"","al":{"id":72796241,"name":"神都夜行录","picUrl":"http://p1.music.126.net/7hK8-d4jtYMC--0QsFFh1A==/109951163556344948.jpg","tns":[],"pic_str":"109951163556344948","pic":109951163556344948},"dt":348438,"h":{"br":320000,"fid":0,"size":13940027,"vd":0.0},"m":{"br":192000,"fid":0,"size":8364034,"vd":0.0},"l":{"br":128000,"fid":0,"size":5576037,"vd":0.0},"a":null,"cd":"","no":1,"rtUrl":null,"ftype":0,"rtUrls":[],"djId":0,"copyright":2,"s_id":0,"rtype":0,"rurl":null,"mst":9,"cp":500016,"mv":10788019,"publishTime":1537200000007},{"name":"最美的期待","id":862100828,"pst":0,"t":0,"ar":[{"id":189873,"name":"南征北战NZBZ","tns":[],"alias":[]}],"alia":[],"pop":100.0,"st":0,"rt":null,"fee":8,"v":3,"crbt":null,"cf":"","al":{"id":71612860,"name":"最美的期待","picUrl":"http://p1.music.126.net/fRZXMk6y-GD7v1gSryu-4A==/109951163381083877.jpg","tns":[],"pic_str":"109951163381083877","pic":109951163381083877},"dt":237936,"h":{"br":320000,"fid":0,"size":9520109,"vd":-4.0},"m":{"br":192000,"fid":0,"size":5712083,"vd":-3.0},"l":{"br":128000,"fid":0,"size":3808070,"vd":-3.0},"a":null,"cd":"","no":0,"rtUrl":null,"ftype":0,"rtUrls":[],"djId":0,"copyright":0,"s_id":0,"rtype":0,"rurl":null,"mst":9,"cp":459011,"mv":0,"publishTime":1530201600007},{"name":"你是我最愚蠢的一次浪漫","id":502103677,"pst":0,"t":0,"ar":[{"id":1050282,"name":"房东的猫","tns":[],"alias":[]}],"alia":[],"pop":100.0,"st":0,"rt":null,"fee":8,"v":23,"crbt":null,"cf":"","al":{"id":37989114,"name":"柔软","picUrl":"http://p1.music.126.net/oKH5VQ-uXbV94wSUuWVJ9w==/109951163204748231.jpg","tns":[],"pic_str":"109951163204748231","pic":109951163204748231},"dt":212465,"h":{"br":320000,"fid":0,"size":8501333,"vd":-2.0},"m":{"br":192000,"fid":0,"size":5100817,"vd":-2.0},"l":{"br":128000,"fid":0,"size":3400559,"vd":-2.0},"a":null,"cd":"1","no":7,"rtUrl":null,"ftype":0,"rtUrls":[],"djId":0,"copyright":2,"s_id":0,"rtype":0,"rurl":null,"mst":9,"cp":0,"mv":0,"publishTime":1522512000007},{"name":"摸摸它","id":1304302909,"pst":0,"t":0,"ar":[{"id":8103,"name":"花粥","tns":[],"alias":[]},{"id":12270575,"name":"孟凡明","tns":[],"alias":[]}],"alia":[],"pop":100.0,"st":0,"rt":null,"fee":8,"v":5,"crbt":null,"cf":"","al":{"id":72374170,"name":"粥请客（三）","picUrl":"http://p1.music.126.net/nCyMkjJZeBlLPRaBriVG1Q==/109951163497159572.jpg","tns":[],"pic_str":"109951163497159572","pic":109951163497159572},"dt":252500,"h":{"br":320000,"fid":0,"size":10103162,"vd":0.0},"m":{"br":192000,"fid":0,"size":6061915,"vd":0.0},"l":{"br":128000,"fid":0,"size":4041291,"vd":0.0},"a":null,"cd":"","no":1,"rtUrl":null,"ftype":0,"rtUrls":[],"djId":0,"copyright":0,"s_id":0,"rtype":0,"rurl":null,"mst":9,"cp":0,"mv":0,"publishTime":1534896000000},{"name":"离开你的城市后","id":863492743,"pst":0,"t":0,"ar":[{"id":12077204,"name":"陈壹千","tns":[],"alias":[]}],"alia":[],"pop":100.0,"st":0,"rt":null,"fee":0,"v":4,"crbt":null,"cf":"","al":{"id":71684967,"name":"离开你的城市后","picUrl":"http://p1.music.126.net/45634l0yUQ_sn9txSBYtwQ==/109951163381808991.jpg","tns":[],"pic_str":"109951163381808991","pic":109951163381808991},"dt":281216,"h":{"br":320000,"fid":0,"size":11251505,"vd":0.0},"m":{"br":192000,"fid":0,"size":6750920,"vd":0.0},"l":{"br":128000,"fid":0,"size":4500628,"vd":0.0},"a":null,"cd":"","no":1,"rtUrl":null,"ftype":0,"rtUrls":[],"djId":0,"copyright":0,"s_id":0,"rtype":0,"rurl":null,"mst":9,"cp":0,"mv":0,"publishTime":1530230400000},{"name":"少年行","id":1306496744,"pst":0,"t":0,"ar":[{"id":12084229,"name":"焦迈奇","tns":[],"alias":[]}],"alia":["超级剧集《天坑鹰猎》无畏版推广曲"],"pop":100.0,"st":0,"rt":null,"fee":8,"v":3,"crbt":null,"cf":"","al":{"id":72797827,"name":"少年行","picUrl":"http://p1.music.126.net/TOJHlzi9Id5voVXdRYdaEg==/109951163537711639.jpg","tns":[],"pic_str":"109951163537711639","pic":109951163537711639},"dt":215143,"h":{"br":320000,"fid":0,"size":8607913,"vd":0.0},"m":{"br":192000,"fid":0,"size":5164765,"vd":0.0},"l":{"br":128000,"fid":0,"size":3443191,"vd":0.0},"a":null,"cd":"","no":1,"rtUrl":null,"ftype":0,"rtUrls":[],"djId":0,"copyright":0,"s_id":0,"rtype":0,"rurl":null,"mst":9,"cp":1397819,"mv":10792036,"publishTime":1536422400007},{"name":"可不可以","id":862099184,"pst":0,"t":0,"ar":[{"id":188565,"name":"银临","tns":[],"alias":[]}],"alia":[],"pop":100.0,"st":0,"rt":null,"fee":0,"v":2,"crbt":null,"cf":"","al":{"id":71614679,"name":"可不可以","picUrl":"http://p1.music.126.net/9QiNsyeyywu372rSfXspPw==/109951163371434071.jpg","tns":[],"pic_str":"109951163371434071","pic":109951163371434071},"dt":260063,"h":{"br":320000,"fid":0,"size":10405138,"vd":0.0},"m":{"br":192000,"fid":0,"size":6243100,"vd":0.0},"l":{"br":128000,"fid":0,"size":4162081,"vd":0.0},"a":null,"cd":"","no":1,"rtUrl":null,"ftype":0,"rtUrls":[],"djId":0,"copyright":0,"s_id":0,"rtype":0,"rurl":null,"mst":9,"cp":0,"mv":10731048,"publishTime":1529683200007},{"name":"皇帝的新衣 (Skr)","id":1296645941,"pst":0,"t":0,"ar":[{"id":12002184,"name":"AR（刘夫阳）","tns":[],"alias":[]}],"alia":[],"pop":100.0,"st":0,"rt":null,"fee":0,"v":5,"crbt":null,"cf":"","al":{"id":71974550,"name":"皇帝的新衣 (Skr)","picUrl":"http://p1.music.126.net/TxwwIjyZxV7XbukRcDoRJA==/109951163426881993.jpg","tns":[],"pic_str":"109951163426881993","pic":109951163426881993},"dt":180055,"h":{"br":320000,"fid":0,"size":7204615,"vd":-1.0},"m":{"br":192000,"fid":0,"size":4322786,"vd":-1.0},"l":{"br":128000,"fid":0,"size":2881872,"vd":-1.0},"a":null,"cd":"","no":1,"rtUrl":null,"ftype":0,"rtUrls":[],"djId":0,"copyright":0,"s_id":0,"rtype":0,"rurl":null,"mst":9,"cp":0,"mv":0,"publishTime":1532534400000},{"name":"TIME","id":554244265,"pst":0,"t":0,"ar":[{"id":12199576,"name":"小青龙","tns":[],"alias":[]}],"alia":[],"pop":100.0,"st":0,"rt":null,"fee":0,"v":1,"crbt":null,"cf":"","al":{"id":38433089,"name":"TIME","picUrl":"http://p1.music.126.net/T6O30-wGjvMegKGaNgMR8w==/109951163265788016.jpg","tns":[],"pic_str":"109951163265788016","pic":109951163265788016},"dt":168670,"h":{"br":320000,"fid":0,"size":6749040,"vd":0.0},"m":{"br":192000,"fid":0,"size":4049441,"vd":0.0},"l":{"br":128000,"fid":0,"size":2699642,"vd":0.0},"a":null,"cd":"","no":0,"rtUrl":null,"ftype":0,"rtUrls":[],"djId":0,"copyright":0,"s_id":0,"rtype":0,"rurl":null,"mst":9,"cp":490040,"mv":0,"publishTime":1524585600007},{"name":"我说我当不了县长","id":1307411242,"pst":0,"t":0,"ar":[{"id":8103,"name":"花粥","tns":[],"alias":[]}],"alia":[],"pop":100.0,"st":0,"rt":null,"fee":0,"v":12,"crbt":null,"cf":"","al":{"id":72979643,"name":"粥串门（方仔）","picUrl":"http://p1.music.126.net/WDdfp5vtP_-ei2O4TP61YQ==/109951163533730845.jpg","tns":[],"pic_str":"109951163533730845","pic":109951163533730845},"dt":190000,"h":{"br":320000,"fid":0,"size":7602721,"vd":0.0},"m":{"br":192000,"fid":0,"size":4561650,"vd":0.0},"l":{"br":128000,"fid":0,"size":3041115,"vd":0.0},"a":null,"cd":"","no":1,"rtUrl":null,"ftype":0,"rtUrls":[],"djId":0,"copyright":0,"s_id":0,"rtype":0,"rurl":null,"mst":9,"cp":0,"mv":0,"publishTime":1536019200000},{"name":"这是你想要的生活吗","id":1297750680,"pst":0,"t":0,"ar":[{"id":1050282,"name":"房东的猫","tns":[],"alias":[]}],"alia":[],"pop":100.0,"st":0,"rt":null,"fee":8,"v":10,"crbt":null,"cf":"","al":{"id":72072835,"name":"这是你想要的生活吗","picUrl":"http://p1.music.126.net/XFdWXCIzKZPlWR_vJJYvPA==/109951163439964688.jpg","tns":[],"pic_str":"109951163439964688","pic":109951163439964688},"dt":244596,"h":{"br":320000,"fid":0,"size":9786558,"vd":1.0},"m":{"br":192000,"fid":0,"size":5871952,"vd":1.0},"l":{"br":128000,"fid":0,"size":3914649,"vd":1.0},"a":null,"cd":"","no":1,"rtUrl":null,"ftype":0,"rtUrls":[],"djId":0,"copyright":2,"s_id":0,"rtype":0,"rurl":null,"mst":9,"cp":1384819,"mv":0,"publishTime":1533312000007},{"name":"一生独一","id":572819430,"pst":0,"t":0,"ar":[{"id":12523349,"name":"卢焱","tns":[],"alias":[]}],"alia":[],"pop":100.0,"st":0,"rt":null,"fee":8,"v":12,"crbt":null,"cf":"","al":{"id":39654171,"name":"一生独一","picUrl":"http://p1.music.126.net/maCaAYM1GS5sl9SaBdgfTA==/109951163348574432.jpg","tns":[],"pic_str":"109951163348574432","pic":109951163348574432},"dt":249873,"h":{"br":320000,"fid":0,"size":9997627,"vd":0.0},"m":{"br":192000,"fid":0,"size":5998594,"vd":0.0},"l":{"br":128000,"fid":0,"size":3999077,"vd":0.0},"a":null,"cd":"","no":1,"rtUrl":null,"ftype":0,"rtUrls":[],"djId":0,"copyright":2,"s_id":0,"rtype":0,"rurl":null,"mst":9,"cp":0,"mv":0,"publishTime":1528761600000},{"name":"有人","id":1297750769,"pst":0,"t":0,"ar":[{"id":1032247,"name":"赵钶","tns":[],"alias":[]}],"alia":[],"pop":100.0,"st":0,"rt":null,"fee":8,"v":13,"crbt":null,"cf":"","al":{"id":72070880,"name":"有人","picUrl":"http://p1.music.126.net/Q14TNDAXb8DnXTl08wZD7Q==/109951163440240805.jpg","tns":[],"pic_str":"109951163440240805","pic":109951163440240805},"dt":254085,"h":{"br":320000,"fid":0,"size":10165856,"vd":-2.0},"m":{"br":192000,"fid":0,"size":6099531,"vd":-1.0},"l":{"br":128000,"fid":0,"size":4066368,"vd":-1.0},"a":null,"cd":"","no":1,"rtUrl":null,"ftype":0,"rtUrls":[],"djId":0,"copyright":2,"s_id":0,"rtype":0,"rurl":null,"mst":9,"cp":760012,"mv":0,"publishTime":1533225600007},{"name":"海盗船长2.0","id":571601379,"pst":0,"t":0,"ar":[{"id":8103,"name":"花粥","tns":[],"alias":[]},{"id":1032016,"name":"风子","tns":[],"alias":[]}],"alia":[],"pop":100.0,"st":0,"rt":null,"fee":8,"v":5,"crbt":null,"cf":"","al":{"id":39517921,"name":"粥请客（一）","picUrl":"http://p1.music.126.net/OqfOJEOTevVEafeMRfpq5g==/109951163336170259.jpg","tns":[],"pic_str":"109951163336170259","pic":109951163336170259},"dt":287573,"h":{"br":320000,"fid":0,"size":11505415,"vd":-1.0},"m":{"br":192000,"fid":0,"size":6903266,"vd":-1.0},"l":{"br":128000,"fid":0,"size":4602192,"vd":-1.0},"a":null,"cd":"","no":1,"rtUrl":null,"ftype":0,"rtUrls":[],"djId":0,"copyright":0,"s_id":0,"rtype":0,"rurl":null,"mst":9,"cp":0,"mv":0,"publishTime":1528243200000},{"name":"孤剑萧","id":1310137371,"pst":0,"t":0,"ar":[{"id":1047088,"name":"小魂","tns":[],"alias":[]}],"alia":[],"pop":100.0,"st":0,"rt":null,"fee":0,"v":6,"crbt":null,"cf":"","al":{"id":73295159,"name":"《孤剑萧》——君奉天同人曲","picUrl":"http://p1.music.126.net/KvltiCsAWO31U-Oy2auGkg==/109951163551264862.jpg","tns":[],"pic_str":"109951163551264862","pic":109951163551264862},"dt":217658,"h":{"br":320000,"fid":0,"size":8709268,"vd":0.0},"m":{"br":192000,"fid":0,"size":5225578,"vd":0.0},"l":{"br":128000,"fid":0,"size":3483733,"vd":0.0},"a":null,"cd":"","no":1,"rtUrl":null,"ftype":0,"rtUrls":[],"djId":0,"copyright":0,"s_id":0,"rtype":0,"rurl":null,"mst":9,"cp":0,"mv":10778421,"publishTime":1536940800000},{"name":"像我这样的人","id":569213220,"pst":0,"t":0,"ar":[{"id":12138269,"name":"毛不易","tns":[],"alias":[]}],"alia":[],"pop":100.0,"st":0,"rt":null,"fee":4,"v":87,"crbt":null,"cf":"","al":{"id":39483040,"name":"平凡的一天","picUrl":"http://p1.music.126.net/vmCcDvD1H04e9gm97xsCqg==/109951163350929740.jpg","tns":[],"pic_str":"109951163350929740","pic":109951163350929740},"dt":207466,"h":{"br":320000,"fid":0,"size":8301758,"vd":0.0},"m":{"br":192000,"fid":0,"size":4981072,"vd":0.0},"l":{"br":128000,"fid":0,"size":3320729,"vd":0.0},"a":null,"cd":"2","no":1,"rtUrl":null,"ftype":0,"rtUrls":[],"djId":0,"copyright":2,"s_id":0,"rtype":0,"rurl":null,"mst":9,"cp":755014,"mv":5959041,"publishTime":1530547200007},{"name":"你能看到我","id":1297743638,"pst":0,"t":0,"ar":[{"id":12065096,"name":"黄旭","tns":[],"alias":[]},{"id":1203045,"name":"艾热","tns":[],"alias":[]}],"alia":[],"pop":100.0,"st":0,"rt":null,"fee":0,"v":2,"crbt":null,"cf":"","al":{"id":72069827,"name":"你能看到我","picUrl":"http://p1.music.126.net/jsI2rnBaFm4jCOjQ7rnfew==/109951163439689555.jpg","tns":[],"pic_str":"109951163439689555","pic":109951163439689555},"dt":282711,"h":{"br":320000,"fid":0,"size":11311064,"vd":0.0},"m":{"br":192000,"fid":0,"size":6786656,"vd":0.0},"l":{"br":128000,"fid":0,"size":4524452,"vd":0.0},"a":null,"cd":"","no":0,"rtUrl":null,"ftype":0,"rtUrls":[],"djId":0,"copyright":0,"s_id":0,"rtype":0,"rurl":null,"mst":9,"cp":417014,"mv":0,"publishTime":1533312000007},{"name":"China-E","id":1304920086,"pst":0,"t":0,"ar":[{"id":1142042,"name":"徐梦圆","tns":[],"alias":[]}],"alia":[],"pop":100.0,"st":0,"rt":null,"fee":8,"v":2,"crbt":null,"cf":"","al":{"id":72607640,"name":"China-E","picUrl":"http://p1.music.126.net/tTH10cFyn0LKQh2FYJL9JQ==/109951163512571949.jpg","tns":[],"pic_str":"109951163512571949","pic":109951163512571949},"dt":204552,"h":{"br":320000,"fid":0,"size":8184729,"vd":0.0},"m":{"br":192000,"fid":0,"size":4910855,"vd":0.0},"l":{"br":128000,"fid":0,"size":3273918,"vd":0.0},"a":null,"cd":"","no":0,"rtUrl":null,"ftype":0,"rtUrls":[],"djId":0,"copyright":0,"s_id":0,"rtype":0,"rurl":null,"mst":9,"cp":673011,"mv":0,"publishTime":1535040000007},{"name":"彩虹下面","id":1295824647,"pst":0,"t":0,"ar":[{"id":6731,"name":"赵雷","tns":[],"alias":[]}],"alia":["电影《西虹市首富》推广曲"],"pop":100.0,"st":0,"rt":null,"fee":0,"v":17,"crbt":null,"cf":"","al":{"id":71883100,"name":"彩虹下面","picUrl":"http://p1.music.126.net/v3dWeCvmSOqPb4bzYCoA8w==/109951163425838987.jpg","tns":[],"pic_str":"109951163425838987","pic":109951163425838987},"dt":282880,"h":{"br":320000,"fid":0,"size":11317333,"vd":0.0},"m":{"br":192000,"fid":0,"size":6790417,"vd":0.0},"l":{"br":128000,"fid":0,"size":4526959,"vd":0.0},"a":null,"cd":"1","no":1,"rtUrl":null,"ftype":0,"rtUrls":[],"djId":0,"copyright":0,"s_id":0,"rtype":0,"rurl":null,"mst":9,"cp":745012,"mv":10739185,"publishTime":1532275200000},{"name":"只想对你好","id":1308778438,"pst":0,"t":0,"ar":[{"id":12094099,"name":"徐真真","tns":[],"alias":[]}],"alia":[],"pop":100.0,"st":0,"rt":null,"fee":8,"v":3,"crbt":null,"cf":"","al":{"id":72798010,"name":"只想对你好","picUrl":"http://p1.music.126.net/wLBbQ-iXlSZO2CB4GVh3Rg==/109951163546344353.jpg","tns":[],"pic_str":"109951163546344353","pic":109951163546344353},"dt":245760,"h":{"br":320000,"fid":0,"size":9832533,"vd":-2.0},"m":{"br":192000,"fid":0,"size":5899537,"vd":-1.0},"l":{"br":128000,"fid":0,"size":3933039,"vd":-1.0},"a":null,"cd":"","no":0,"rtUrl":null,"ftype":0,"rtUrls":[],"djId":0,"copyright":0,"s_id":0,"rtype":0,"rurl":null,"mst":9,"cp":530019,"mv":0,"publishTime":1536768000007},{"name":"迷途之中","id":503047809,"pst":0,"t":0,"ar":[{"id":1198113,"name":"李上安","tns":[],"alias":[]}],"alia":[],"pop":100.0,"st":0,"rt":null,"fee":8,"v":27,"crbt":null,"cf":"","al":{"id":71681536,"name":"慢","picUrl":"http://p1.music.126.net/_XrcPAzO50NZoMpk8FSEPw==/109951163385682767.jpg","tns":[],"pic_str":"109951163385682767","pic":109951163385682767},"dt":223500,"h":{"br":320000,"fid":0,"size":8942280,"vd":0.0},"m":{"br":192000,"fid":0,"size":5365386,"vd":0.0},"l":{"br":128000,"fid":0,"size":3576938,"vd":0.0},"a":null,"cd":"1","no":3,"rtUrl":null,"ftype":0,"rtUrls":[],"djId":0,"copyright":2,"s_id":0,"rtype":0,"rurl":null,"mst":9,"cp":0,"mv":0,"publishTime":1534780800007},{"name":"叶雪","id":1309703749,"pst":0,"t":0,"ar":[{"id":5001,"name":"简弘亦","tns":[],"alias":[]}],"alia":[],"pop":100.0,"st":0,"rt":null,"fee":0,"v":3,"crbt":null,"cf":"","al":{"id":73294730,"name":"成人书.叶雪","picUrl":"http://p1.music.126.net/68YyDafqmYnVU2ohJoD6eQ==/109951163548288257.jpg","tns":[],"pic_str":"109951163548288257","pic":109951163548288257},"dt":314725,"h":{"br":320000,"fid":0,"size":12592109,"vd":0.0},"m":{"br":192000,"fid":0,"size":7555283,"vd":0.0},"l":{"br":128000,"fid":0,"size":5036870,"vd":0.0},"a":null,"cd":"","no":1,"rtUrl":null,"ftype":0,"rtUrls":[],"djId":0,"copyright":0,"s_id":0,"rtype":0,"rurl":null,"mst":9,"cp":0,"mv":0,"publishTime":1536796800000},{"name":"满江红","id":1302091491,"pst":0,"t":0,"ar":[{"id":11358,"name":"大乔小乔","tns":[],"alias":[]}],"alia":[],"pop":100.0,"st":0,"rt":null,"fee":8,"v":1,"crbt":null,"cf":"","al":{"id":72300047,"name":"满江红","picUrl":"http://p1.music.126.net/kVDdAu68XWGL324vSQNH-A==/109951163469764943.jpg","tns":[],"pic_str":"109951163469764943","pic":109951163469764943},"dt":173635,"h":{"br":320000,"fid":0,"size":6947570,"vd":0.0},"m":{"br":192000,"fid":0,"size":4168560,"vd":0.0},"l":{"br":128000,"fid":0,"size":2779054,"vd":0.0},"a":null,"cd":"","no":0,"rtUrl":null,"ftype":0,"rtUrls":[],"djId":0,"copyright":0,"s_id":0,"rtype":0,"rurl":null,"mst":9,"cp":0,"mv":0,"publishTime":1536076800007},{"name":"Odyssey","id":1308818622,"pst":0,"t":0,"ar":[{"id":1047337,"name":"英雄联盟","tns":[],"alias":[]}],"alia":["\"奥德赛\"系列皮肤主题曲"],"pop":100.0,"st":0,"rt":null,"fee":0,"v":3,"crbt":null,"cf":"","al":{"id":72798058,"name":"Odyssey","picUrl":"http://p1.music.126.net/wPNmZyPLOWvgiQZoHX3YAQ==/109951163547777373.jpg","tns":[],"pic_str":"109951163547777373","pic":109951163547777373},"dt":200996,"h":{"br":320000,"fid":0,"size":8042623,"vd":-1.0},"m":{"br":192000,"fid":0,"size":4825591,"vd":0.0},"l":{"br":128000,"fid":0,"size":3217075,"vd":0.0},"a":null,"cd":"","no":1,"rtUrl":null,"ftype":0,"rtUrls":[],"djId":0,"copyright":0,"s_id":0,"rtype":0,"rurl":null,"mst":9,"cp":0,"mv":0,"publishTime":1536768000007},{"name":"天光之外","id":1306731693,"pst":0,"t":0,"ar":[{"id":3249,"name":"河图","tns":[],"alias":[]}],"alia":[],"pop":100.0,"st":0,"rt":null,"fee":0,"v":7,"crbt":null,"cf":"","al":{"id":72782008,"name":"天光之外","picUrl":"http://p1.music.126.net/a_avjhe1J_4FrVxldxCG2g==/109951163527984912.jpg","tns":[],"pic_str":"109951163527984912","pic":109951163527984912},"dt":235944,"h":{"br":320000,"fid":0,"size":9440697,"vd":-1.0},"m":{"br":192000,"fid":0,"size":5664435,"vd":0.0},"l":{"br":128000,"fid":0,"size":3776305,"vd":0.0},"a":null,"cd":"","no":1,"rtUrl":null,"ftype":0,"rtUrls":[],"djId":0,"copyright":0,"s_id":0,"rtype":0,"rurl":null,"mst":9,"cp":0,"mv":0,"publishTime":1535731200000},{"name":"Live girl","id":1309910072,"pst":0,"t":0,"ar":[{"id":12127154,"name":"吴海啸","tns":[],"alias":[]},{"id":12287780,"name":"前男友","tns":[],"alias":[]}],"alia":[],"pop":100.0,"st":0,"rt":null,"fee":0,"v":7,"crbt":null,"cf":"","al":{"id":73296870,"name":"Live girl","picUrl":"http://p1.music.126.net/jaDmOJDmSDd0xLfsQaovUA==/109951163549556384.jpg","tns":[],"pic_str":"109951163549556384","pic":109951163549556384},"dt":219506,"h":{"br":320000,"fid":0,"size":8782411,"vd":0.0},"m":{"br":192000,"fid":0,"size":5269464,"vd":0.0},"l":{"br":128000,"fid":0,"size":3512991,"vd":0.0},"a":null,"cd":"","no":1,"rtUrl":null,"ftype":0,"rtUrls":[],"djId":0,"copyright":0,"s_id":0,"rtype":0,"rurl":null,"mst":9,"cp":0,"mv":0,"publishTime":1536854400000},{"name":"蹦极","id":553815247,"pst":0,"t":0,"ar":[{"id":11257,"name":"C-BLOCK","tns":[],"alias":[]}],"alia":[],"pop":100.0,"st":0,"rt":null,"fee":8,"v":138,"crbt":null,"cf":"","al":{"id":38402011,"name":"淘金日记","picUrl":"http://p1.music.126.net/J42kK3VK1hNOLhj5_z7sBg==/109951163253190079.jpg","tns":[],"pic_str":"109951163253190079","pic":109951163253190079},"dt":210638,"h":{"br":320000,"fid":0,"size":8428191,"vd":0.0},"m":{"br":192000,"fid":0,"size":5056932,"vd":0.0},"l":{"br":128000,"fid":0,"size":3371302,"vd":0.0},"a":null,"cd":"","no":13,"rtUrl":null,"ftype":0,"rtUrls":[],"djId":0,"copyright":2,"s_id":0,"rtype":0,"rurl":null,"mst":9,"cp":721010,"mv":5876576,"publishTime":1524240000007},{"name":"你会不会请我喝瓶山城啤酒","id":1299570329,"pst":0,"t":0,"ar":[{"id":12205361,"name":"刘莱斯","tns":[],"alias":[]}],"alia":[],"pop":100.0,"st":0,"rt":null,"fee":8,"v":9,"crbt":null,"cf":"","al":{"id":72073039,"name":"你会不会请我喝瓶山城啤酒","picUrl":"http://p1.music.126.net/g13SsjiSA-PBqVS3bt6b4A==/109951163446824774.jpg","tns":[],"pic_str":"109951163446824774","pic":109951163446824774},"dt":297726,"h":{"br":320000,"fid":0,"size":11911880,"vd":-2.0},"m":{"br":192000,"fid":0,"size":7147146,"vd":-2.0},"l":{"br":128000,"fid":0,"size":4764778,"vd":-1.0},"a":null,"cd":"","no":0,"rtUrl":null,"ftype":0,"rtUrls":[],"djId":0,"copyright":0,"s_id":0,"rtype":0,"rurl":null,"mst":9,"cp":0,"mv":10779361,"publishTime":1533657600007},{"name":"情书","id":571340696,"pst":0,"t":0,"ar":[{"id":12111,"name":"旅行团","tns":[],"alias":[]}],"alia":[],"pop":100.0,"st":0,"rt":null,"fee":8,"v":9,"crbt":null,"cf":"","al":{"id":39721088,"name":"感+","picUrl":"http://p1.music.126.net/R_gFfTD39ZBRKa4wzMdbwg==/109951163366984006.jpg","tns":["Sense+"],"pic_str":"109951163366984006","pic":109951163366984006},"dt":244040,"h":{"br":320000,"fid":0,"size":9764615,"vd":0.0},"m":{"br":192000,"fid":0,"size":5858786,"vd":0.0},"l":{"br":128000,"fid":0,"size":3905872,"vd":0.0},"a":null,"cd":"","no":5,"rtUrl":null,"ftype":0,"rtUrls":[],"djId":0,"copyright":0,"s_id":0,"rtype":0,"rurl":null,"mst":9,"cp":36016,"mv":10781218,"publishTime":1528819200007,"tns":["Wishes"]},{"name":"开学典礼演讲","id":1308631043,"pst":0,"t":0,"ar":[{"id":12002184,"name":"AR（刘夫阳）","tns":[],"alias":[]}],"alia":[],"pop":100.0,"st":0,"rt":null,"fee":0,"v":8,"crbt":null,"cf":"","al":{"id":73166861,"name":"开学典礼演讲","picUrl":"http://p1.music.126.net/0gGLZs3MTLC8X1IWjDe0Xg==/109951163541902820.jpg","tns":[],"pic_str":"109951163541902820","pic":109951163541902820},"dt":188839,"h":{"br":320000,"fid":0,"size":7556746,"vd":-4.0},"m":{"br":192000,"fid":0,"size":4534065,"vd":-4.0},"l":{"br":128000,"fid":0,"size":3022724,"vd":-4.0},"a":null,"cd":"","no":1,"rtUrl":null,"ftype":0,"rtUrls":[],"djId":0,"copyright":0,"s_id":0,"rtype":0,"rurl":null,"mst":9,"cp":0,"mv":0,"publishTime":1536451200000},{"name":"背水一战","id":1309232803,"pst":0,"t":0,"ar":[{"id":12236269,"name":"Trouble.Z","tns":[],"alias":[]},{"id":12140048,"name":"Saber梁维嘉","tns":[],"alias":[]},{"id":12471974,"name":"Joannne","tns":[],"alias":[]}],"alia":[],"pop":100.0,"st":0,"rt":null,"fee":0,"v":4,"crbt":null,"cf":"","al":{"id":73176284,"name":"背水一战","picUrl":"http://p1.music.126.net/e68lwmh03g7NCIxMRS7YEw==/109951163545771309.jpg","tns":[],"pic_str":"109951163545771309","pic":109951163545771309},"dt":224807,"h":{"br":320000,"fid":0,"size":8994525,"vd":0.0},"m":{"br":192000,"fid":0,"size":5396733,"vd":0.0},"l":{"br":128000,"fid":0,"size":3597836,"vd":0.0},"a":null,"cd":"","no":1,"rtUrl":null,"ftype":0,"rtUrls":[],"djId":0,"copyright":0,"s_id":0,"rtype":0,"rurl":null,"mst":9,"cp":0,"mv":0,"publishTime":1536681600000},{"name":"浪人琵琶","id":863489909,"pst":0,"t":0,"ar":[{"id":975714,"name":"叶洛洛","tns":[],"alias":[]},{"id":13791380,"name":"妖蝠","tns":[],"alias":[]}],"alia":[],"pop":100.0,"st":0,"rt":null,"fee":0,"v":8,"crbt":null,"cf":"","al":{"id":71722877,"name":"浪人琵琶","picUrl":"http://p1.music.126.net/QRB50I-VcDoR_T3aOXV5UQ==/109951163393595700.jpg","tns":[],"pic_str":"109951163393595700","pic":109951163393595700},"dt":223172,"h":{"br":320000,"fid":0,"size":8929742,"vd":0.0},"m":{"br":192000,"fid":0,"size":5357862,"vd":0.0},"l":{"br":128000,"fid":0,"size":3571923,"vd":0.0},"a":null,"cd":"","no":0,"rtUrl":null,"ftype":0,"rtUrls":[],"djId":0,"copyright":0,"s_id":0,"rtype":0,"rurl":null,"mst":9,"cp":722019,"mv":0,"publishTime":1530892800007},{"name":"须臾","id":1305367901,"pst":0,"t":0,"ar":[{"id":10142,"name":"玄觞","tns":[],"alias":[]},{"id":1132127,"name":"萧忆情Alex","tns":[],"alias":[]}],"alia":[],"pop":100.0,"st":0,"rt":null,"fee":8,"v":1,"crbt":null,"cf":"","al":{"id":72707903,"name":"须臾","picUrl":"http://p1.music.126.net/Bz7MJHiQE93v9ptYxewIUQ==/109951163524489513.jpg","tns":[],"pic_str":"109951163524489513","pic":109951163524489513},"dt":306286,"h":{"br":320000,"fid":0,"size":12254607,"vd":1.0},"m":{"br":192000,"fid":0,"size":7352782,"vd":1.0},"l":{"br":128000,"fid":0,"size":4901869,"vd":1.0},"a":null,"cd":"","no":0,"rtUrl":null,"ftype":0,"rtUrls":[],"djId":0,"copyright":1,"s_id":0,"rtype":0,"rurl":null,"mst":9,"cp":0,"mv":0,"publishTime":1535644800007},{"name":"上里与手抄卷","id":1296550461,"pst":0,"t":0,"ar":[{"id":12025552,"name":"双笙","tns":[],"alias":[]},{"id":4621,"name":"闫东炜","tns":[],"alias":[]}],"alia":[],"pop":100.0,"st":0,"rt":null,"fee":0,"v":17,"crbt":null,"cf":"","al":{"id":72014774,"name":"上里与手抄卷","picUrl":"http://p1.music.126.net/F6UFAwFC1zkzifDJ9JEXcQ==/109951163435093197.jpg","tns":[],"pic_str":"109951163435093197","pic":109951163435093197},"dt":319500,"h":{"br":320000,"fid":0,"size":12782280,"vd":0.0},"m":{"br":192000,"fid":0,"size":7669386,"vd":0.0},"l":{"br":128000,"fid":0,"size":5112938,"vd":0.0},"a":null,"cd":"1","no":1,"rtUrl":null,"ftype":0,"rtUrls":[],"djId":0,"copyright":2,"s_id":0,"rtype":0,"rurl":null,"mst":9,"cp":558010,"mv":0,"publishTime":1532620800000},{"name":"今日子的备忘录","id":1302090385,"pst":0,"t":0,"ar":[{"id":12051087,"name":"鉛筆","tns":[],"alias":[]}],"alia":[],"pop":100.0,"st":0,"rt":null,"fee":8,"v":3,"crbt":null,"cf":"","al":{"id":72299991,"name":"今日子的备忘录","picUrl":"http://p1.music.126.net/AblY331dDe0VEYf6agw4og==/109951163466879191.jpg","tns":[],"pic_str":"109951163466879191","pic":109951163466879191},"dt":260000,"h":{"br":320000,"fid":0,"size":10403048,"vd":-1.0},"m":{"br":192000,"fid":0,"size":6241846,"vd":-1.0},"l":{"br":128000,"fid":0,"size":4161245,"vd":0.0},"a":null,"cd":"","no":0,"rtUrl":null,"ftype":0,"rtUrls":[],"djId":0,"copyright":1,"s_id":0,"rtype":0,"rurl":null,"mst":9,"cp":0,"mv":0,"publishTime":1534521600007},{"name":"理想三旬 (Live)","id":1309901040,"pst":0,"t":0,"ar":[{"id":1058228,"name":"陈鸿宇","tns":[],"alias":[]}],"alia":[],"pop":90.0,"st":0,"rt":null,"fee":4,"v":3,"crbt":null,"cf":"","al":{"id":73327621,"name":"2018与荒野音乐会LIVE专辑","picUrl":"http://p1.music.126.net/mbQ_rbmhQcpPFR8rUXxlWA==/109951163549581981.jpg","tns":[],"pic_str":"109951163549581981","pic":109951163549581981},"dt":324053,"h":{"br":320000,"fid":0,"size":12965138,"vd":0.0},"m":{"br":192000,"fid":0,"size":7779100,"vd":0.0},"l":{"br":128000,"fid":0,"size":5186081,"vd":0.0},"a":null,"cd":"","no":10,"rtUrl":null,"ftype":0,"rtUrls":[],"djId":0,"copyright":0,"s_id":0,"rtype":0,"rurl":null,"mst":9,"cp":414011,"mv":10781522,"publishTime":1537113600007},{"name":"惊蛰","id":862099159,"pst":0,"t":0,"ar":[{"id":12174521,"name":"音阙诗听","tns":[],"alias":[]},{"id":12048239,"name":"王梓钰","tns":[],"alias":[]}],"alia":[],"pop":100.0,"st":0,"rt":null,"fee":8,"v":2,"crbt":null,"cf":"","al":{"id":71611669,"name":"惊蛰","picUrl":"http://p1.music.126.net/5MmXpaP9r88tNzExPGMI8Q==/109951163370350985.jpg","tns":[],"pic_str":"109951163370350985","pic":109951163370350985},"dt":241967,"h":{"br":320000,"fid":0,"size":9681023,"vd":-3.0},"m":{"br":192000,"fid":0,"size":5808631,"vd":-2.0},"l":{"br":128000,"fid":0,"size":3872435,"vd":-2.0},"a":null,"cd":"","no":1,"rtUrl":null,"ftype":0,"rtUrls":[],"djId":0,"copyright":0,"s_id":0,"rtype":0,"rurl":null,"mst":9,"cp":733010,"mv":0,"publishTime":1529856000007},{"name":"这酒馆以后就我一个人来了","id":1299424231,"pst":0,"t":0,"ar":[{"id":1085047,"name":"棱镜","tns":[],"alias":[]}],"alia":[],"pop":100.0,"st":0,"rt":null,"fee":8,"v":10,"crbt":null,"cf":"","al":{"id":72146869,"name":"这酒馆以后就我一个人来了","picUrl":"http://p1.music.126.net/ANA-YQF0bN9K0FxwM2-Hyw==/109951163445034060.jpg","tns":[],"pic_str":"109951163445034060","pic":109951163445034060},"dt":240476,"h":{"br":320000,"fid":0,"size":9621464,"vd":0.0},"m":{"br":192000,"fid":0,"size":5772896,"vd":0.0},"l":{"br":128000,"fid":0,"size":3848612,"vd":0.0},"a":null,"cd":"","no":1,"rtUrl":null,"ftype":0,"rtUrls":[],"djId":0,"copyright":0,"s_id":0,"rtype":0,"rurl":null,"mst":9,"cp":36016,"mv":0,"publishTime":1533484800000},{"name":"SORRY","id":546722653,"pst":0,"t":0,"ar":[{"id":12127564,"name":"艾福杰尼","tns":[],"alias":[]}],"alia":[],"pop":100.0,"st":0,"rt":null,"fee":0,"v":4,"crbt":null,"cf":"","al":{"id":37987109,"name":"SORRY","picUrl":"http://p1.music.126.net/ymreLIeoebxaZRZBg8YUpA==/109951163207566335.jpg","tns":[],"pic_str":"109951163207566335","pic":109951163207566335},"dt":307086,"h":{"br":320000,"fid":0,"size":12285954,"vd":-1.0},"m":{"br":192000,"fid":0,"size":7371590,"vd":0.0},"l":{"br":128000,"fid":0,"size":4914408,"vd":0.0},"a":null,"cd":"","no":0,"rtUrl":null,"ftype":0,"rtUrls":[],"djId":0,"copyright":0,"s_id":0,"rtype":0,"rurl":null,"mst":9,"cp":417014,"mv":0,"publishTime":1521993600007},{"name":"丹歌惊鸿（动画《一人之下2》片尾曲王也角色歌）","id":564879697,"pst":0,"t":0,"ar":[{"id":839563,"name":"坡上村","tns":[],"alias":[]}],"alia":[],"pop":100.0,"st":0,"rt":null,"fee":0,"v":15,"crbt":null,"cf":"","al":{"id":39067617,"name":"丹歌惊鸿（动画《一人之下》片尾曲王也角色歌）","picUrl":"http://p1.music.126.net/Fy8vgxUaE8-T3PUPVGgzhw==/109951163308764268.jpg","tns":[],"pic_str":"109951163308764268","pic":109951163308764268},"dt":235632,"h":{"br":320000,"fid":0,"size":9428158,"vd":0.0},"m":{"br":192000,"fid":0,"size":5656912,"vd":0.0},"l":{"br":128000,"fid":0,"size":3771289,"vd":0.0},"a":null,"cd":"","no":1,"rtUrl":null,"ftype":0,"rtUrls":[],"djId":0,"copyright":0,"s_id":0,"rtype":0,"rurl":null,"mst":9,"cp":0,"mv":0,"publishTime":1526745600000},{"name":"走歌人18","id":866018207,"pst":0,"t":0,"ar":[{"id":1198010,"name":"暗杠","tns":[],"alias":[]}],"alia":[],"pop":100.0,"st":0,"rt":null,"fee":8,"v":2,"crbt":null,"cf":"","al":{"id":71824624,"name":"走歌人18","picUrl":"http://p1.music.126.net/D9_qDt18yiHxVPr6CRGgLA==/109951163406952902.jpg","tns":[],"pic_str":"109951163406952902","pic":109951163406952902},"dt":315000,"h":{"br":320000,"fid":0,"size":12602558,"vd":-1.0},"m":{"br":192000,"fid":0,"size":7561552,"vd":0.0},"l":{"br":128000,"fid":0,"size":5041049,"vd":0.0},"a":null,"cd":"","no":0,"rtUrl":null,"ftype":0,"rtUrls":[],"djId":0,"copyright":0,"s_id":0,"rtype":0,"rurl":null,"mst":9,"cp":0,"mv":0,"publishTime":1531756800007},{"name":"孤独城市","id":570334125,"pst":0,"t":0,"ar":[{"id":1198113,"name":"李上安","tns":[],"alias":[]}],"alia":[],"pop":100.0,"st":0,"rt":null,"fee":8,"v":28,"crbt":null,"cf":"","al":{"id":71681536,"name":"慢","picUrl":"http://p1.music.126.net/_XrcPAzO50NZoMpk8FSEPw==/109951163385682767.jpg","tns":[],"pic_str":"109951163385682767","pic":109951163385682767},"dt":265650,"h":{"br":320000,"fid":0,"size":10628746,"vd":0.0},"m":{"br":192000,"fid":0,"size":6377265,"vd":0.0},"l":{"br":128000,"fid":0,"size":4251524,"vd":0.0},"a":null,"cd":"1","no":5,"rtUrl":null,"ftype":0,"rtUrls":[],"djId":0,"copyright":1,"s_id":0,"rtype":0,"rurl":null,"mst":9,"cp":0,"mv":0,"publishTime":1534780800007},{"name":"华年","id":542667160,"pst":0,"t":0,"ar":[{"id":1195028,"name":"鹿先森乐队","tns":[],"alias":[]}],"alia":[],"pop":100.0,"st":0,"rt":null,"fee":8,"v":28,"crbt":null,"cf":"","al":{"id":71810639,"name":"华年","picUrl":"http://p1.music.126.net/r94mVfx8ERhRr7Zzemhd_w==/109951163405599390.jpg","tns":[],"pic_str":"109951163405599390","pic":109951163405599390},"dt":259310,"h":{"br":320000,"fid":0,"size":10374836,"vd":-2.0},"m":{"br":192000,"fid":0,"size":6224919,"vd":-2.0},"l":{"br":128000,"fid":0,"size":4149960,"vd":-2.0},"a":null,"cd":"","no":5,"rtUrl":null,"ftype":0,"rtUrls":[],"djId":0,"copyright":0,"s_id":0,"rtype":0,"rurl":null,"mst":9,"cp":36016,"mv":5843822,"publishTime":1531670400007},{"name":"“End of the world”","id":1298655068,"pst":0,"t":0,"ar":[{"id":12236269,"name":"Trouble.Z","tns":[],"alias":[]},{"id":865007,"name":"法老","tns":[],"alias":[]},{"id":1153005,"name":"situasian张太郎","tns":[],"alias":[]}],"alia":[],"pop":100.0,"st":0,"rt":null,"fee":0,"v":4,"crbt":null,"cf":"","al":{"id":72067319,"name":"End of the world","picUrl":"http://p1.music.126.net/tAoZ1b2JntmPBAaCROTegA==/109951163439540253.jpg","tns":[],"pic_str":"109951163439540253","pic":109951163439540253},"dt":285913,"h":{"br":320000,"fid":0,"size":11439587,"vd":-2.0},"m":{"br":192000,"fid":0,"size":6863769,"vd":-2.0},"l":{"br":128000,"fid":0,"size":4575861,"vd":-2.0},"a":null,"cd":"","no":1,"rtUrl":null,"ftype":0,"rtUrls":[],"djId":0,"copyright":0,"s_id":0,"rtype":0,"rurl":null,"mst":9,"cp":0,"mv":0,"publishTime":1533254400000},{"name":"再见，昨天","id":571545218,"pst":0,"t":0,"ar":[{"id":12437,"name":"牛奶咖啡","tns":[],"alias":[]}],"alia":["电影《昨日青空》青春毕业曲"],"pop":100.0,"st":0,"rt":null,"fee":0,"v":13,"crbt":null,"cf":"","al":{"id":39563243,"name":"再见，昨天","picUrl":"http://p1.music.126.net/KcW2WnoHreyNTUbonbAPiw==/109951163336051043.jpg","tns":[],"pic_str":"109951163336051043","pic":109951163336051043},"dt":295135,"h":{"br":320000,"fid":0,"size":11808436,"vd":0.0},"m":{"br":192000,"fid":0,"size":7085079,"vd":0.0},"l":{"br":128000,"fid":0,"size":4723400,"vd":0.0},"a":null,"cd":"1","no":1,"rtUrl":null,"ftype":0,"rtUrls":[],"djId":0,"copyright":0,"s_id":0,"rtype":0,"rurl":null,"mst":9,"cp":415022,"mv":0,"publishTime":1528214400000},{"name":"演义","id":1305366176,"pst":0,"t":0,"ar":[{"id":12194,"name":"浪荡绅士","tns":[],"alias":[]}],"alia":[],"pop":100.0,"st":0,"rt":null,"fee":8,"v":4,"crbt":null,"cf":"","al":{"id":72709662,"name":"摇滚唐朝三十年•演义我心中的唐朝","picUrl":"http://p1.music.126.net/FYhN4gvVidPEkTR5CoIzUw==/109951163518337329.jpg","tns":[],"pic_str":"109951163518337329","pic":109951163518337329},"dt":366679,"h":{"br":320000,"fid":0,"size":14669366,"vd":-4.0},"m":{"br":192000,"fid":0,"size":8801637,"vd":-4.0},"l":{"br":128000,"fid":0,"size":5867773,"vd":-4.0},"a":null,"cd":"","no":15,"rtUrl":null,"ftype":0,"rtUrls":[],"djId":0,"copyright":0,"s_id":0,"rtype":0,"rurl":null,"mst":9,"cp":0,"mv":0,"publishTime":1536595200007},{"name":"慌张","id":1297743129,"pst":0,"t":0,"ar":[{"id":12259686,"name":"赵登凯","tns":[],"alias":[]}],"alia":[],"pop":100.0,"st":0,"rt":null,"fee":0,"v":3,"crbt":null,"cf":"","al":{"id":72072650,"name":"慌张","picUrl":"http://p1.music.126.net/6CEc8t_sCVelnVUqJglO4g==/109951163435277744.jpg","tns":[],"pic_str":"109951163435277744","pic":109951163435277744},"dt":311555,"h":{"br":320000,"fid":0,"size":12464631,"vd":0.0},"m":{"br":192000,"fid":0,"size":7478796,"vd":0.0},"l":{"br":128000,"fid":0,"size":4985879,"vd":0.0},"a":null,"cd":"","no":0,"rtUrl":null,"ftype":0,"rtUrls":[],"djId":0,"copyright":0,"s_id":0,"rtype":0,"rurl":null,"mst":9,"cp":0,"mv":10754095,"publishTime":1533052800007},{"name":"烟火焚","id":1309439820,"pst":0,"t":0,"ar":[{"id":12128251,"name":"逆时针向","tns":[],"alias":[]},{"id":13110370,"name":"韵白","tns":[],"alias":[]}],"alia":[],"pop":100.0,"st":0,"rt":null,"fee":0,"v":3,"crbt":null,"cf":"","al":{"id":73244677,"name":"烟火焚","picUrl":"http://p1.music.126.net/MXV15UcW441y1b2POiYU1A==/109951163546844507.jpg","tns":[],"pic_str":"109951163546844507","pic":109951163546844507},"dt":284865,"h":{"br":320000,"fid":0,"size":11396746,"vd":-3.0},"m":{"br":192000,"fid":0,"size":6838065,"vd":-3.0},"l":{"br":128000,"fid":0,"size":4558724,"vd":-3.0},"a":null,"cd":"","no":1,"rtUrl":null,"ftype":0,"rtUrls":[],"djId":0,"copyright":0,"s_id":0,"rtype":0,"rurl":null,"mst":9,"cp":0,"mv":0,"publishTime":1536681600000},{"name":"盼兮","id":571336481,"pst":0,"t":0,"ar":[{"id":1181775,"name":"翁大涵","tns":[],"alias":[]}],"alia":[],"pop":100.0,"st":0,"rt":null,"fee":8,"v":15,"crbt":null,"cf":"","al":{"id":39590138,"name":"盼兮","picUrl":"http://p1.music.126.net/CwwG3RXR4F5yG7v-K4vYNw==/109951163345197669.jpg","tns":[],"pic_str":"109951163345197669","pic":109951163345197669},"dt":265437,"h":{"br":320000,"fid":0,"size":10620387,"vd":-1.0},"m":{"br":192000,"fid":0,"size":6372249,"vd":-1.0},"l":{"br":128000,"fid":0,"size":4248181,"vd":-1.0},"a":null,"cd":"","no":1,"rtUrl":null,"ftype":0,"rtUrls":[],"djId":0,"copyright":2,"s_id":0,"rtype":0,"rurl":null,"mst":9,"cp":530019,"mv":5955340,"publishTime":1528646400007},{"name":"Waiting For","id":573125026,"pst":0,"t":0,"ar":[{"id":1008034,"name":"鬼卞","tns":[],"alias":[]}],"alia":[],"pop":100.0,"st":0,"rt":null,"fee":8,"v":5,"crbt":null,"cf":"","al":{"id":71614205,"name":"故.纵","picUrl":"http://p1.music.126.net/t7r3N8VBIbS0A2RYjPzYcw==/109951163393444124.jpg","tns":[],"pic_str":"109951163393444124","pic":109951163393444124},"dt":196206,"h":{"br":320000,"fid":0,"size":7851407,"vd":0.0},"m":{"br":192000,"fid":0,"size":4710862,"vd":0.0},"l":{"br":128000,"fid":0,"size":3140589,"vd":0.0},"a":null,"cd":"","no":1,"rtUrl":null,"ftype":0,"rtUrls":[],"djId":0,"copyright":0,"s_id":0,"rtype":0,"rurl":null,"mst":9,"cp":0,"mv":0,"publishTime":1528992000007},{"name":"第五人格","id":862099538,"pst":0,"t":0,"ar":[{"id":1142042,"name":"徐梦圆","tns":[],"alias":[]}],"alia":[],"pop":100.0,"st":0,"rt":null,"fee":0,"v":1,"crbt":null,"cf":"","al":{"id":71611758,"name":"Five","picUrl":"http://p1.music.126.net/lx5_Kq-S73yJ6vP_eF3QNg==/109951163377709735.jpg","tns":[],"pic_str":"109951163377709735","pic":109951163377709735},"dt":221425,"h":{"br":320000,"fid":0,"size":8859733,"vd":0.0},"m":{"br":192000,"fid":0,"size":5315857,"vd":0.0},"l":{"br":128000,"fid":0,"size":3543919,"vd":0.0},"a":null,"cd":"","no":1,"rtUrl":null,"ftype":0,"rtUrls":[],"djId":0,"copyright":0,"s_id":0,"rtype":0,"rurl":null,"mst":9,"cp":0,"mv":0,"publishTime":1530028800007},{"name":"lose sleep","id":571509989,"pst":0,"t":0,"ar":[{"id":1160075,"name":"lazy boy","tns":[],"alias":[]}],"alia":[],"pop":100.0,"st":0,"rt":null,"fee":0,"v":11,"crbt":null,"cf":"","al":{"id":39506806,"name":"lose sleep","picUrl":"http://p1.music.126.net/z80yQZ7DDB3Vs0qrkz04pw==/109951163335554732.jpg","tns":[],"pic_str":"109951163335554732","pic":109951163335554732},"dt":199700,"h":{"br":320000,"fid":0,"size":7990378,"vd":3.0},"m":{"br":192000,"fid":0,"size":4794244,"vd":4.0},"l":{"br":128000,"fid":0,"size":3196177,"vd":3.0},"a":null,"cd":"","no":1,"rtUrl":null,"ftype":0,"rtUrls":[],"djId":0,"copyright":0,"s_id":0,"rtype":0,"rurl":null,"mst":9,"cp":0,"mv":0,"publishTime":1528243200000},{"name":"TIME","id":1307390992,"pst":0,"t":0,"ar":[{"id":12371082,"name":"辉子","tns":[],"alias":[]}],"alia":[],"pop":100.0,"st":0,"rt":null,"fee":0,"v":8,"crbt":null,"cf":"","al":{"id":72959752,"name":"TIME","picUrl":"http://p1.music.126.net/t7LGT2e5EMrsh3s2y_4TMQ==/109951163533575575.jpg","tns":[],"pic_str":"109951163533575575","pic":109951163533575575},"dt":168552,"h":{"br":320000,"fid":0,"size":6744860,"vd":0.0},"m":{"br":192000,"fid":0,"size":4046933,"vd":0.0},"l":{"br":128000,"fid":0,"size":2697970,"vd":0.0},"a":null,"cd":"","no":1,"rtUrl":null,"ftype":0,"rtUrls":[],"djId":0,"copyright":0,"s_id":0,"rtype":0,"rurl":null,"mst":9,"cp":0,"mv":0,"publishTime":1535990400000},{"name":"心生七面 善恶难辨","id":566261001,"pst":0,"t":0,"ar":[{"id":1056002,"name":"三无MarBlue","tns":[],"alias":[]}],"alia":["阴阳师面灵气同人曲"],"pop":100.0,"st":0,"rt":null,"fee":0,"v":5,"crbt":null,"cf":"","al":{"id":39111973,"name":"心生七面 善恶难辨","picUrl":"http://p1.music.126.net/5RzaEbrKYSwYg7eu_5orKg==/109951163312444084.jpg","tns":[],"pic_str":"109951163312444084","pic":109951163312444084},"dt":214478,"h":{"br":320000,"fid":0,"size":8581791,"vd":-2.0},"m":{"br":192000,"fid":0,"size":5149092,"vd":-2.0},"l":{"br":128000,"fid":0,"size":3432742,"vd":-2.0},"a":null,"cd":"","no":1,"rtUrl":null,"ftype":0,"rtUrls":[],"djId":0,"copyright":0,"s_id":0,"rtype":0,"rurl":null,"mst":9,"cp":0,"mv":0,"publishTime":1527004800000},{"name":"影子小姐","id":1297333740,"pst":0,"t":0,"ar":[{"id":12172529,"name":"封茗囧菌","tns":[],"alias":[]}],"alia":[],"pop":100.0,"st":0,"rt":null,"fee":0,"v":4,"crbt":null,"cf":"","al":{"id":72021412,"name":"影子小姐","picUrl":"http://p1.music.126.net/7NdJra1fG8dRq5YfiUrXVw==/109951163431816328.jpg","tns":[],"pic_str":"109951163431816328","pic":109951163431816328},"dt":250224,"h":{"br":320000,"fid":0,"size":10010166,"vd":0.0},"m":{"br":192000,"fid":0,"size":6006117,"vd":0.0},"l":{"br":128000,"fid":0,"size":4004093,"vd":0.0},"a":null,"cd":"","no":1,"rtUrl":null,"ftype":0,"rtUrls":[],"djId":0,"copyright":0,"s_id":0,"rtype":0,"rurl":null,"mst":9,"cp":0,"mv":0,"publishTime":1532836800000},{"name":"来不及勇敢","id":864107063,"pst":0,"t":0,"ar":[{"id":1030001,"name":"周深","tns":[],"alias":[]}],"alia":["《昨日青空》青春告白曲"],"pop":100.0,"st":0,"rt":null,"fee":0,"v":18,"crbt":null,"cf":"","al":{"id":71719816,"name":"来不及勇敢","picUrl":"http://p1.music.126.net/r0CnWQ5CxJywGSHtbRLfoQ==/109951163393139107.jpg","tns":[],"pic_str":"109951163393139107","pic":109951163393139107},"dt":251368,"h":{"br":320000,"fid":0,"size":10057187,"vd":0.0},"m":{"br":192000,"fid":0,"size":6034329,"vd":0.0},"l":{"br":128000,"fid":0,"size":4022901,"vd":0.0},"a":null,"cd":"1","no":1,"rtUrl":null,"ftype":0,"rtUrls":[],"djId":0,"copyright":0,"s_id":0,"rtype":0,"rurl":null,"mst":9,"cp":415022,"mv":0,"publishTime":1530547200000},{"name":"城南谣","id":862099930,"pst":0,"t":0,"ar":[{"id":12037229,"name":"木小雅","tns":[],"alias":[]}],"alia":[],"pop":100.0,"st":0,"rt":null,"fee":8,"v":2,"crbt":null,"cf":"","al":{"id":71614872,"name":"城南谣","picUrl":"http://p1.music.126.net/vkq9WoQY_X8aRup0_whfrw==/109951163381867578.jpg","tns":[],"pic_str":"109951163381867578","pic":109951163381867578},"dt":282711,"h":{"br":320000,"fid":0,"size":11311064,"vd":0.0},"m":{"br":192000,"fid":0,"size":6786656,"vd":0.0},"l":{"br":128000,"fid":0,"size":4524452,"vd":0.0},"a":null,"cd":"","no":1,"rtUrl":null,"ftype":0,"rtUrls":[],"djId":0,"copyright":0,"s_id":0,"rtype":0,"rurl":null,"mst":9,"cp":748010,"mv":0,"publishTime":1530288000007},{"name":"如果写不出好的和弦就该在洒满阳光的钢琴前一起吃布丁","id":562592191,"pst":0,"t":0,"ar":[{"id":1039895,"name":"谢春花","tns":[],"alias":[]}],"alia":[],"pop":100.0,"st":0,"rt":null,"fee":0,"v":111,"crbt":null,"cf":"","al":{"id":38983072,"name":"点心","picUrl":"http://p1.music.126.net/bbQqsr9hvVPTpDVmqnPaUw==/109951163345567967.jpg","tns":[],"pic_str":"109951163345567967","pic":109951163345567967},"dt":240080,"h":{"br":320000,"fid":0,"size":9605791,"vd":-1.0},"m":{"br":192000,"fid":0,"size":5763492,"vd":0.0},"l":{"br":128000,"fid":0,"size":3842342,"vd":0.0},"a":null,"cd":"","no":2,"rtUrl":null,"ftype":0,"rtUrls":[],"djId":0,"copyright":2,"s_id":0,"rtype":0,"rurl":null,"mst":9,"cp":743011,"mv":10778350,"publishTime":1528732800007},{"name":"难堪","id":1297743420,"pst":0,"t":0,"ar":[{"id":1160085,"name":"Fine乐团","tns":[],"alias":[]}],"alia":[],"pop":100.0,"st":0,"rt":null,"fee":8,"v":4,"crbt":null,"cf":"","al":{"id":72070756,"name":"难堪","picUrl":"http://p1.music.126.net/ug6tCmqHWQaL_s1Oq_fSXA==/109951163438179643.jpg","tns":[],"pic_str":"109951163438179643","pic":109951163438179643},"dt":233703,"h":{"br":320000,"fid":0,"size":9350836,"vd":0.0},"m":{"br":192000,"fid":0,"size":5610519,"vd":0.0},"l":{"br":128000,"fid":0,"size":3740360,"vd":0.0},"a":null,"cd":"","no":0,"rtUrl":null,"ftype":0,"rtUrls":[],"djId":0,"copyright":0,"s_id":0,"rtype":0,"rurl":null,"mst":9,"cp":0,"mv":0,"publishTime":1533225600007},{"name":"说什么","id":571670111,"pst":0,"t":0,"ar":[{"id":12099108,"name":"司徒骏文","tns":[],"alias":[]}],"alia":[],"pop":100.0,"st":0,"rt":null,"fee":0,"v":3,"crbt":null,"cf":"","al":{"id":39523934,"name":"说什么","picUrl":"http://p1.music.126.net/aEFczTHnTWOCxOIdesmObw==/109951163336729063.jpg","tns":[],"pic_str":"109951163336729063","pic":109951163336729063},"dt":300225,"h":{"br":320000,"fid":0,"size":12011146,"vd":-1.0},"m":{"br":192000,"fid":0,"size":7206705,"vd":-1.0},"l":{"br":128000,"fid":0,"size":4804484,"vd":-1.0},"a":null,"cd":"","no":1,"rtUrl":null,"ftype":0,"rtUrls":[],"djId":0,"copyright":0,"s_id":0,"rtype":0,"rurl":null,"mst":9,"cp":0,"mv":0,"publishTime":1528243200000},{"name":"听你说晚安","id":1302084161,"pst":0,"t":0,"ar":[{"id":187903,"name":"Mc光光","tns":[],"alias":[]},{"id":12050057,"name":"G.G(张思源)","tns":[],"alias":[]}],"alia":[],"pop":100.0,"st":0,"rt":null,"fee":0,"v":1,"crbt":null,"cf":"","al":{"id":72300894,"name":"听你说晚安","picUrl":"http://p1.music.126.net/nmAsstUl5aV9Ab_CY8RfUw==/109951163463819802.jpg","tns":[],"pic_str":"109951163463819802","pic":109951163463819802},"dt":241669,"h":{"br":320000,"fid":0,"size":9669529,"vd":0.0},"m":{"br":192000,"fid":0,"size":5801735,"vd":0.0},"l":{"br":128000,"fid":0,"size":3867838,"vd":0.0},"a":null,"cd":"","no":0,"rtUrl":null,"ftype":0,"rtUrls":[],"djId":0,"copyright":0,"s_id":0,"rtype":0,"rurl":null,"mst":9,"cp":0,"mv":0,"publishTime":1534435200007},{"name":"给妈妈的歌","id":864489248,"pst":0,"t":0,"ar":[{"id":12065096,"name":"黄旭","tns":[],"alias":[]},{"id":12079219,"name":"李佳隆","tns":[],"alias":[]}],"alia":[],"pop":100.0,"st":0,"rt":null,"fee":0,"v":1,"crbt":null,"cf":"","al":{"id":71720297,"name":"给妈妈的歌","picUrl":"http://p1.music.126.net/CALEUeK-DIJOd5pHCf-LmA==/109951163393170726.jpg","tns":[],"pic_str":"109951163393170726","pic":109951163393170726},"dt":176647,"h":{"br":320000,"fid":0,"size":7068778,"vd":-3.0},"m":{"br":192000,"fid":0,"size":4241284,"vd":-2.0},"l":{"br":128000,"fid":0,"size":2827537,"vd":-2.0},"a":null,"cd":"1","no":1,"rtUrl":null,"ftype":0,"rtUrls":[],"djId":0,"copyright":0,"s_id":0,"rtype":0,"rurl":null,"mst":9,"cp":417014,"mv":0,"publishTime":1531238400000},{"name":"离骚","id":553813241,"pst":0,"t":0,"ar":[{"id":11257,"name":"C-BLOCK","tns":[],"alias":[]}],"alia":[],"pop":100.0,"st":0,"rt":null,"fee":8,"v":140,"crbt":null,"cf":"","al":{"id":38402011,"name":"淘金日记","picUrl":"http://p1.music.126.net/J42kK3VK1hNOLhj5_z7sBg==/109951163253190079.jpg","tns":[],"pic_str":"109951163253190079","pic":109951163253190079},"dt":181534,"h":{"br":320000,"fid":0,"size":7264174,"vd":0.0},"m":{"br":192000,"fid":0,"size":4358522,"vd":0.0},"l":{"br":128000,"fid":0,"size":2905696,"vd":0.0},"a":null,"cd":"","no":6,"rtUrl":null,"ftype":0,"rtUrls":[],"djId":0,"copyright":2,"s_id":0,"rtype":0,"rurl":null,"mst":9,"cp":721010,"mv":5876575,"publishTime":1524240000007},{"name":"Call Me","id":1301674248,"pst":0,"t":0,"ar":[{"id":12199576,"name":"小青龙","tns":[],"alias":[]}],"alia":[],"pop":100.0,"st":0,"rt":null,"fee":0,"v":12,"crbt":null,"cf":"","al":{"id":72193513,"name":"Call Me","picUrl":"http://p1.music.126.net/bOvbEdeZgeMXt1yYOP1TGg==/109951163459946212.jpg","tns":[],"pic_str":"109951163459946212","pic":109951163459946212},"dt":168744,"h":{"br":320000,"fid":0,"size":6752174,"vd":0.0},"m":{"br":192000,"fid":0,"size":4051322,"vd":0.0},"l":{"br":128000,"fid":0,"size":2700896,"vd":0.0},"a":null,"cd":"1","no":1,"rtUrl":null,"ftype":0,"rtUrls":[],"djId":0,"copyright":0,"s_id":0,"rtype":0,"rurl":null,"mst":9,"cp":490040,"mv":0,"publishTime":1534694400007},{"name":"说不定明天他就来了","id":552590020,"pst":0,"t":0,"ar":[{"id":12077204,"name":"陈壹千","tns":[],"alias":[]}],"alia":[],"pop":100.0,"st":0,"rt":null,"fee":0,"v":4,"crbt":null,"cf":"","al":{"id":38340035,"name":"说不定明天他就来了","picUrl":"http://p1.music.126.net/Q8EgQdnaFkZQZT527mFDRQ==/109951163245426590.jpg","tns":[],"pic_str":"109951163245426590","pic":109951163245426590},"dt":237379,"h":{"br":320000,"fid":0,"size":9498166,"vd":0.0},"m":{"br":192000,"fid":0,"size":5698917,"vd":0.0},"l":{"br":128000,"fid":0,"size":3799293,"vd":0.0},"a":null,"cd":"","no":1,"rtUrl":null,"ftype":0,"rtUrls":[],"djId":0,"copyright":0,"s_id":0,"rtype":0,"rurl":null,"mst":9,"cp":0,"mv":0,"publishTime":1523628096098},{"name":"生日快乐","id":514765420,"pst":0,"t":0,"ar":[{"id":11370,"name":"丢火车","tns":[],"alias":[]}],"alia":[],"pop":100.0,"st":0,"rt":null,"fee":8,"v":52,"crbt":null,"cf":"","al":{"id":36632213,"name":"浮生","picUrl":"http://p1.music.126.net/dbCY004asYFiwO9-LhrOCw==/109951163049845879.jpg","tns":[],"pic_str":"109951163049845879","pic":109951163049845879},"dt":326412,"h":{"br":320000,"fid":0,"size":13059178,"vd":-1.0},"m":{"br":192000,"fid":0,"size":7835524,"vd":-1.0},"l":{"br":128000,"fid":0,"size":5223697,"vd":-1.0},"a":null,"cd":"","no":6,"rtUrl":null,"ftype":0,"rtUrls":[],"djId":0,"copyright":2,"s_id":0,"rtype":0,"rurl":null,"mst":9,"cp":736010,"mv":0,"publishTime":1530633600007},{"name":"猫的生存法则","id":1299683879,"pst":0,"t":0,"ar":[{"id":12003038,"name":"凯瑟喵","tns":[],"alias":[]}],"alia":[],"pop":100.0,"st":0,"rt":null,"fee":0,"v":5,"crbt":null,"cf":"","al":{"id":72173700,"name":"猫的生存法则（demo）","picUrl":"http://p1.music.126.net/w4y4re64Pp0CQtj6FrkdQw==/109951163445755147.jpg","tns":[],"pic_str":"109951163445755147","pic":109951163445755147},"dt":166060,"h":{"br":320000,"fid":0,"size":6644550,"vd":0.0},"m":{"br":192000,"fid":0,"size":3986747,"vd":0.0},"l":{"br":128000,"fid":0,"size":2657846,"vd":0.0},"a":null,"cd":"","no":1,"rtUrl":null,"ftype":0,"rtUrls":[],"djId":0,"copyright":0,"s_id":0,"rtype":0,"rurl":null,"mst":9,"cp":0,"mv":0,"publishTime":1533571200000},{"name":"伞下铭","id":1296229445,"pst":0,"t":0,"ar":[{"id":12172529,"name":"封茗囧菌","tns":[],"alias":[]},{"id":12060031,"name":"洛少爷","tns":[],"alias":[]}],"alia":[],"pop":100.0,"st":0,"rt":null,"fee":0,"v":4,"crbt":null,"cf":"","al":{"id":71965351,"name":"伞下铭","picUrl":"http://p1.music.126.net/FqtPbnWsUORWJ9ODwhbi2A==/109951163423648955.jpg","tns":[],"pic_str":"109951163423648955","pic":109951163423648955},"dt":258259,"h":{"br":320000,"fid":0,"size":10341399,"vd":-1.0},"m":{"br":192000,"fid":0,"size":6204857,"vd":-1.0},"l":{"br":128000,"fid":0,"size":4136586,"vd":-1.0},"a":null,"cd":"","no":1,"rtUrl":null,"ftype":0,"rtUrls":[],"djId":0,"copyright":0,"s_id":0,"rtype":0,"rurl":null,"mst":9,"cp":0,"mv":0,"publishTime":1532404800000},{"name":"功成名就 Feat. Masiwei","id":553814079,"pst":0,"t":0,"ar":[{"id":1086078,"name":"Ty.","tns":[],"alias":[]},{"id":1132392,"name":"马思唯","tns":[],"alias":[]}],"alia":[],"pop":100.0,"st":0,"rt":null,"fee":0,"v":4,"crbt":null,"cf":"","al":{"id":38404016,"name":"功成名就","picUrl":"http://p1.music.126.net/SW2-sVzgxj9sE7l3NyLJTg==/109951163254280046.jpg","tns":[],"pic_str":"109951163254280046","pic":109951163254280046},"dt":180228,"h":{"br":320000,"fid":0,"size":7211929,"vd":-1.0},"m":{"br":192000,"fid":0,"size":4327175,"vd":0.0},"l":{"br":128000,"fid":0,"size":2884798,"vd":0.0},"a":null,"cd":"","no":3,"rtUrl":null,"ftype":0,"rtUrls":[],"djId":0,"copyright":0,"s_id":0,"rtype":0,"rurl":null,"mst":9,"cp":659011,"mv":5917620,"publishTime":1524153600007},{"name":"觉华岛","id":1307888598,"pst":0,"t":0,"ar":[{"id":941023,"name":"曹槽","tns":[],"alias":[]}],"alia":[],"pop":100.0,"st":0,"rt":null,"fee":0,"v":6,"crbt":null,"cf":"","al":{"id":72956217,"name":"觉华岛","picUrl":"http://p1.music.126.net/8ksgICRnV_A_Cma9fVUiAg==/109951163537198102.jpg","tns":[],"pic_str":"109951163537198102","pic":109951163537198102},"dt":297600,"h":{"br":320000,"fid":0,"size":11906656,"vd":0.0},"m":{"br":192000,"fid":0,"size":7144011,"vd":0.0},"l":{"br":128000,"fid":0,"size":4762688,"vd":0.0},"a":null,"cd":"","no":1,"rtUrl":null,"ftype":0,"rtUrls":[],"djId":0,"copyright":0,"s_id":0,"rtype":0,"rurl":null,"mst":9,"cp":0,"mv":10779195,"publishTime":1536278400000},{"name":"迷冢","id":1301572098,"pst":0,"t":0,"ar":[{"id":1132127,"name":"萧忆情Alex","tns":[],"alias":[]},{"id":12085569,"name":"李蚊香","tns":[],"alias":[]},{"id":797087,"name":"smile_小千","tns":[],"alias":[]}],"alia":[],"pop":100.0,"st":0,"rt":null,"fee":0,"v":1,"crbt":null,"cf":"","al":{"id":72299646,"name":"迷冢","picUrl":"http://p1.music.126.net/HwE38fwtRedukmJMExUlCQ==/109951163458322952.jpg","tns":[],"pic_str":"109951163458322952","pic":109951163458322952},"dt":205714,"h":{"br":320000,"fid":0,"size":8230705,"vd":-1.0},"m":{"br":192000,"fid":0,"size":4938440,"vd":-1.0},"l":{"br":128000,"fid":0,"size":3292308,"vd":-1.0},"a":null,"cd":"","no":0,"rtUrl":null,"ftype":0,"rtUrls":[],"djId":0,"copyright":0,"s_id":0,"rtype":0,"rurl":null,"mst":9,"cp":0,"mv":0,"publishTime":1534176000007}],"trackIds":[{"id":1308818167,"v":1},{"id":1308782890,"v":1},{"id":1306496592,"v":1,"lr":0},{"id":1308818704,"v":1},{"id":1306496074,"v":8,"lr":10},{"id":1303027044,"v":11},{"id":1309175483,"v":5},{"id":1308782384,"v":4},{"id":1310937368,"v":3},{"id":1307633091,"v":12},{"id":1308782053,"v":2,"lr":2},{"id":1309901038,"v":3},{"id":1309120729,"v":12,"lr":1},{"id":1309730928,"v":5},{"id":1310971373,"v":8},{"id":1309397439,"v":7},{"id":1309396042,"v":4},{"id":1309901384,"v":1},{"id":1306496663,"v":1,"lr":4},{"id":574566207,"v":8,"lr":28},{"id":569214126,"v":12,"lr":20},{"id":557584888,"v":3,"lr":21},{"id":562594322,"v":6,"lr":22},{"id":571338083,"v":1,"lr":23},{"id":1294899029,"v":11,"lr":26},{"id":1303019637,"v":6,"lr":24},{"id":562598081,"v":8,"lr":25},{"id":1309903374,"v":13},{"id":862100828,"v":3,"lr":27},{"id":502103677,"v":23,"lr":29},{"id":1304302909,"v":5,"lr":30},{"id":863492743,"v":4,"lr":47},{"id":1306496744,"v":3,"lr":3},{"id":862099184,"v":2,"lr":35},{"id":1296645941,"v":5,"lr":32},{"id":554244265,"v":1},{"id":1307411242,"v":12,"lr":5},{"id":1297750680,"v":10,"lr":31},{"id":572819430,"v":12,"lr":34},{"id":1297750769,"v":13,"lr":33},{"id":571601379,"v":5,"lr":36},{"id":1310137371,"v":6},{"id":569213220,"v":87},{"id":1297743638,"v":2,"lr":40},{"id":1304920086,"v":2,"lr":39},{"id":1295824647,"v":17,"lr":37},{"id":1308778438,"v":3},{"id":503047809,"v":27,"lr":44},{"id":1309703749,"v":3},{"id":1302091491,"v":1,"lr":12},{"id":1308818622,"v":3},{"id":1306731693,"v":7,"lr":38},{"id":1309910072,"v":7},{"id":553815247,"v":138,"lr":43},{"id":1299570329,"v":9,"lr":41},{"id":571340696,"v":9},{"id":1308631043,"v":8,"lr":13},{"id":1309232803,"v":4},{"id":863489909,"v":8},{"id":1305367901,"v":1,"lr":17},{"id":1296550461,"v":17,"lr":53},{"id":1302090385,"v":3},{"id":1309901040,"v":3},{"id":862099159,"v":2,"lr":46},{"id":1299424231,"v":10,"lr":65},{"id":546722653,"v":4,"lr":50},{"id":564879697,"v":15,"lr":52},{"id":866018207,"v":2,"lr":60},{"id":570334125,"v":28,"lr":62},{"id":542667160,"v":28,"lr":69},{"id":1298655068,"v":4,"lr":67},{"id":571545218,"v":13},{"id":1305366176,"v":4},{"id":1297743129,"v":3,"lr":66},{"id":1309439820,"v":3},{"id":571336481,"v":15,"lr":82},{"id":573125026,"v":5,"lr":71},{"id":862099538,"v":1,"lr":73},{"id":571509989,"v":11,"lr":68},{"id":1307390992,"v":8,"lr":42},{"id":566261001,"v":5,"lr":80},{"id":1297333740,"v":4},{"id":864107063,"v":18,"lr":61},{"id":862099930,"v":2,"lr":78},{"id":562592191,"v":111},{"id":1297743420,"v":4,"lr":86},{"id":571670111,"v":3,"lr":85},{"id":1302084161,"v":1,"lr":81},{"id":864489248,"v":1,"lr":90},{"id":553813241,"v":140,"lr":79},{"id":1301674248,"v":12,"lr":84},{"id":552590020,"v":4,"lr":95},{"id":514765420,"v":52,"lr":93},{"id":1299683879,"v":5,"lr":89},{"id":1296229445,"v":4},{"id":553814079,"v":4},{"id":1307888598,"v":6,"lr":7},{"id":1301572098,"v":1}],"updateTime":1537377018686,"coverImgId":18740076185638788,"privacy":0,"newImported":false,"specialType":10,"trackUpdateTime":1537409419710,"trackCount":98,"commentThreadId":"A_PL_0_2884035","coverImgUrl":"http://p3.music.126.net/sBzD11nforcuh1jdLSgX7g==/18740076185638788.jpg","playCount":211632464,"highQuality":false,"createTime":1374732325894,"userId":201586,"tags":[],"status":0,"trackNumberUpdateTime":1537377018546,"adType":0,"ordered":true,"description":"云音乐独立原创音乐人作品官方榜单，以推荐优秀原创作品为目的。每周四网易云音乐首发。申请网易音乐人：http://music.163.com/nmusician/","subscribedCount":323428,"cloudTrackCount":0,"name":"网易原创歌曲榜","id":2884035,"shareCount":2099,"coverImgId_str":"18740076185638788","ToplistType":"O","commentCount":7748},"code":200,"privileges":[{"id":1308818167,"fee":8,"payed":0,"st":0,"pl":128000,"dl":0,"sp":7,"cp":1,"subp":1,"cs":false,"maxbr":999000,"fl":128000,"toast":false,"flag":0,"preSell":false},{"id":1308782890,"fee":8,"payed":0,"st":0,"pl":128000,"dl":0,"sp":7,"cp":1,"subp":1,"cs":false,"maxbr":999000,"fl":128000,"toast":false,"flag":128,"preSell":false},{"id":1306496592,"fee":8,"payed":0,"st":0,"pl":128000,"dl":0,"sp":7,"cp":1,"subp":1,"cs":false,"maxbr":999000,"fl":128000,"toast":false,"flag":0,"preSell":false},{"id":1308818704,"fee":8,"payed":0,"st":0,"pl":128000,"dl":0,"sp":7,"cp":1,"subp":1,"cs":false,"maxbr":999000,"fl":128000,"toast":false,"flag":0,"preSell":false},{"id":1306496074,"fee":8,"payed":0,"st":0,"pl":128000,"dl":0,"sp":7,"cp":1,"subp":1,"cs":false,"maxbr":999000,"fl":128000,"toast":false,"flag":128,"preSell":false},{"id":1303027044,"fee":8,"payed":0,"st":0,"pl":128000,"dl":0,"sp":7,"cp":1,"subp":1,"cs":false,"maxbr":999000,"fl":128000,"toast":false,"flag":128,"preSell":false},{"id":1309175483,"fee":0,"payed":0,"st":0,"pl":320000,"dl":320000,"sp":7,"cp":1,"subp":1,"cs":false,"maxbr":999000,"fl":320000,"toast":false,"flag":0,"preSell":false},{"id":1308782384,"fee":8,"payed":0,"st":0,"pl":128000,"dl":0,"sp":7,"cp":1,"subp":1,"cs":false,"maxbr":999000,"fl":128000,"toast":false,"flag":0,"preSell":false},{"id":1310937368,"fee":0,"payed":0,"st":0,"pl":320000,"dl":320000,"sp":7,"cp":1,"subp":1,"cs":false,"maxbr":320000,"fl":320000,"toast":false,"flag":128,"preSell":false},{"id":1307633091,"fee":8,"payed":0,"st":0,"pl":128000,"dl":0,"sp":7,"cp":1,"subp":1,"cs":false,"maxbr":999000,"fl":128000,"toast":false,"flag":128,"preSell":false},{"id":1308782053,"fee":8,"payed":0,"st":0,"pl":128000,"dl":0,"sp":7,"cp":1,"subp":1,"cs":false,"maxbr":999000,"fl":128000,"toast":false,"flag":2,"preSell":false},{"id":1309901038,"fee":0,"payed":0,"st":0,"pl":320000,"dl":320000,"sp":7,"cp":1,"subp":1,"cs":false,"maxbr":999000,"fl":320000,"toast":false,"flag":0,"preSell":false},{"id":1309120729,"fee":0,"payed":0,"st":0,"pl":320000,"dl":320000,"sp":7,"cp":1,"subp":1,"cs":false,"maxbr":999000,"fl":320000,"toast":false,"flag":0,"preSell":false},{"id":1309730928,"fee":0,"payed":0,"st":0,"pl":320000,"dl":320000,"sp":7,"cp":1,"subp":1,"cs":false,"maxbr":999000,"fl":320000,"toast":false,"flag":0,"preSell":false},{"id":1310971373,"fee":0,"payed":0,"st":0,"pl":320000,"dl":320000,"sp":7,"cp":1,"subp":1,"cs":false,"maxbr":999000,"fl":320000,"toast":false,"flag":128,"preSell":false},{"id":1309397439,"fee":8,"payed":0,"st":0,"pl":128000,"dl":0,"sp":7,"cp":1,"subp":1,"cs":false,"maxbr":999000,"fl":128000,"toast":false,"flag":0,"preSell":false},{"id":1309396042,"fee":0,"payed":0,"st":0,"pl":320000,"dl":320000,"sp":7,"cp":1,"subp":1,"cs":false,"maxbr":999000,"fl":320000,"toast":false,"flag":2,"preSell":false},{"id":1309901384,"fee":0,"payed":0,"st":0,"pl":320000,"dl":320000,"sp":7,"cp":1,"subp":1,"cs":false,"maxbr":999000,"fl":320000,"toast":false,"flag":0,"preSell":false},{"id":1306496663,"fee":0,"payed":0,"st":0,"pl":320000,"dl":320000,"sp":7,"cp":1,"subp":1,"cs":false,"maxbr":999000,"fl":320000,"toast":false,"flag":0,"preSell":false},{"id":574566207,"fee":8,"payed":0,"st":0,"pl":128000,"dl":0,"sp":7,"cp":1,"subp":1,"cs":false,"maxbr":999000,"fl":128000,"toast":false,"flag":0,"preSell":false},{"id":569214126,"fee":8,"payed":0,"st":0,"pl":128000,"dl":0,"sp":7,"cp":1,"subp":1,"cs":false,"maxbr":999000,"fl":128000,"toast":false,"flag":0,"preSell":false},{"id":557584888,"fee":8,"payed":0,"st":0,"pl":128000,"dl":0,"sp":7,"cp":1,"subp":1,"cs":false,"maxbr":999000,"fl":128000,"toast":false,"flag":0,"preSell":false},{"id":562594322,"fee":8,"payed":0,"st":0,"pl":128000,"dl":0,"sp":7,"cp":1,"subp":1,"cs":false,"maxbr":999000,"fl":128000,"toast":false,"flag":128,"preSell":false},{"id":571338083,"fee":8,"payed":0,"st":0,"pl":128000,"dl":0,"sp":7,"cp":1,"subp":1,"cs":false,"maxbr":999000,"fl":128000,"toast":false,"flag":0,"preSell":false},{"id":1294899029,"fee":8,"payed":0,"st":0,"pl":128000,"dl":0,"sp":7,"cp":1,"subp":1,"cs":false,"maxbr":999000,"fl":128000,"toast":false,"flag":128,"preSell":false},{"id":1303019637,"fee":8,"payed":0,"st":0,"pl":128000,"dl":0,"sp":7,"cp":1,"subp":1,"cs":false,"maxbr":999000,"fl":128000,"toast":false,"flag":2,"preSell":false},{"id":562598081,"fee":8,"payed":0,"st":0,"pl":128000,"dl":0,"sp":7,"cp":1,"subp":1,"cs":false,"maxbr":999000,"fl":128000,"toast":false,"flag":256,"preSell":false},{"id":1309903374,"fee":0,"payed":0,"st":0,"pl":320000,"dl":320000,"sp":7,"cp":1,"subp":1,"cs":false,"maxbr":999000,"fl":320000,"toast":false,"flag":0,"preSell":false},{"id":862100828,"fee":8,"payed":0,"st":0,"pl":128000,"dl":0,"sp":7,"cp":1,"subp":1,"cs":false,"maxbr":999000,"fl":128000,"toast":false,"flag":128,"preSell":false},{"id":502103677,"fee":8,"payed":0,"st":0,"pl":128000,"dl":0,"sp":7,"cp":1,"subp":1,"cs":false,"maxbr":999000,"fl":128000,"toast":false,"flag":2,"preSell":false},{"id":1304302909,"fee":8,"payed":0,"st":0,"pl":128000,"dl":0,"sp":7,"cp":1,"subp":1,"cs":false,"maxbr":999000,"fl":128000,"toast":false,"flag":0,"preSell":false},{"id":863492743,"fee":0,"payed":0,"st":0,"pl":320000,"dl":320000,"sp":7,"cp":1,"subp":1,"cs":false,"maxbr":999000,"fl":320000,"toast":false,"flag":0,"preSell":false},{"id":1306496744,"fee":8,"payed":0,"st":0,"pl":128000,"dl":0,"sp":7,"cp":1,"subp":1,"cs":false,"maxbr":999000,"fl":128000,"toast":false,"flag":0,"preSell":false},{"id":862099184,"fee":0,"payed":0,"st":0,"pl":320000,"dl":320000,"sp":7,"cp":1,"subp":1,"cs":false,"maxbr":999000,"fl":320000,"toast":false,"flag":128,"preSell":false},{"id":1296645941,"fee":0,"payed":0,"st":0,"pl":320000,"dl":320000,"sp":7,"cp":1,"subp":1,"cs":false,"maxbr":999000,"fl":320000,"toast":false,"flag":128,"preSell":false},{"id":554244265,"fee":0,"payed":0,"st":0,"pl":320000,"dl":320000,"sp":7,"cp":1,"subp":1,"cs":false,"maxbr":999000,"fl":320000,"toast":false,"flag":128,"preSell":false},{"id":1307411242,"fee":0,"payed":0,"st":0,"pl":320000,"dl":320000,"sp":7,"cp":1,"subp":1,"cs":false,"maxbr":999000,"fl":320000,"toast":false,"flag":128,"preSell":false},{"id":1297750680,"fee":8,"payed":0,"st":0,"pl":128000,"dl":0,"sp":7,"cp":1,"subp":1,"cs":false,"maxbr":999000,"fl":128000,"toast":false,"flag":2,"preSell":false},{"id":572819430,"fee":8,"payed":0,"st":0,"pl":128000,"dl":0,"sp":7,"cp":1,"subp":1,"cs":false,"maxbr":999000,"fl":128000,"toast":false,"flag":0,"preSell":false},{"id":1297750769,"fee":8,"payed":0,"st":0,"pl":128000,"dl":0,"sp":7,"cp":1,"subp":1,"cs":false,"maxbr":999000,"fl":128000,"toast":false,"flag":130,"preSell":false},{"id":571601379,"fee":8,"payed":0,"st":0,"pl":128000,"dl":0,"sp":7,"cp":1,"subp":1,"cs":false,"maxbr":999000,"fl":128000,"toast":false,"flag":0,"preSell":false},{"id":1310137371,"fee":0,"payed":0,"st":0,"pl":320000,"dl":320000,"sp":7,"cp":1,"subp":1,"cs":false,"maxbr":999000,"fl":320000,"toast":false,"flag":0,"preSell":false},{"id":569213220,"fee":4,"payed":0,"st":0,"pl":0,"dl":0,"sp":0,"cp":0,"subp":0,"cs":false,"maxbr":999000,"fl":0,"toast":false,"flag":0,"preSell":false},{"id":1297743638,"fee":0,"payed":0,"st":0,"pl":320000,"dl":320000,"sp":7,"cp":1,"subp":1,"cs":false,"maxbr":999000,"fl":320000,"toast":false,"flag":0,"preSell":false},{"id":1304920086,"fee":8,"payed":0,"st":0,"pl":128000,"dl":0,"sp":7,"cp":1,"subp":1,"cs":false,"maxbr":999000,"fl":128000,"toast":false,"flag":0,"preSell":false},{"id":1295824647,"fee":0,"payed":0,"st":0,"pl":320000,"dl":320000,"sp":7,"cp":1,"subp":1,"cs":false,"maxbr":999000,"fl":320000,"toast":false,"flag":128,"preSell":false},{"id":1308778438,"fee":8,"payed":0,"st":0,"pl":128000,"dl":0,"sp":7,"cp":1,"subp":1,"cs":false,"maxbr":999000,"fl":128000,"toast":false,"flag":0,"preSell":false},{"id":503047809,"fee":8,"payed":0,"st":0,"pl":128000,"dl":0,"sp":7,"cp":1,"subp":1,"cs":false,"maxbr":999000,"fl":128000,"toast":false,"flag":2,"preSell":false},{"id":1309703749,"fee":0,"payed":0,"st":0,"pl":320000,"dl":320000,"sp":7,"cp":1,"subp":1,"cs":false,"maxbr":999000,"fl":320000,"toast":false,"flag":128,"preSell":false},{"id":1302091491,"fee":8,"payed":0,"st":0,"pl":128000,"dl":0,"sp":7,"cp":1,"subp":1,"cs":false,"maxbr":999000,"fl":128000,"toast":false,"flag":128,"preSell":false},{"id":1308818622,"fee":0,"payed":0,"st":0,"pl":320000,"dl":320000,"sp":7,"cp":1,"subp":1,"cs":false,"maxbr":320000,"fl":320000,"toast":false,"flag":128,"preSell":false},{"id":1306731693,"fee":0,"payed":0,"st":0,"pl":320000,"dl":320000,"sp":7,"cp":1,"subp":1,"cs":false,"maxbr":320000,"fl":320000,"toast":false,"flag":128,"preSell":false},{"id":1309910072,"fee":0,"payed":0,"st":0,"pl":320000,"dl":320000,"sp":7,"cp":1,"subp":1,"cs":false,"maxbr":999000,"fl":320000,"toast":false,"flag":0,"preSell":false},{"id":553815247,"fee":8,"payed":0,"st":0,"pl":128000,"dl":0,"sp":7,"cp":1,"subp":1,"cs":false,"maxbr":999000,"fl":128000,"toast":false,"flag":0,"preSell":false},{"id":1299570329,"fee":8,"payed":0,"st":0,"pl":128000,"dl":0,"sp":7,"cp":1,"subp":1,"cs":false,"maxbr":999000,"fl":128000,"toast":false,"flag":2,"preSell":false},{"id":571340696,"fee":8,"payed":0,"st":0,"pl":128000,"dl":0,"sp":7,"cp":1,"subp":1,"cs":false,"maxbr":999000,"fl":128000,"toast":false,"flag":0,"preSell":false},{"id":1308631043,"fee":0,"payed":0,"st":0,"pl":320000,"dl":320000,"sp":7,"cp":1,"subp":1,"cs":false,"maxbr":999000,"fl":320000,"toast":false,"flag":128,"preSell":false},{"id":1309232803,"fee":0,"payed":0,"st":0,"pl":320000,"dl":320000,"sp":7,"cp":1,"subp":1,"cs":false,"maxbr":999000,"fl":320000,"toast":false,"flag":128,"preSell":false},{"id":863489909,"fee":0,"payed":0,"st":0,"pl":320000,"dl":0,"sp":7,"cp":1,"subp":1,"cs":false,"maxbr":999000,"fl":320000,"toast":false,"flag":32,"preSell":false},{"id":1305367901,"fee":8,"payed":0,"st":0,"pl":128000,"dl":0,"sp":7,"cp":1,"subp":1,"cs":false,"maxbr":999000,"fl":128000,"toast":false,"flag":128,"preSell":false},{"id":1296550461,"fee":0,"payed":0,"st":0,"pl":320000,"dl":320000,"sp":7,"cp":1,"subp":1,"cs":false,"maxbr":999000,"fl":320000,"toast":false,"flag":128,"preSell":false},{"id":1302090385,"fee":8,"payed":0,"st":0,"pl":128000,"dl":0,"sp":7,"cp":1,"subp":1,"cs":false,"maxbr":999000,"fl":128000,"toast":false,"flag":128,"preSell":false},{"id":1309901040,"fee":4,"payed":0,"st":0,"pl":0,"dl":0,"sp":0,"cp":0,"subp":0,"cs":false,"maxbr":999000,"fl":0,"toast":false,"flag":0,"preSell":false},{"id":862099159,"fee":8,"payed":0,"st":0,"pl":128000,"dl":0,"sp":7,"cp":1,"subp":1,"cs":false,"maxbr":999000,"fl":128000,"toast":false,"flag":2,"preSell":false},{"id":1299424231,"fee":8,"payed":0,"st":0,"pl":128000,"dl":0,"sp":7,"cp":1,"subp":1,"cs":false,"maxbr":999000,"fl":128000,"toast":false,"flag":128,"preSell":false},{"id":546722653,"fee":0,"payed":0,"st":0,"pl":320000,"dl":320000,"sp":7,"cp":1,"subp":1,"cs":false,"maxbr":999000,"fl":320000,"toast":false,"flag":0,"preSell":false},{"id":564879697,"fee":0,"payed":0,"st":0,"pl":320000,"dl":320000,"sp":7,"cp":1,"subp":1,"cs":false,"maxbr":999000,"fl":320000,"toast":false,"flag":128,"preSell":false},{"id":866018207,"fee":8,"payed":0,"st":0,"pl":128000,"dl":0,"sp":7,"cp":1,"subp":1,"cs":false,"maxbr":999000,"fl":128000,"toast":false,"flag":2,"preSell":false},{"id":570334125,"fee":8,"payed":0,"st":0,"pl":128000,"dl":0,"sp":7,"cp":1,"subp":1,"cs":false,"maxbr":999000,"fl":128000,"toast":false,"flag":2,"preSell":false},{"id":542667160,"fee":8,"payed":0,"st":0,"pl":128000,"dl":0,"sp":7,"cp":1,"subp":1,"cs":false,"maxbr":999000,"fl":128000,"toast":false,"flag":128,"preSell":false},{"id":1298655068,"fee":0,"payed":0,"st":0,"pl":320000,"dl":320000,"sp":7,"cp":1,"subp":1,"cs":false,"maxbr":999000,"fl":320000,"toast":false,"flag":128,"preSell":false},{"id":571545218,"fee":0,"payed":0,"st":0,"pl":320000,"dl":320000,"sp":7,"cp":1,"subp":1,"cs":false,"maxbr":999000,"fl":320000,"toast":false,"flag":128,"preSell":false},{"id":1305366176,"fee":8,"payed":0,"st":0,"pl":128000,"dl":0,"sp":7,"cp":1,"subp":1,"cs":false,"maxbr":999000,"fl":128000,"toast":false,"flag":0,"preSell":false},{"id":1297743129,"fee":0,"payed":0,"st":0,"pl":320000,"dl":320000,"sp":7,"cp":1,"subp":1,"cs":false,"maxbr":999000,"fl":320000,"toast":false,"flag":128,"preSell":false},{"id":1309439820,"fee":0,"payed":0,"st":0,"pl":320000,"dl":320000,"sp":7,"cp":1,"subp":1,"cs":false,"maxbr":999000,"fl":320000,"toast":false,"flag":0,"preSell":false},{"id":571336481,"fee":8,"payed":0,"st":0,"pl":128000,"dl":0,"sp":7,"cp":1,"subp":1,"cs":false,"maxbr":999000,"fl":128000,"toast":false,"flag":130,"preSell":false},{"id":573125026,"fee":8,"payed":0,"st":0,"pl":128000,"dl":0,"sp":7,"cp":1,"subp":1,"cs":false,"maxbr":999000,"fl":128000,"toast":false,"flag":0,"preSell":false},{"id":862099538,"fee":0,"payed":0,"st":0,"pl":320000,"dl":320000,"sp":7,"cp":1,"subp":1,"cs":false,"maxbr":999000,"fl":320000,"toast":false,"flag":128,"preSell":false},{"id":571509989,"fee":0,"payed":0,"st":0,"pl":320000,"dl":320000,"sp":7,"cp":1,"subp":1,"cs":false,"maxbr":999000,"fl":320000,"toast":false,"flag":128,"preSell":false},{"id":1307390992,"fee":0,"payed":0,"st":0,"pl":320000,"dl":320000,"sp":7,"cp":1,"subp":1,"cs":false,"maxbr":320000,"fl":320000,"toast":false,"flag":128,"preSell":false},{"id":566261001,"fee":0,"payed":0,"st":0,"pl":320000,"dl":320000,"sp":7,"cp":1,"subp":1,"cs":false,"maxbr":999000,"fl":320000,"toast":false,"flag":128,"preSell":false},{"id":1297333740,"fee":0,"payed":0,"st":0,"pl":320000,"dl":320000,"sp":7,"cp":1,"subp":1,"cs":false,"maxbr":320000,"fl":320000,"toast":false,"flag":128,"preSell":false},{"id":864107063,"fee":0,"payed":0,"st":0,"pl":320000,"dl":320000,"sp":7,"cp":1,"subp":1,"cs":false,"maxbr":999000,"fl":320000,"toast":false,"flag":128,"preSell":false},{"id":862099930,"fee":8,"payed":0,"st":0,"pl":128000,"dl":0,"sp":7,"cp":1,"subp":1,"cs":false,"maxbr":999000,"fl":128000,"toast":false,"flag":0,"preSell":false},{"id":562592191,"fee":0,"payed":0,"st":0,"pl":320000,"dl":320000,"sp":7,"cp":1,"subp":1,"cs":false,"maxbr":999000,"fl":320000,"toast":false,"flag":0,"preSell":false},{"id":1297743420,"fee":8,"payed":0,"st":0,"pl":128000,"dl":0,"sp":7,"cp":1,"subp":1,"cs":false,"maxbr":999000,"fl":128000,"toast":false,"flag":2,"preSell":false},{"id":571670111,"fee":0,"payed":0,"st":0,"pl":320000,"dl":320000,"sp":7,"cp":1,"subp":1,"cs":false,"maxbr":320000,"fl":320000,"toast":false,"flag":0,"preSell":false},{"id":1302084161,"fee":0,"payed":0,"st":0,"pl":320000,"dl":320000,"sp":7,"cp":1,"subp":1,"cs":false,"maxbr":999000,"fl":320000,"toast":false,"flag":128,"preSell":false},{"id":864489248,"fee":0,"payed":0,"st":0,"pl":320000,"dl":320000,"sp":7,"cp":1,"subp":1,"cs":false,"maxbr":999000,"fl":320000,"toast":false,"flag":128,"preSell":false},{"id":553813241,"fee":8,"payed":0,"st":0,"pl":128000,"dl":0,"sp":7,"cp":1,"subp":1,"cs":false,"maxbr":999000,"fl":128000,"toast":false,"flag":0,"preSell":false},{"id":1301674248,"fee":0,"payed":0,"st":0,"pl":320000,"dl":320000,"sp":7,"cp":1,"subp":1,"cs":false,"maxbr":999000,"fl":320000,"toast":false,"flag":0,"preSell":false},{"id":552590020,"fee":0,"payed":0,"st":0,"pl":320000,"dl":320000,"sp":7,"cp":1,"subp":1,"cs":false,"maxbr":999000,"fl":320000,"toast":false,"flag":0,"preSell":false},{"id":514765420,"fee":8,"payed":0,"st":0,"pl":128000,"dl":0,"sp":7,"cp":1,"subp":1,"cs":false,"maxbr":999000,"fl":128000,"toast":false,"flag":128,"preSell":false},{"id":1299683879,"fee":0,"payed":0,"st":0,"pl":320000,"dl":320000,"sp":7,"cp":1,"subp":1,"cs":false,"maxbr":320000,"fl":320000,"toast":false,"flag":130,"preSell":false},{"id":1296229445,"fee":0,"payed":0,"st":0,"pl":320000,"dl":320000,"sp":7,"cp":1,"subp":1,"cs":false,"maxbr":320000,"fl":320000,"toast":false,"flag":128,"preSell":false},{"id":553814079,"fee":0,"payed":0,"st":0,"pl":320000,"dl":320000,"sp":7,"cp":1,"subp":1,"cs":false,"maxbr":999000,"fl":320000,"toast":false,"flag":128,"preSell":false},{"id":1307888598,"fee":0,"payed":0,"st":0,"pl":320000,"dl":320000,"sp":7,"cp":1,"subp":1,"cs":false,"maxbr":999000,"fl":320000,"toast":false,"flag":0,"preSell":false},{"id":1301572098,"fee":0,"payed":0,"st":0,"pl":320000,"dl":320000,"sp":7,"cp":1,"subp":1,"cs":false,"maxbr":999000,"fl":320000,"toast":false,"flag":0,"preSell":false}]}