{"playlist":{"subscribers":[],"subscribed":false,"creator":{"defaultAvatar":false,"province":110000,"authStatus":0,"followed":false,"avatarUrl":"http://p1.music.126.net/d8faOLHxwWPta02fskrdDQ==/2057186255569164.jpg","accountStatus":0,"gender":2,"city":110101,"birthday":-2209017600000,"userId":48188,"userType":0,"nickname":"中国TOP排行榜","signature":"中国TOP排行榜是由MusicRadio音乐之声依据时下最热门的流行单曲形成的权威音乐榜单。","description":"","detailDescription":"","avatarImgId":2057186255569164,"backgroundImgId":2002210674180201,"backgroundUrl":"http://p1.music.126.net/o3G7lWrGBQAvSRt3UuApTw==/2002210674180201.jpg","authority":0,"mutual":false,"expertTags":null,"experts":null,"djStatus":0,"vipType":0,"remarkName":null,"avatarImgIdStr":"2057186255569164","backgroundImgIdStr":"2002210674180201"},"tracks":[{"name":"双影","id":1302938992,"pst":0,"t":0,"ar":[{"id":10559,"name":"张惠妹","tns":[],"alias":[]},{"id":8336,"name":"林忆莲","tns":[],"alias":[]}],"alia":["电视剧《如懿传》主题曲"],"pop":100.0,"st":0,"rt":null,"fee":8,"v":13,"crbt":null,"cf":"","al":{"id":72375004,"name":"双影","picUrl":"http://p1.music.126.net/a3PkSls4bI1lPgsTrlgrbg==/109951163470081248.jpg","tns":[],"pic_str":"109951163470081248","pic":109951163470081248},"dt":276506,"h":{"br":320000,"fid":0,"size":11061333,"vd":-1.0},"m":{"br":192000,"fid":0,"size":6636817,"vd":0.0},"l":{"br":128000,"fid":0,"size":4424559,"vd":0.0},"a":null,"cd":"1","no":1,"rtUrl":null,"ftype":0,"rtUrls":[],"djId":0,"copyright":1,"s_id":0,"mst":9,"cp":7003,"mv":10763025,"rtype":0,"rurl":null,"publishTime":1534694400007},{"name":"Moonlight","id":1298986140,"pst":0,"t":0,"ar":[{"id":4723,"name":"潘玮柏","tns":[],"alias":[]},{"id":10473,"name":"袁娅维","tns":[],"alias":[]}],"alia":[],"pop":100.0,"st":0,"rt":null,"fee":8,"v":5,"crbt":null,"cf":"","al":{"id":72143757,"name":"Moonlight","picUrl":"http://p1.music.126.net/6AOwK4JoQh_EBX7xJzgp_A==/109951163448314102.jpg","tns":[],"pic_str":"109951163448314102","pic":109951163448314102},"dt":192261,"h":{"br":320000,"fid":0,"size":7691538,"vd":-2.0},"m":{"br":192000,"fid":0,"size":4614940,"vd":-2.0},"l":{"br":128000,"fid":0,"size":3076641,"vd":-2.0},"a":null,"cd":"1","no":1,"rtUrl":null,"ftype":0,"rtUrls":[],"djId":0,"copyright":1,"s_id":0,"mst":9,"cp":7002,"mv":10780251,"rtype":0,"rurl":null,"publishTime":1533571200007},{"name":"自己的房间","id":1302090508,"pst":0,"t":0,"ar":[{"id":9548,"name":"田馥甄","tns":[],"alias":[]}],"alia":[],"pop":100.0,"st":0,"rt":null,"fee":4,"v":3,"crbt":null,"cf":"","al":{"id":72302969,"name":"自己的房间","picUrl":"http://p1.music.126.net/HpQ_aGHvOEep3UXMrneJEA==/109951163469709825.jpg","tns":[],"pic_str":"109951163469709825","pic":109951163469709825},"dt":251620,"h":{"br":320000,"fid":0,"size":10067636,"vd":0.0},"m":{"br":192000,"fid":0,"size":6040599,"vd":0.0},"l":{"br":128000,"fid":0,"size":4027080,"vd":0.0},"a":null,"cd":"","no":0,"rtUrl":null,"ftype":0,"rtUrls":[],"djId":0,"copyright":0,"s_id":0,"mst":9,"cp":677020,"mv":10763018,"rtype":0,"rurl":null,"publishTime":1534694400007},{"name":"你要的爱 (深夜版)","id":863489040,"pst":0,"t":0,"ar":[{"id":7535,"name":"戴佩妮","tns":[],"alias":[]}],"alia":["电视剧《流星花园》插曲"],"pop":100.0,"st":0,"rt":null,"fee":8,"v":11,"crbt":null,"cf":"","al":{"id":71614358,"name":"流星花园 电视原声带","picUrl":"http://p1.music.126.net/s3NQwlWsY9atdRmc7KbOFA==/109951163416502248.jpg","tns":[],"pic_str":"109951163416502248","pic":109951163416502248},"dt":261164,"h":{"br":320000,"fid":0,"size":10449023,"vd":0.0},"m":{"br":192000,"fid":0,"size":6269431,"vd":0.0},"l":{"br":128000,"fid":0,"size":4179635,"vd":0.0},"a":null,"cd":"1","no":1,"rtUrl":null,"ftype":0,"rtUrls":[],"djId":0,"copyright":2,"s_id":0,"mst":9,"cp":22001,"mv":10729206,"rtype":0,"rurl":null,"publishTime":1530547200007},{"name":"倒数","id":1299550532,"pst":0,"t":0,"ar":[{"id":7763,"name":"G.E.M.邓紫棋","tns":[],"alias":[]}],"alia":[],"pop":100.0,"st":0,"rt":null,"fee":8,"v":13,"crbt":null,"cf":"","al":{"id":72709830,"name":"另一个童话","picUrl":"http://p1.music.126.net/tXCIFsVDK6IKcQ9YWxwOEg==/109951163523944497.jpg","tns":[],"pic_str":"109951163523944497","pic":109951163523944497},"dt":229333,"h":{"br":320000,"fid":0,"size":9176338,"vd":-1.0},"m":{"br":192000,"fid":0,"size":5505820,"vd":-1.0},"l":{"br":128000,"fid":0,"size":3670561,"vd":-1.0},"a":null,"cd":"","no":1,"rtUrl":null,"ftype":0,"rtUrls":[],"djId":0,"copyright":0,"s_id":0,"mst":9,"cp":27001,"mv":5965351,"rtype":0,"rurl":null,"publishTime":1533830400007},{"name":"晒伤","id":1300719576,"pst":0,"t":0,"ar":[{"id":9609,"name":"魏如萱","tns":[],"alias":[]}],"alia":[],"pop":100.0,"st":0,"rt":null,"fee":8,"v":3,"crbt":null,"cf":"","al":{"id":72250088,"name":"晒伤","picUrl":"http://p1.music.126.net/IXHA7sX6_YpWRmW0MqzKpw==/109951163452072005.jpg","tns":[],"pic_str":"109951163452072005","pic":109951163452072005},"dt":231575,"h":{"br":320000,"fid":0,"size":9263064,"vd":0.0},"m":{"br":192000,"fid":0,"size":5557856,"vd":0.0},"l":{"br":128000,"fid":0,"size":3705252,"vd":0.0},"a":null,"cd":"1","no":1,"rtUrl":null,"ftype":0,"rtUrls":[],"djId":0,"copyright":1,"s_id":0,"mst":9,"cp":7001,"mv":0,"rtype":0,"rurl":null,"publishTime":1534089600007},{"name":"被遗忘的时光","id":864647850,"pst":0,"t":0,"ar":[{"id":10569,"name":"周蕙","tns":[],"alias":[]}],"alia":[],"pop":100.0,"st":0,"rt":null,"fee":8,"v":5,"crbt":null,"cf":"","al":{"id":71856717,"name":"不被遗忘的时光","picUrl":"http://p1.music.126.net/pQDMfscap8ITEkidkynNwA==/109951163412770308.jpg","tns":[],"pic_str":"109951163412770308","pic":109951163412770308},"dt":253798,"h":{"br":320000,"fid":0,"size":10154362,"vd":0.0},"m":{"br":192000,"fid":0,"size":6092635,"vd":0.0},"l":{"br":128000,"fid":0,"size":4061771,"vd":0.0},"a":null,"cd":"","no":10,"rtUrl":null,"ftype":0,"rtUrls":[],"djId":0,"copyright":0,"s_id":0,"mst":9,"cp":677020,"mv":5961338,"rtype":0,"rurl":null,"publishTime":1531411200007,"tns":["A Beautiful Lost Time"]},{"name":"月弯弯","id":1303300372,"pst":0,"t":0,"ar":[{"id":7439,"name":"陈洁仪","tns":[],"alias":[]}],"alia":[],"pop":95.0,"st":0,"rt":null,"fee":8,"v":3,"crbt":null,"cf":"","al":{"id":72402550,"name":"月弯弯","picUrl":"http://p1.music.126.net/-CpjkrVTFH5QYeHcseWJyQ==/109951163473461765.jpg","tns":[],"pic_str":"109951163473461765","pic":109951163473461765},"dt":290537,"h":{"br":320000,"fid":0,"size":11624533,"vd":0.0},"m":{"br":192000,"fid":0,"size":6974737,"vd":0.0},"l":{"br":128000,"fid":0,"size":4649839,"vd":0.0},"a":null,"cd":"1","no":1,"rtUrl":null,"ftype":0,"rtUrls":[],"djId":0,"copyright":1,"s_id":0,"mst":9,"cp":22036,"mv":5966633,"rtype":0,"rurl":null,"publishTime":1534867200007},{"name":"Be With You","id":550169508,"pst":0,"t":0,"ar":[{"id":7235,"name":"陈慧琳","tns":[],"alias":[]}],"alia":[],"pop":90.0,"st":0,"rt":null,"fee":8,"v":25,"crbt":null,"cf":"","al":{"id":71882911,"name":"Watch Me","picUrl":"http://p1.music.126.net/-se0VrJw_wIKgBnRanUOJw==/109951163416926676.jpg","tns":[],"pic_str":"109951163416926676","pic":109951163416926676},"dt":218409,"h":{"br":320000,"fid":0,"size":8737480,"vd":-2.0},"m":{"br":192000,"fid":0,"size":5242506,"vd":-2.0},"l":{"br":128000,"fid":0,"size":3495018,"vd":-2.0},"a":null,"cd":"1","no":3,"rtUrl":null,"ftype":0,"rtUrls":[],"djId":0,"copyright":1,"s_id":0,"mst":9,"cp":7003,"mv":5876096,"rtype":0,"rurl":null,"publishTime":1532044800000},{"name":"火焰小溪","id":1297750771,"pst":0,"t":0,"ar":[{"id":3685,"name":"林宥嘉","tns":[],"alias":[]}],"alia":["\"声音，你好\"公益活动主题曲"],"pop":100.0,"st":0,"rt":null,"fee":4,"v":3,"crbt":null,"cf":"","al":{"id":72071867,"name":"火焰小溪","picUrl":"http://p1.music.126.net/HeSyftZftDogVH1VkFqN1A==/109951163440625910.jpg","tns":[],"pic_str":"109951163440625910","pic":109951163440625910},"dt":274997,"h":{"br":320000,"fid":0,"size":11002819,"vd":-2.0},"m":{"br":192000,"fid":0,"size":6601709,"vd":-2.0},"l":{"br":128000,"fid":0,"size":4401154,"vd":-1.0},"a":null,"cd":"","no":1,"rtUrl":null,"ftype":0,"rtUrls":[],"djId":0,"copyright":0,"s_id":0,"mst":9,"cp":677020,"mv":5965315,"rtype":0,"rurl":null,"publishTime":1533398400007},{"name":"最好的朋友在身边","id":1300681790,"pst":0,"t":0,"ar":[{"id":7063,"name":"A-Lin","tns":[],"alias":[]}],"alia":[],"pop":100.0,"st":0,"rt":null,"fee":8,"v":4,"crbt":null,"cf":"","al":{"id":72248899,"name":"最好的朋友在身边","picUrl":"http://p1.music.126.net/lKUh03L5yhsOSCjTGYHDIQ==/109951163506232314.jpg","tns":[],"pic_str":"109951163506232314","pic":109951163506232314},"dt":160358,"h":{"br":320000,"fid":0,"size":6416762,"vd":-1.0},"m":{"br":192000,"fid":0,"size":3850075,"vd":-1.0},"l":{"br":128000,"fid":0,"size":2566731,"vd":0.0},"a":null,"cd":"1","no":1,"rtUrl":null,"ftype":0,"rtUrls":[],"djId":0,"copyright":1,"s_id":0,"mst":9,"cp":22036,"mv":0,"rtype":0,"rurl":null,"publishTime":1533916800007},{"name":"万王归来","id":1306386464,"pst":0,"t":0,"ar":[{"id":5769,"name":"信","tns":[],"alias":[]}],"alia":[],"pop":90.0,"st":0,"rt":null,"fee":8,"v":6,"crbt":null,"cf":"","al":{"id":72786646,"name":"万王归来","picUrl":"http://p1.music.126.net/3oLGms8CliIwSmXnjh6h3w==/109951163525913947.jpg","tns":[],"pic_str":"109951163525913947","pic":109951163525913947},"dt":326972,"h":{"br":320000,"fid":0,"size":13081121,"vd":-5.0},"m":{"br":192000,"fid":0,"size":7848690,"vd":-5.0},"l":{"br":128000,"fid":0,"size":5232475,"vd":-4.0},"a":null,"cd":"1","no":1,"rtUrl":null,"ftype":0,"rtUrls":[],"djId":0,"copyright":1,"s_id":0,"mst":9,"cp":22036,"mv":0,"rtype":0,"rurl":null,"publishTime":1535644800007}],"trackIds":[{"id":1302938992,"v":13,"lr":0},{"id":1298986140,"v":5,"lr":1},{"id":1302090508,"v":3,"lr":5},{"id":863489040,"v":11},{"id":1299550532,"v":13},{"id":1300719576,"v":3,"lr":8},{"id":864647850,"v":5,"lr":2},{"id":1303300372,"v":3},{"id":550169508,"v":25,"lr":9},{"id":1297750771,"v":3,"lr":3},{"id":1300681790,"v":4,"lr":6},{"id":1306386464,"v":6,"lr":12}],"subscribedCount":80178,"cloudTrackCount":0,"status":0,"adType":0,"trackNumberUpdateTime":1537155473666,"description":"中国TOP排行榜分成内地榜及港台榜，每周一更新。","ordered":true,"tags":["流行"],"trackUpdateTime":1537155473801,"trackCount":12,"highQuality":false,"specialType":10,"createTime":1359697325722,"coverImgUrl":"http://p4.music.126.net/JPh-zekmt0sW2Z3TZMsGzA==/18967675090783713.jpg","playCount":24739746,"userId":48188,"coverImgId":18967675090783713,"updateTime":1537155473739,"commentThreadId":"A_PL_0_112504","privacy":0,"newImported":false,"name":"中国TOP排行榜（港台榜）","id":112504,"shareCount":195,"coverImgId_str":"18967675090783713","commentCount":995},"code":200,"privileges":[{"id":1302938992,"fee":8,"payed":0,"st":0,"pl":128000,"dl":0,"sp":7,"cp":1,"subp":1,"cs":false,"maxbr":320000,"fl":128000,"toast":false,"flag":4,"preSell":false},{"id":1298986140,"fee":8,"payed":0,"st":0,"pl":128000,"dl":0,"sp":7,"cp":1,"subp":1,"cs":false,"maxbr":320000,"fl":128000,"toast":false,"flag":4,"preSell":false},{"id":1302090508,"fee":4,"payed":0,"st":0,"pl":0,"dl":0,"sp":0,"cp":0,"subp":0,"cs":false,"maxbr":999000,"fl":0,"toast":false,"flag":0,"preSell":false},{"id":863489040,"fee":8,"payed":0,"st":0,"pl":128000,"dl":0,"sp":7,"cp":1,"subp":1,"cs":false,"maxbr":999000,"fl":128000,"toast":false,"flag":128,"preSell":false},{"id":1299550532,"fee":8,"payed":0,"st":0,"pl":128000,"dl":0,"sp":7,"cp":1,"subp":1,"cs":false,"maxbr":999000,"fl":128000,"toast":false,"flag":0,"preSell":false},{"id":1300719576,"fee":8,"payed":0,"st":0,"pl":128000,"dl":0,"sp":7,"cp":1,"subp":1,"cs":false,"maxbr":320000,"fl":128000,"toast":false,"flag":260,"preSell":false},{"id":864647850,"fee":8,"payed":0,"st":0,"pl":128000,"dl":0,"sp":7,"cp":1,"subp":1,"cs":false,"maxbr":999000,"fl":128000,"toast":false,"flag":0,"preSell":false},{"id":1303300372,"fee":8,"payed":0,"st":0,"pl":128000,"dl":0,"sp":7,"cp":1,"subp":1,"cs":false,"maxbr":999000,"fl":128000,"toast":false,"flag":256,"preSell":false},{"id":550169508,"fee":8,"payed":0,"st":0,"pl":128000,"dl":0,"sp":7,"cp":1,"subp":1,"cs":false,"maxbr":320000,"fl":128000,"toast":false,"flag":4,"preSell":false},{"id":1297750771,"fee":4,"payed":0,"st":0,"pl":0,"dl":0,"sp":0,"cp":0,"subp":0,"cs":false,"maxbr":999000,"fl":0,"toast":false,"flag":0,"preSell":false},{"id":1300681790,"fee":8,"payed":0,"st":0,"pl":128000,"dl":0,"sp":7,"cp":1,"subp":1,"cs":false,"maxbr":999000,"fl":128000,"toast":false,"flag":256,"preSell":false},{"id":1306386464,"fee":8,"payed":0,"st":0,"pl":128000,"dl":0,"sp":7,"cp":1,"subp":1,"cs":false,"maxbr":999000,"fl":128000,"toast":false,"flag":256,"preSell":false}]}